// Auto-generated from finagotchi_logo.png
// Do not edit by hand. Run: python3 convert_logo.py

#pragma once
#include <stdint.h>

const uint16_t FINAGOTCHI_LOGO_WIDTH = 236;
const uint16_t FINAGOTCHI_LOGO_HEIGHT = 53;
const uint16_t finagotchi_logo[12508] PROGMEM = {
  0x0083, 0x0083, 0x0083, 0x0083, 0x0083, 0x0083, 0x0083, 0x0083, 0x0083, 0x0083, 0x0083, 0x0083,
  0x0083, 0x0083, 0x0083, 0x0083, 0x0083, 0x0083, 0x0083, 0x0083, 0x0083, 0x0083, 0x0083, 0x0083,
  0x0083, 0x0083, 0x0083, 0x0083, 0x0083, 0x0083, 0x0083, 0x0083, 0x0083, 0x0083, 0x0083, 0x0083,
  0x0083, 0x0083, 0x0083, 0x0083, 0x0083, 0x0083, 0x0083, 0x0083, 0x0083, 0x0083, 0x0083, 0x0083,
  0x0083, 0x0083, 0x0083, 0x0083, 0x0083, 0x0083, 0x0083, 0x0083, 0x0083, 0x0083, 0x0083, 0x0083,
  0x0083, 0x0083, 0x0083, 0x0083, 0x0083, 0x0083, 0x0083, 0x0083, 0x0083, 0x0083, 0x0083, 0x0083,
  0x0083, 0x0083, 0x0083, 0x0083, 0x0083, 0x0083, 0x0083, 0x0083, 0x0083, 0x0083, 0x0083, 0x0083,
  0x0083, 0x0083, 0x0083, 0x0083, 0x0083, 0x0083, 0x0083, 0x0083, 0x0083, 0x0083, 0x0083, 0x0083,
  0x0083, 0x0083, 0x0083, 0x0083, 0x0083, 0x0083, 0x0083, 0x0083, 0x0083, 0x0083, 0x0083, 0x0083,
  0x0083, 0x0083, 0x0083, 0x0083, 0x0083, 0x0083, 0x0083, 0x0083, 0x0083, 0x0083, 0x0083, 0x0083,
  0x0083, 0x0083, 0x0083, 0x0083, 0x0083, 0x0083, 0x0083, 0x0083, 0x0083, 0x0083, 0x0083, 0x0083,
  0x0083, 0x0083, 0x0083, 0x0083, 0x0083, 0x0083, 0x0083, 0x0083, 0x0083, 0x0083, 0x0083, 0x0083,
  0x0083, 0x0083, 0x0083, 0x0083, 0x0083, 0x0083, 0x0083, 0x0083, 0x0083, 0x0083, 0x0083, 0x0083,
  0x0083, 0x0083, 0x0083, 0x0083, 0x0083, 0x0083, 0x0083, 0x0083, 0x0083, 0x0083, 0x0083, 0x0083,
  0x0083, 0x0083, 0x0083, 0x0083, 0x0083, 0x0083, 0x0083, 0x0083, 0x0083, 0x0083, 0x0083, 0x0083,
  0x0083, 0x0083, 0x0083, 0x0083, 0x0083, 0x0083, 0x0083, 0x0083, 0x0083, 0x0083, 0x0083, 0x0083,
  0x0083, 0x0083, 0x0083, 0x0083, 0x0083, 0x0083, 0x0083, 0x0083, 0x0083, 0x0083, 0x0083, 0x0083,
  0x0083, 0x0083, 0x0083, 0x0083, 0x0083, 0x0083, 0x0083, 0x0083, 0x0083, 0x0083, 0x0083, 0x0083,
  0x0083, 0x0083, 0x0083, 0x0083, 0x0083, 0x0083, 0x0083, 0x0083, 0x0083, 0x0083, 0x0083, 0x0083,
  0x0083, 0x0083, 0x0083, 0x0083, 0x0083, 0x0083, 0x0083, 0x0083, 0x0083, 0x0083, 0x0083, 0x0083,
  0x0083, 0x0083, 0x0083, 0x0083, 0x0083, 0x0083, 0x0083, 0x0083, 0x0083, 0x0083, 0x0083, 0x0083,
  0x0083, 0x0083, 0x0083, 0x0083, 0x0083, 0x0083, 0x0083, 0x0083, 0x0083, 0x0083, 0x0083, 0x0083,
  0x0083, 0x0083, 0x0083, 0x0083, 0x0083, 0x0083, 0x0083, 0x0083, 0x0083, 0x0083, 0x0083, 0x0083,
  0x0083, 0x0083, 0x0083, 0x0083, 0x0083, 0x0083, 0x0083, 0x0083, 0x0083, 0x0083, 0x0083, 0x0083,
  0x0083, 0x0083, 0x0083, 0x0083, 0x0083, 0x0083, 0x0083, 0x0083, 0x0083, 0x0083, 0x0083, 0x0083,
  0x0083, 0x0083, 0x0083, 0x0083, 0x0083, 0x0083, 0x0083, 0x0083, 0x0083, 0x0083, 0x0083, 0x0083,
  0x0083, 0x0083, 0x0083, 0x0083, 0x0083, 0x0083, 0x0083, 0x0083, 0x0083, 0x0083, 0x0083, 0x0083,
  0x0083, 0x0083, 0x0083, 0x0083, 0x0083, 0x0083, 0x0083, 0x0083, 0x0083, 0x0083, 0x0083, 0x0083,
  0x0083, 0x0083, 0x0083, 0x0083, 0x0083, 0x0083, 0x0083, 0x0083, 0x0083, 0x0083, 0x0083, 0x0083,
  0x0083, 0x0083, 0x0083, 0x0083, 0x0083, 0x0083, 0x0083, 0x0083, 0x0083, 0x0083, 0x0083, 0x0083,
  0x0083, 0x0083, 0x0083, 0x0083, 0x0083, 0x0083, 0x0083, 0x0083, 0x0083, 0x0083, 0x0083, 0x0083,
  0x0083, 0x0083, 0x0083, 0x0083, 0x0083, 0x0083, 0x0083, 0x0083, 0x0083, 0x0083, 0x0083, 0x0083,
  0x0083, 0x0083, 0x0083, 0x0083, 0x0083, 0x0083, 0x0083, 0x0083, 0x0083, 0x0083, 0x0083, 0x0083,
  0x0083, 0x0083, 0x0083, 0x0083, 0x0083, 0x0083, 0x0083, 0x0083, 0x0083, 0x0083, 0x0083, 0x0083,
  0x0083, 0x0083, 0x0083, 0x0083, 0x0083, 0x0083, 0x0083, 0x0083, 0x0083, 0x0083, 0x0083, 0x0083,
  0x0083, 0x0083, 0x0083, 0x0083, 0x0083, 0x0083, 0x0083, 0x0083, 0x0083, 0x0083, 0x0083, 0x0083,
  0x0083, 0x0083, 0x0083, 0x0083, 0x0083, 0x0083, 0x0083, 0x0083, 0x0083, 0x0083, 0x0083, 0x0083,
  0x0083, 0x0083, 0x0083, 0x0083, 0x0083, 0x0083, 0x0083, 0x0083, 0x0083, 0x0083, 0x0083, 0x0083,
  0x0083, 0x0083, 0x0083, 0x0083, 0x0083, 0x0083, 0x0083, 0x0083, 0x0083, 0x0083, 0x0083, 0x0083,
  0x0083, 0x0083, 0x0083, 0x0083, 0x0083, 0x0083, 0x0083, 0x0083, 0x0083, 0x0083, 0x0083, 0x0083,
  0x0083, 0x0083, 0x0083, 0x0083, 0x0083, 0x0083, 0x0083, 0x0084, 0x0084, 0x0884, 0x0884, 0x0884,
  0x0884, 0x0884, 0x0084, 0x0084, 0x0083, 0x0083, 0x0083, 0x0083, 0x0083, 0x0083, 0x0083, 0x0083,
  0x0083, 0x0083, 0x0083, 0x0083, 0x0083, 0x0083, 0x0083, 0x0083, 0x0083, 0x0083, 0x0083, 0x0083,
  0x0083, 0x0083, 0x0083, 0x0083, 0x0083, 0x0083, 0x0083, 0x0083, 0x0083, 0x0083, 0x0083, 0x0083,
  0x0083, 0x0083, 0x0083, 0x0083, 0x0083, 0x0083, 0x0083, 0x0083, 0x0083, 0x0083, 0x0083, 0x0083,
  0x0083, 0x0083, 0x0083, 0x0083, 0x0083, 0x0083, 0x0083, 0x0083, 0x0083, 0x0083, 0x0083, 0x0083,
  0x0083, 0x0083, 0x0083, 0x0083, 0x0083, 0x0083, 0x0083, 0x0083, 0x0083, 0x0083, 0x0083, 0x0083,
  0x0083, 0x0083, 0x0083, 0x0083, 0x0083, 0x0083, 0x0083, 0x0083, 0x0083, 0x0083, 0x0083, 0x0083,
  0x0083, 0x0083, 0x0083, 0x0083, 0x0083, 0x0083, 0x0083, 0x0083, 0x0083, 0x0083, 0x0083, 0x0083,
  0x0083, 0x0083, 0x0083, 0x0083, 0x0083, 0x0083, 0x0083, 0x0083, 0x0083, 0x0083, 0x0083, 0x0083,
  0x0083, 0x0083, 0x0083, 0x0083, 0x0083, 0x0083, 0x0083, 0x0083, 0x0083, 0x0083, 0x0083, 0x0083,
  0x0083, 0x0083, 0x0083, 0x0083, 0x0083, 0x0083, 0x0083, 0x0083, 0x0083, 0x0083, 0x0083, 0x0083,
  0x0083, 0x0083, 0x0083, 0x0083, 0x0083, 0x0083, 0x0083, 0x0083, 0x0083, 0x0083, 0x0083, 0x0083,
  0x0083, 0x0083, 0x0083, 0x0083, 0x0083, 0x0083, 0x0083, 0x0083, 0x0083, 0x0083, 0x0083, 0x0083,
  0x0083, 0x0083, 0x0083, 0x0083, 0x0083, 0x0083, 0x0083, 0x0083, 0x0083, 0x0083, 0x0083, 0x0083,
  0x0083, 0x0083, 0x0083, 0x0083, 0x0083, 0x0083, 0x0083, 0x0083, 0x0083, 0x0083, 0x0083, 0x0083,
  0x0083, 0x0083, 0x0083, 0x0083, 0x0083, 0x0083, 0x0083, 0x0083, 0x0083, 0x0083, 0x0083, 0x0083,
  0x0083, 0x0083, 0x0083, 0x0083, 0x0083, 0x0083, 0x0083, 0x0083, 0x0083, 0x0083, 0x0083, 0x0083,
  0x0083, 0x0083, 0x0083, 0x0083, 0x0083, 0x0083, 0x0083, 0x0083, 0x0083, 0x0083, 0x0083, 0x0083,
  0x0083, 0x0083, 0x0083, 0x0083, 0x0083, 0x0083, 0x0083, 0x0083, 0x0083, 0x0083, 0x0083, 0x0083,
  0x0084, 0x08A4, 0x0884, 0x0063, 0x0043, 0x0042, 0x0022, 0x0022, 0x0022, 0x0042, 0x0063, 0x0083,
  0x08A4, 0x0884, 0x0083, 0x0083, 0x0083, 0x0083, 0x0083, 0x0083, 0x0083, 0x0083, 0x0083, 0x0083,
  0x0083, 0x0083, 0x0083, 0x0083, 0x0083, 0x0083, 0x0083, 0x0083, 0x0083, 0x0083, 0x0083, 0x0083,
  0x0083, 0x0083, 0x0083, 0x0083, 0x0083, 0x0083, 0x0083, 0x0083, 0x0083, 0x0083, 0x0083, 0x0083,
  0x0083, 0x0083, 0x0083, 0x0083, 0x0083, 0x0083, 0x0083, 0x0083, 0x0083, 0x0083, 0x0083, 0x0083,
  0x0083, 0x0083, 0x0083, 0x0083, 0x0083, 0x0083, 0x0083, 0x0083, 0x0083, 0x0083, 0x0083, 0x0083,
  0x0083, 0x0083, 0x0083, 0x0083, 0x0083, 0x0083, 0x0083, 0x0083, 0x0083, 0x0083, 0x0083, 0x0083,
  0x0083, 0x0083, 0x0083, 0x0083, 0x0083, 0x0083, 0x0083, 0x0083, 0x0083, 0x0083, 0x0083, 0x0083,
  0x0083, 0x0083, 0x0083, 0x0083, 0x0083, 0x0083, 0x0083, 0x0083, 0x0083, 0x0083, 0x0083, 0x0083,
  0x0083, 0x0083, 0x0083, 0x0083, 0x0083, 0x0083, 0x0083, 0x0083, 0x0083, 0x0083, 0x0083, 0x0083,
  0x0083, 0x0083, 0x0083, 0x0083, 0x0083, 0x0083, 0x0083, 0x0083, 0x0083, 0x0083, 0x0083, 0x0083,
  0x0083, 0x0083, 0x0083, 0x0083, 0x0083, 0x0083, 0x0083, 0x0083, 0x0083, 0x0083, 0x0083, 0x0083,
  0x0083, 0x0083, 0x0083, 0x0083, 0x0083, 0x0083, 0x0083, 0x0083, 0x0083, 0x0083, 0x0083, 0x0083,
  0x0083, 0x0083, 0x0083, 0x0083, 0x0083, 0x0083, 0x0083, 0x0083, 0x0083, 0x0083, 0x0083, 0x0083,
  0x0083, 0x0083, 0x0083, 0x0083, 0x0083, 0x0083, 0x0083, 0x0083, 0x0083, 0x0083, 0x0083, 0x0083,
  0x0083, 0x0083, 0x0083, 0x0083, 0x0083, 0x0083, 0x0083, 0x0083, 0x0083, 0x0083, 0x0083, 0x0083,
  0x0083, 0x0083, 0x0083, 0x0083, 0x0083, 0x0083, 0x0083, 0x0083, 0x0083, 0x0083, 0x0083, 0x0083,
  0x0083, 0x0083, 0x0083, 0x0083, 0x0083, 0x0083, 0x0083, 0x0083, 0x0083, 0x0083, 0x0083, 0x0083,
  0x0083, 0x0083, 0x0083, 0x0083, 0x0083, 0x0083, 0x0083, 0x0083, 0x0083, 0x0083, 0x0083, 0x0083,
  0x0083, 0x0083, 0x0083, 0x0083, 0x0083, 0x0083, 0x0084, 0x08A4, 0x0063, 0x0022, 0x0022, 0x08C5,
  0x1167, 0x120A, 0x1A8C, 0x1A8C, 0x1A6C, 0x11C9, 0x0926, 0x0883, 0x0022, 0x0022, 0x0083, 0x08A4,
  0x0083, 0x0083, 0x0083, 0x0083, 0x0083, 0x0083, 0x0083, 0x0083, 0x0083, 0x0083, 0x0083, 0x0083,
  0x0083, 0x0083, 0x0083, 0x0083, 0x0083, 0x0083, 0x0083, 0x0083, 0x0083, 0x0083, 0x0083, 0x0083,
  0x0083, 0x0083, 0x0083, 0x0083, 0x0083, 0x0083, 0x0083, 0x0083, 0x0083, 0x0083, 0x0083, 0x0083,
  0x0083, 0x0083, 0x0083, 0x0083, 0x0083, 0x0083, 0x0083, 0x0083, 0x0083, 0x0083, 0x0083, 0x0083,
  0x0083, 0x0083, 0x0083, 0x0083, 0x0083, 0x0083, 0x0083, 0x0083, 0x0083, 0x0083, 0x0083, 0x0083,
  0x0083, 0x0083, 0x0083, 0x0083, 0x0083, 0x0083, 0x0083, 0x0083, 0x0083, 0x0083, 0x0083, 0x0083,
  0x0083, 0x0083, 0x0083, 0x0083, 0x0083, 0x0083, 0x0083, 0x0083, 0x0083, 0x0083, 0x0083, 0x0083,
  0x0083, 0x0083, 0x0083, 0x0083, 0x0083, 0x0083, 0x0083, 0x0083, 0x0083, 0x0083, 0x0083, 0x0083,
  0x0083, 0x0083, 0x0083, 0x0083, 0x0083, 0x0083, 0x0083, 0x0083, 0x0083, 0x0083, 0x0083, 0x0083,
  0x0083, 0x0083, 0x0083, 0x0083, 0x0083, 0x0083, 0x0083, 0x0083, 0x0083, 0x0083, 0x0083, 0x0083,
  0x0083, 0x0083, 0x0083, 0x0083, 0x0083, 0x0083, 0x0083, 0x0083, 0x0083, 0x0083, 0x0083, 0x0083,
  0x0083, 0x0083, 0x0083, 0x0083, 0x0083, 0x0083, 0x0083, 0x0083, 0x0083, 0x0083, 0x0083, 0x0083,
  0x0083, 0x0083, 0x0083, 0x0083, 0x0083, 0x0083, 0x0083, 0x0083, 0x0083, 0x0083, 0x0083, 0x0083,
  0x0083, 0x0083, 0x0083, 0x0083, 0x0083, 0x0083, 0x0083, 0x0083, 0x0083, 0x0083, 0x0083, 0x0083,
  0x0083, 0x0083, 0x0083, 0x0083, 0x0083, 0x0083, 0x0083, 0x0083, 0x0083, 0x0083, 0x0083, 0x0083,
  0x0083, 0x0083, 0x0083, 0x0083, 0x0083, 0x0083, 0x0083, 0x0083, 0x0083, 0x0083, 0x0083, 0x0083,
  0x0083, 0x0083, 0x0083, 0x0083, 0x0083, 0x0083, 0x0083, 0x0083, 0x0083, 0x0083, 0x0083, 0x0083,
  0x0083, 0x0083, 0x0083, 0x0083, 0x0083, 0x0083, 0x0083, 0x0083, 0x0083, 0x0083, 0x0083, 0x0083,
  0x0083, 0x08A4, 0x0063, 0x0022, 0x08E5, 0x1AAD, 0x2C95, 0x35DB, 0x369E, 0x36DF, 0x36FF, 0x36FF,
  0x36FF, 0x36DF, 0x365D, 0x2D79, 0x2413, 0x1A2A, 0x0883, 0x0022, 0x0083, 0x0884, 0x0083, 0x0083,
  0x0083, 0x0083, 0x0083, 0x0083, 0x0083, 0x0083, 0x0083, 0x0083, 0x0083, 0x0083, 0x0083, 0x0083,
  0x0083, 0x0083, 0x0083, 0x0083, 0x0083, 0x0083, 0x0083, 0x0083, 0x0083, 0x0083, 0x0083, 0x0083,
  0x0083, 0x0083, 0x0083, 0x0083, 0x0083, 0x0083, 0x0083, 0x0083, 0x0083, 0x0083, 0x0083, 0x0083,
  0x0083, 0x0083, 0x0083, 0x0083, 0x0083, 0x0083, 0x0083, 0x0083, 0x0083, 0x0083, 0x0083, 0x0083,
  0x0083, 0x0083, 0x0083, 0x0083, 0x0083, 0x0083, 0x0083, 0x0083, 0x0083, 0x0083, 0x0083, 0x0083,
  0x0083, 0x0083, 0x0083, 0x0083, 0x0083, 0x0083, 0x0083, 0x0083, 0x0083, 0x0083, 0x0083, 0x0083,
  0x0083, 0x0083, 0x0083, 0x0083, 0x0083, 0x0083, 0x0083, 0x0083, 0x0083, 0x0083, 0x0083, 0x0083,
  0x0083, 0x0083, 0x0083, 0x0083, 0x0083, 0x0083, 0x0083, 0x0083, 0x0083, 0x0083, 0x0083, 0x0083,
  0x0083, 0x0083, 0x0083, 0x0083, 0x0083, 0x0083, 0x0083, 0x0083, 0x0083, 0x0083, 0x0083, 0x0083,
  0x0083, 0x0083, 0x0083, 0x0083, 0x0083, 0x0083, 0x0083, 0x0083, 0x0083, 0x0083, 0x0083, 0x0083,
  0x0083, 0x0083, 0x0083, 0x0083, 0x0083, 0x0083, 0x0083, 0x0083, 0x0083, 0x0083, 0x0083, 0x0083,
  0x0083, 0x0083, 0x0083, 0x0083, 0x0083, 0x0083, 0x0083, 0x0083, 0x0083, 0x0083, 0x0083, 0x0083,
  0x0083, 0x0083, 0x0083, 0x0083, 0x0083, 0x0083, 0x0083, 0x0083, 0x0083, 0x0083, 0x0083, 0x0083,
  0x0083, 0x0083, 0x0083, 0x0083, 0x0083, 0x0083, 0x0083, 0x0083, 0x0083, 0x0083, 0x0083, 0x0083,
  0x0083, 0x0083, 0x0083, 0x0083, 0x0083, 0x0083, 0x0083, 0x0083, 0x0083, 0x0083, 0x0083, 0x0083,
  0x0083, 0x0083, 0x0083, 0x0083, 0x0083, 0x0083, 0x0083, 0x0083, 0x0083, 0x0083, 0x0083, 0x0083,
  0x0083, 0x0083, 0x0083, 0x0083, 0x0083, 0x0083, 0x0083, 0x0083, 0x0083, 0x0083, 0x0083, 0x0083,
  0x0083, 0x0083, 0x0083, 0x0083, 0x0083, 0x0083, 0x0083, 0x0084, 0x08A4, 0x0022, 0x08C5, 0x2391,
  0x361C, 0x371F, 0x371F, 0x36DF, 0x36BF, 0x369F, 0x36BF, 0x36BF, 0x36BF, 0x36BF, 0x36DF, 0x36FF,
  0x371F, 0x3EFF, 0x3599, 0x22EE, 0x0883, 0x0042, 0x08A4, 0x0083, 0x0083, 0x0083, 0x0083, 0x0083,
  0x0083, 0x0083, 0x0083, 0x0083, 0x0083, 0x0083, 0x0083, 0x0083, 0x0083, 0x0083, 0x0083, 0x0083,
  0x0083, 0x0083, 0x0083, 0x0083, 0x0083, 0x0083, 0x0083, 0x0083, 0x0083, 0x0083, 0x0083, 0x0083,
  0x0083, 0x0083, 0x0083, 0x0083, 0x0083, 0x0083, 0x0083, 0x0083, 0x0083, 0x0884, 0x0884, 0x0884,
  0x0083, 0x0083, 0x0083, 0x0083, 0x0083, 0x0083, 0x0083, 0x0083, 0x0083, 0x0083, 0x0083, 0x0083,
  0x0083, 0x0083, 0x0083, 0x0083, 0x0083, 0x0083, 0x0083, 0x0083, 0x0083, 0x0083, 0x0083, 0x0083,
  0x0083, 0x0083, 0x0083, 0x0083, 0x0083, 0x0083, 0x0083, 0x0083, 0x0083, 0x0083, 0x0083, 0x0083,
  0x0083, 0x0083, 0x0083, 0x0083, 0x0083, 0x0083, 0x0083, 0x0083, 0x0083, 0x0083, 0x0083, 0x0083,
  0x0083, 0x0083, 0x0083, 0x0083, 0x0083, 0x0083, 0x0083, 0x0083, 0x0083, 0x0083, 0x0083, 0x0083,
  0x0083, 0x0083, 0x0083, 0x0083, 0x0083, 0x0083, 0x0083, 0x0083, 0x0083, 0x0083, 0x0083, 0x0083,
  0x0083, 0x0083, 0x0083, 0x0083, 0x0083, 0x0083, 0x0083, 0x0083, 0x0083, 0x0083, 0x0083, 0x0083,
  0x0083, 0x0083, 0x0083, 0x0083, 0x0083, 0x0083, 0x0083, 0x0083, 0x0083, 0x0083, 0x0083, 0x0083,
  0x0083, 0x0083, 0x0083, 0x0083, 0x0083, 0x0083, 0x0083, 0x0083, 0x0083, 0x0083, 0x0083, 0x0083,
  0x0083, 0x0083, 0x0083, 0x0083, 0x0083, 0x0083, 0x0083, 0x0083, 0x0083, 0x0083, 0x0083, 0x0083,
  0x0083, 0x0083, 0x0083, 0x0083, 0x0083, 0x0083, 0x0083, 0x0083, 0x0083, 0x0083, 0x0083, 0x0083,
  0x0083, 0x0083, 0x0083, 0x0083, 0x0083, 0x0083, 0x0083, 0x0083, 0x0083, 0x0083, 0x0083, 0x0083,
  0x0083, 0x0083, 0x0083, 0x0083, 0x0884, 0x0884, 0x0884, 0x0884, 0x0083, 0x0083, 0x0083, 0x0083,
  0x0083, 0x0083, 0x0083, 0x0083, 0x0083, 0x0083, 0x0083, 0x0083, 0x0083, 0x0083, 0x0083, 0x0083,
  0x0083, 0x0083, 0x0084, 0x0084, 0x0022, 0x1A6C, 0x361B, 0x371F, 0x36DF, 0x369E, 0x369E, 0x369F,
  0x369F, 0x36BF, 0x36BF, 0x36BF, 0x36BF, 0x36BF, 0x36BF, 0x369F, 0x369F, 0x369F, 0x36FF, 0x3F1F,
  0x3559, 0x11A8, 0x0022, 0x0884, 0x0083, 0x0083, 0x0083, 0x0083, 0x0083, 0x0083, 0x0083, 0x0083,
  0x0083, 0x0083, 0x0083, 0x0083, 0x0083, 0x0083, 0x0083, 0x0083, 0x0083, 0x0083, 0x0083, 0x0083,
  0x0083, 0x0083, 0x0083, 0x0083, 0x0083, 0x0083, 0x0083, 0x0083, 0x0083, 0x0083, 0x0083, 0x0083,
  0x0083, 0x0083, 0x0083, 0x0884, 0x0884, 0x0043, 0x0022, 0x0043, 0x0884, 0x0884, 0x0083, 0x0083,
  0x0083, 0x0083, 0x0083, 0x0083, 0x0083, 0x0083, 0x0083, 0x0083, 0x0083, 0x0083, 0x0083, 0x0083,
  0x0083, 0x0083, 0x0083, 0x0083, 0x0083, 0x0083, 0x0083, 0x0083, 0x0083, 0x0083, 0x0083, 0x0083,
  0x0083, 0x0083, 0x0083, 0x0083, 0x0083, 0x0083, 0x0083, 0x0083, 0x0083, 0x0083, 0x0083, 0x0083,
  0x0083, 0x0083, 0x0083, 0x0083, 0x0083, 0x0083, 0x0083, 0x0083, 0x0083, 0x0083, 0x0083, 0x0083,
  0x0083, 0x0083, 0x0083, 0x0083, 0x0083, 0x0083, 0x0083, 0x0083, 0x0083, 0x0083, 0x0083, 0x0083,
  0x0083, 0x0083, 0x0083, 0x0083, 0x0083, 0x0083, 0x0083, 0x0083, 0x0083, 0x0083, 0x0083, 0x0083,
  0x0083, 0x0083, 0x0083, 0x0083, 0x0083, 0x0083, 0x0083, 0x0083, 0x0083, 0x0083, 0x0083, 0x0083,
  0x0083, 0x0083, 0x0083, 0x0083, 0x0083, 0x0083, 0x0083, 0x0083, 0x0083, 0x0083, 0x0083, 0x0083,
  0x0083, 0x0083, 0x0083, 0x0083, 0x0083, 0x0083, 0x0083, 0x0083, 0x0083, 0x0083, 0x0083, 0x0083,
  0x0083, 0x0083, 0x0083, 0x0083, 0x0083, 0x0083, 0x0083, 0x0083, 0x0083, 0x0083, 0x0083, 0x0083,
  0x0083, 0x0083, 0x0083, 0x0083, 0x0083, 0x0083, 0x0083, 0x0083, 0x0083, 0x0083, 0x0083, 0x0083,
  0x0083, 0x0083, 0x0083, 0x0083, 0x0083, 0x0083, 0x0083, 0x0083, 0x0083, 0x0083, 0x0083, 0x0884,
  0x0083, 0x0042, 0x0022, 0x0063, 0x08A4, 0x0083, 0x0083, 0x0083, 0x0083, 0x0083, 0x0083, 0x0083,
  0x0083, 0x0083, 0x0083, 0x0083, 0x0083, 0x0083, 0x0083, 0x0083, 0x0083, 0x0084, 0x0083, 0x0042,
  0x23D2, 0x36FF, 0x36DF, 0x369E, 0x369F, 0x36BF, 0x369F, 0x36BF, 0x36BF, 0x36BF, 0x36BF, 0x36BF,
  0x36BF, 0x36BF, 0x36BF, 0x36BF, 0x36BF, 0x36BF, 0x369F, 0x369F, 0x36FF, 0x3EBE, 0x1ACD, 0x0022,
  0x0884, 0x0083, 0x0083, 0x0083, 0x0083, 0x0083, 0x0083, 0x0083, 0x0083, 0x0083, 0x0083, 0x0083,
  0x0083, 0x0083, 0x0083, 0x0083, 0x0083, 0x0083, 0x0083, 0x0083, 0x0083, 0x0083, 0x0083, 0x0083,
  0x0083, 0x0083, 0x0083, 0x0083, 0x0083, 0x0083, 0x0083, 0x0083, 0x0083, 0x0083, 0x0884, 0x0043,
  0x0043, 0x2167, 0x31C8, 0x2146, 0x0022, 0x0063, 0x0884, 0x0083, 0x0083, 0x0083, 0x0083, 0x0083,
  0x0083, 0x0083, 0x0083, 0x0083, 0x0083, 0x0083, 0x0083, 0x0083, 0x0083, 0x0083, 0x0083, 0x0083,
  0x0083, 0x0083, 0x0083, 0x0083, 0x0083, 0x0083, 0x0083, 0x0083, 0x0083, 0x0083, 0x0083, 0x0083,
  0x0083, 0x0083, 0x0083, 0x0083, 0x0083, 0x0083, 0x0083, 0x0083, 0x0083, 0x0083, 0x0083, 0x0083,
  0x0083, 0x0083, 0x0083, 0x0083, 0x0083, 0x0083, 0x0083, 0x0083, 0x0083, 0x0083, 0x0083, 0x0083,
  0x0083, 0x0083, 0x0083, 0x0083, 0x0083, 0x0083, 0x0083, 0x0083, 0x0083, 0x0083, 0x0083, 0x0083,
  0x0083, 0x0083, 0x0083, 0x0083, 0x0083, 0x0083, 0x0083, 0x0083, 0x0083, 0x0083, 0x0083, 0x0083,
  0x0083, 0x0083, 0x0083, 0x0083, 0x0083, 0x0083, 0x0083, 0x0083, 0x0083, 0x0083, 0x0083, 0x0083,
  0x0083, 0x0083, 0x0083, 0x0083, 0x0083, 0x0083, 0x0083, 0x0083, 0x0083, 0x0083, 0x0083, 0x0083,
  0x0083, 0x0083, 0x0083, 0x0083, 0x0083, 0x0083, 0x0083, 0x0083, 0x0083, 0x0083, 0x0083, 0x0083,
  0x0083, 0x0083, 0x0083, 0x0083, 0x0083, 0x0083, 0x0083, 0x0083, 0x0083, 0x0083, 0x0083, 0x0083,
  0x0083, 0x0083, 0x0083, 0x0083, 0x0083, 0x0083, 0x0083, 0x0083, 0x0083, 0x0083, 0x0083, 0x0083,
  0x0083, 0x0083, 0x0083, 0x0083, 0x0083, 0x0083, 0x0884, 0x0042, 0x0083, 0x29A7, 0x31C8, 0x1905,
  0x0022, 0x0083, 0x0083, 0x0083, 0x0083, 0x0083, 0x0083, 0x0083, 0x0083, 0x0083, 0x0083, 0x0083,
  0x0083, 0x0083, 0x0083, 0x0083, 0x0083, 0x0084, 0x0042, 0x2C34, 0x3F3F, 0x369F, 0x369F, 0x36BF,
  0x36BF, 0x36BF, 0x36BF, 0x36BF, 0x36BF, 0x36BF, 0x36BF, 0x36BF, 0x36BF, 0x36BF, 0x36BF, 0x36BF,
  0x36BF, 0x36BF, 0x36BF, 0x36BF, 0x369F, 0x36BF, 0x3EFF, 0x230E, 0x0022, 0x08A4, 0x0083, 0x0083,
  0x0083, 0x0083, 0x0083, 0x0083, 0x0083, 0x0083, 0x0083, 0x0083, 0x0083, 0x0083, 0x0083, 0x0083,
  0x0083, 0x0083, 0x0083, 0x0083, 0x0083, 0x0083, 0x0083, 0x0083, 0x0083, 0x0083, 0x0083, 0x0083,
  0x0083, 0x0083, 0x0083, 0x0083, 0x0083, 0x0884, 0x0043, 0x2147, 0xB5B7, 0xEF7E, 0xFFDF, 0xEF5D,
  0x9CF4, 0x08C4, 0x0063, 0x0884, 0x0083, 0x0083, 0x0083, 0x0083, 0x0083, 0x0083, 0x0083, 0x0083,
  0x0083, 0x0083, 0x0083, 0x0083, 0x0083, 0x0083, 0x0083, 0x0083, 0x0083, 0x0083, 0x0083, 0x0083,
  0x0083, 0x0083, 0x0083, 0x0083, 0x0083, 0x0083, 0x0083, 0x0083, 0x0083, 0x0083, 0x0083, 0x0083,
  0x0083, 0x0083, 0x0083, 0x0083, 0x0083, 0x0083, 0x0083, 0x0083, 0x0083, 0x0083, 0x0083, 0x0083,
  0x0083, 0x0083, 0x0083, 0x0083, 0x0083, 0x0083, 0x0083, 0x0083, 0x0083, 0x0083, 0x0083, 0x0083,
  0x0083, 0x0083, 0x0083, 0x0083, 0x0083, 0x0083, 0x0083, 0x0083, 0x0083, 0x0083, 0x0083, 0x0083,
  0x0083, 0x0083, 0x0083, 0x0083, 0x0083, 0x0083, 0x0083, 0x0083, 0x0083, 0x0083, 0x0083, 0x0083,
  0x0083, 0x0083, 0x0083, 0x0083, 0x0083, 0x0083, 0x0083, 0x0083, 0x0083, 0x0083, 0x0083, 0x0083,
  0x0083, 0x0083, 0x0083, 0x0083, 0x0083, 0x0083, 0x0083, 0x0083, 0x0083, 0x0083, 0x0083, 0x0083,
  0x0083, 0x0083, 0x0083, 0x0083, 0x0083, 0x0083, 0x0083, 0x0083, 0x0083, 0x0083, 0x0083, 0x0083,
  0x0083, 0x0083, 0x0083, 0x0083, 0x0083, 0x0083, 0x0083, 0x0083, 0x0083, 0x0083, 0x0083, 0x0083,
  0x0083, 0x0083, 0x0083, 0x0083, 0x0083, 0x0083, 0x0083, 0x0083, 0x0083, 0x0083, 0x0083, 0x0083,
  0x0083, 0x0884, 0x0042, 0x3A09, 0xC639, 0xF79E, 0xFFDF, 0xE71C, 0x7C11, 0x0063, 0x0083, 0x0083,
  0x0083, 0x0083, 0x0083, 0x0083, 0x0083, 0x0083, 0x0083, 0x0083, 0x0083, 0x0083, 0x0083, 0x0083,
  0x08A4, 0x0022, 0x2BB2, 0x3F3F, 0x2E9F, 0x36BF, 0x36BF, 0x36BF, 0x36BF, 0x36BF, 0x36BF, 0x2EBF,
  0x36BF, 0x36BF, 0x36BF, 0x36BF, 0x36BF, 0x36BF, 0x36BF, 0x36BF, 0x36BF, 0x36BF, 0x36BF, 0x36BF,
  0x36BF, 0x369F, 0x36BF, 0x3EFF, 0x1A6C, 0x0022, 0x08A4, 0x0083, 0x0083, 0x0083, 0x0083, 0x0083,
  0x0083, 0x0083, 0x0083, 0x0083, 0x0083, 0x0083, 0x0083, 0x0083, 0x0083, 0x08A4, 0x08A4, 0x08A4,
  0x08A4, 0x08A4, 0x08A4, 0x08A4, 0x08A4, 0x08A4, 0x08A4, 0x08A4, 0x08A4, 0x08A4, 0x08A4, 0x08A4,
  0x0884, 0x0083, 0x0884, 0xC639, 0xFFFF, 0xF7BE, 0xF7BE, 0xF7BE, 0xFFFF, 0x9CF4, 0x0022, 0x0884,
  0x0083, 0x0083, 0x0083, 0x0083, 0x0083, 0x0083, 0x0083, 0x0083, 0x0083, 0x0083, 0x0083, 0x0083,
  0x0083, 0x0083, 0x0083, 0x0083, 0x0083, 0x0083, 0x0083, 0x0083, 0x0083, 0x0083, 0x0083, 0x0083,
  0x0083, 0x0083, 0x0083, 0x0083, 0x0083, 0x0083, 0x0083, 0x0083, 0x0083, 0x0083, 0x0083, 0x0083,
  0x0083, 0x0083, 0x0083, 0x0083, 0x0083, 0x0083, 0x0083, 0x0083, 0x0083, 0x0083, 0x0083, 0x0083,
  0x0083, 0x0083, 0x0083, 0x0083, 0x0083, 0x0083, 0x0083, 0x0083, 0x0083, 0x0083, 0x0083, 0x0083,
  0x0083, 0x0083, 0x0083, 0x0083, 0x0083, 0x0083, 0x0083, 0x0083, 0x0083, 0x0083, 0x0083, 0x0083,
  0x0083, 0x0083, 0x0083, 0x0083, 0x0083, 0x0083, 0x0083, 0x0083, 0x0083, 0x0083, 0x0083, 0x0083,
  0x0083, 0x0083, 0x0083, 0x0083, 0x0884, 0x08A4, 0x08A4, 0x08A4, 0x08A4, 0x08A4, 0x08A4, 0x0883,
  0x0083, 0x0083, 0x0083, 0x0083, 0x0083, 0x0083, 0x0083, 0x0083, 0x0083, 0x0083, 0x0083, 0x0083,
  0x0083, 0x0083, 0x0083, 0x0083, 0x0083, 0x0083, 0x0083, 0x0083, 0x0083, 0x0083, 0x0083, 0x0083,
  0x0083, 0x0083, 0x0083, 0x0083, 0x0083, 0x0083, 0x0083, 0x0083, 0x0083, 0x0083, 0x0083, 0x0083,
  0x0083, 0x0083, 0x0083, 0x0083, 0x0083, 0x0083, 0x0083, 0x0083, 0x0884, 0x0063, 0x2146, 0xE73C,
  0xFFFF, 0xF7BE, 0xF7BE, 0xFFDF, 0xFFFF, 0x6BAF, 0x0022, 0x08A4, 0x0083, 0x0083, 0x0083, 0x0083,
  0x0083, 0x0083, 0x0083, 0x0083, 0x0083, 0x0083, 0x0083, 0x08A4, 0x0022, 0x1A4B, 0x3EFF, 0x36BF,
  0x36BF, 0x36BF, 0x36BF, 0x36BF, 0x36BF, 0x36BF, 0x36BF, 0x36BF, 0x36BF, 0x36BF, 0x2EBF, 0x36BF,
  0x36BF, 0x36BF, 0x36BF, 0x36BF, 0x36BF, 0x36BF, 0x36BF, 0x36BF, 0x36BF, 0x36BF, 0x369F, 0x36DF,
  0x363D, 0x0926, 0x0063, 0x0884, 0x0083, 0x0083, 0x0083, 0x0083, 0x0083, 0x0083, 0x0083, 0x0083,
  0x0083, 0x0083, 0x0083, 0x0083, 0x0083, 0x0002, 0x0001, 0x0001, 0x0001, 0x0001, 0x0001, 0x0001,
  0x0001, 0x0001, 0x0001, 0x0001, 0x0001, 0x0001, 0x0001, 0x0001, 0x0043, 0x0022, 0x3A29, 0xFFFF,
  0xF79E, 0xF7BE, 0xF7BE, 0xF79E, 0xF7BE, 0xE75D, 0x1926, 0x0063, 0x0884, 0x0083, 0x0083, 0x0083,
  0x0083, 0x0083, 0x0083, 0x0083, 0x0083, 0x0083, 0x0083, 0x0083, 0x0083, 0x0083, 0x0083, 0x0083,
  0x0083, 0x0083, 0x0083, 0x0083, 0x0083, 0x0083, 0x0083, 0x0083, 0x0083, 0x0083, 0x0083, 0x0083,
  0x0083, 0x0083, 0x0083, 0x0083, 0x0083, 0x0083, 0x0083, 0x0083, 0x0083, 0x0083, 0x0083, 0x0083,
  0x0083, 0x0083, 0x0083, 0x0083, 0x0083, 0x0083, 0x0083, 0x0083, 0x0083, 0x0083, 0x0083, 0x0083,
  0x0083, 0x0083, 0x0083, 0x0083, 0x0083, 0x0083, 0x0083, 0x0083, 0x0083, 0x0083, 0x0083, 0x0083,
  0x0083, 0x0083, 0x0083, 0x0083, 0x0083, 0x0083, 0x0083, 0x0083, 0x0083, 0x0083, 0x0083, 0x0083,
  0x0083, 0x0083, 0x0083, 0x0083, 0x0083, 0x0083, 0x0083, 0x0083, 0x0083, 0x0083, 0x0083, 0x0884,
  0x0063, 0x0002, 0x0002, 0x0002, 0x0002, 0x0002, 0x0002, 0x0063, 0x0083, 0x0083, 0x0083, 0x0083,
  0x0083, 0x0083, 0x0083, 0x0083, 0x0083, 0x0083, 0x0083, 0x0083, 0x0083, 0x0083, 0x0083, 0x0083,
  0x0083, 0x0083, 0x0083, 0x0083, 0x0083, 0x0083, 0x0884, 0x0043, 0x29A8, 0xC618, 0xC638, 0xC618,
  0xC618, 0xC639, 0xBE18, 0x2987, 0x0043, 0x0884, 0x0083, 0x0083, 0x0083, 0x0083, 0x0083, 0x0083,
  0x0083, 0x0083, 0x0083, 0x0083, 0x08A4, 0x0002, 0x636E, 0xFFFF, 0xEF7E, 0xF7BE, 0xF7BE, 0xF79E,
  0xFFFF, 0xC659, 0x0063, 0x0083, 0x0884, 0x0083, 0x0083, 0x0083, 0x0083, 0x0083, 0x0083, 0x0083,
  0x0083, 0x0083, 0x0084, 0x0083, 0x08A4, 0x35BA, 0x36FF, 0x369F, 0x36BF, 0x36BF, 0x36BF, 0x36BF,
  0x36BF, 0x36BF, 0x36BF, 0x36BF, 0x36BF, 0x36BF, 0x36BF, 0x36BF, 0x36BF, 0x36BF, 0x36BF, 0x36BF,
  0x36BF, 0x36BF, 0x36BF, 0x36BF, 0x36BF, 0x36BF, 0x36BF, 0x369E, 0x371F, 0x2C95, 0x0022, 0x0084,
  0x0083, 0x0083, 0x0083, 0x0083, 0x0083, 0x0083, 0x0083, 0x0083, 0x0083, 0x0083, 0x0884, 0x0083,
  0x08A4, 0x8451, 0xA555, 0x9D14, 0x9D14, 0x9D14, 0x9D14, 0x9D14, 0x9D14, 0x9D14, 0x9D14, 0x9D14,
  0x9D14, 0x9D14, 0x9D14, 0xA555, 0x5B0D, 0x0001, 0x426A, 0xFFFF, 0xF79E, 0xF7BE, 0xF7BE, 0xF7BE,
  0xF7BE, 0xEF5D, 0x2146, 0x0063, 0x0884, 0x0083, 0x0083, 0x0083, 0x0083, 0x0083, 0x0083, 0x0083,
  0x0083, 0x0083, 0x0083, 0x0083, 0x0083, 0x0083, 0x0083, 0x0083, 0x0083, 0x0083, 0x0083, 0x0083,
  0x0083, 0x0083, 0x0083, 0x0083, 0x0083, 0x0083, 0x0083, 0x0083, 0x0083, 0x0083, 0x0083, 0x0083,
  0x0083, 0x0083, 0x0083, 0x0083, 0x0083, 0x0083, 0x0083, 0x0083, 0x0083, 0x0083, 0x0083, 0x0083,
  0x0083, 0x0083, 0x0083, 0x0083, 0x0083, 0x0083, 0x0083, 0x0083, 0x0083, 0x0083, 0x0083, 0x0083,
  0x0083, 0x0083, 0x0083, 0x0083, 0x0083, 0x0083, 0x0083, 0x0083, 0x0083, 0x0083, 0x0083, 0x0083,
  0x0083, 0x0083, 0x0083, 0x0083, 0x0083, 0x0083, 0x0083, 0x0083, 0x0083, 0x0083, 0x0083, 0x0083,
  0x0083, 0x0083, 0x0083, 0x0083, 0x0083, 0x0083, 0x0884, 0x0063, 0x2167, 0x6B8F, 0x6B8F, 0x6B8F,
  0x6B8F, 0x6B8F, 0x6B8F, 0x1105, 0x0063, 0x0884, 0x0083, 0x0083, 0x0083, 0x0083, 0x0083, 0x0083,
  0x0083, 0x0083, 0x0083, 0x0083, 0x0083, 0x0083, 0x0083, 0x0083, 0x0083, 0x0083, 0x0083, 0x0083,
  0x0083, 0x0083, 0x0884, 0x0022, 0x3A09, 0xFFFF, 0xFFFF, 0xFFFF, 0xFFFF, 0xFFFF, 0xFFDF, 0x31E9,
  0x0042, 0x0884, 0x0083, 0x0083, 0x0083, 0x0083, 0x0083, 0x0083, 0x0083, 0x0083, 0x0083, 0x0083,
  0x08A4, 0x0002, 0x6B8F, 0xFFFF, 0xF79E, 0xF7BE, 0xF7BE, 0xF79E, 0xFFFF, 0xCE79, 0x0884, 0x0083,
  0x0883, 0x0083, 0x0083, 0x0083, 0x0083, 0x0083, 0x0083, 0x0083, 0x0083, 0x0083, 0x08A4, 0x0022,
  0x22EE, 0x3F1F, 0x2E9F, 0x36BF, 0x36BF, 0x36BF, 0x36BF, 0x36BF, 0x36BF, 0x36BF, 0x36BF, 0x36BF,
  0x36BF, 0x36BF, 0x36BF, 0x36BF, 0x36BF, 0x36BF, 0x36BF, 0x36BF, 0x36BF, 0x36BF, 0x36BF, 0x36BF,
  0x36BF, 0x36BF, 0x36BF, 0x369F, 0x36BF, 0x36BF, 0x11C9, 0x0042, 0x0884, 0x0083, 0x0083, 0x0083,
  0x0083, 0x0083, 0x0083, 0x0083, 0x0083, 0x0083, 0x0884, 0x0083, 0x08A4, 0xDEDB, 0xFFFF, 0xFFFF,
  0xFFFF, 0xFFFF, 0xFFFF, 0xFFFF, 0xFFFF, 0xFFFF, 0xFFFF, 0xFFFF, 0xFFFF, 0xFFFF, 0xFFFF, 0xFFFF,
  0x94B3, 0x0001, 0x10E5, 0xDEDB, 0xFFFF, 0xF79E, 0xF79E, 0xF79E, 0xFFFF, 0xB5B7, 0x0043, 0x0884,
  0x0083, 0x0083, 0x0083, 0x0083, 0x0083, 0x0083, 0x0083, 0x0083, 0x0083, 0x0083, 0x0083, 0x0083,
  0x0083, 0x0083, 0x0083, 0x0083, 0x0083, 0x0083, 0x0083, 0x0083, 0x0083, 0x0083, 0x0083, 0x0083,
  0x0083, 0x0083, 0x0083, 0x0083, 0x0083, 0x0083, 0x0083, 0x0083, 0x0083, 0x0083, 0x0083, 0x0083,
  0x0083, 0x0083, 0x0083, 0x0083, 0x0083, 0x0083, 0x0083, 0x0083, 0x0083, 0x0083, 0x0083, 0x0083,
  0x0083, 0x0083, 0x0083, 0x0083, 0x0083, 0x0083, 0x0083, 0x0083, 0x0083, 0x0083, 0x0083, 0x0083,
  0x0083, 0x0083, 0x0083, 0x0083, 0x0083, 0x0083, 0x0083, 0x0083, 0x0083, 0x0083, 0x0083, 0x0083,
  0x0083, 0x0083, 0x0083, 0x0083, 0x0083, 0x0083, 0x0083, 0x0083, 0x0083, 0x0083, 0x0083, 0x0083,
  0x0083, 0x0083, 0x08A4, 0x0002, 0x52CC, 0xFFFF, 0xFFFF, 0xFFFF, 0xFFFF, 0xFFFF, 0xFFFF, 0x31C8,
  0x0042, 0x0884, 0x0083, 0x0083, 0x0083, 0x0083, 0x0083, 0x0083, 0x0083, 0x0083, 0x0083, 0x0083,
  0x0083, 0x0083, 0x0083, 0x0083, 0x0083, 0x0083, 0x0083, 0x0083, 0x0083, 0x0083, 0x0884, 0x0022,
  0x31E9, 0xF79E, 0xF7BE, 0xF79E, 0xF79E, 0xF7BE, 0xF79E, 0x31E8, 0x0042, 0x0884, 0x0083, 0x0083,
  0x0083, 0x0083, 0x0083, 0x0083, 0x0083, 0x0083, 0x0083, 0x0083, 0x0884, 0x0043, 0x29A8, 0xF7BE,
  0xFFFF, 0xF79E, 0xF79E, 0xF7BE, 0xFFFF, 0x8452, 0x0002, 0x08A4, 0x0083, 0x0083, 0x0083, 0x0083,
  0x0083, 0x0083, 0x0083, 0x0083, 0x0083, 0x0083, 0x0083, 0x0063, 0x3558, 0x36FF, 0x369F, 0x36BF,
  0x36BF, 0x36BF, 0x36BF, 0x36BF, 0x36BF, 0x36BF, 0x36BF, 0x36BF, 0x36BF, 0x36BF, 0x36BF, 0x36BF,
  0x36BF, 0x36BF, 0x36BF, 0x36BF, 0x36BF, 0x36BF, 0x36BF, 0x2EBF, 0x36BF, 0x36BF, 0x36BF, 0x36BF,
  0x369E, 0x371F, 0x2C54, 0x0022, 0x0884, 0x0083, 0x0083, 0x0083, 0x0083, 0x0083, 0x0083, 0x0083,
  0x0083, 0x0083, 0x0884, 0x0083, 0x08A4, 0xC659, 0xFFDF, 0xEF7E, 0xF79E, 0xF79E, 0xF79E, 0xF79E,
  0xF79E, 0xF79E, 0xF79E, 0xF79E, 0xF79E, 0xF79E, 0xEF7D, 0xFFDF, 0x8452, 0x0022, 0x0043, 0x3A09,
  0xD6BA, 0xFFDF, 0xFFFF, 0xFFDF, 0xBDF8, 0x2146, 0x0043, 0x0884, 0x0083, 0x0884, 0x0884, 0x0884,
  0x0884, 0x0884, 0x0884, 0x0083, 0x0083, 0x0083, 0x0083, 0x0884, 0x0884, 0x0884, 0x0884, 0x0083,
  0x0083, 0x0083, 0x0083, 0x0083, 0x0083, 0x0083, 0x0083, 0x0083, 0x0083, 0x0083, 0x0083, 0x0083,
  0x0884, 0x0884, 0x0884, 0x0884, 0x0083, 0x0083, 0x0083, 0x0884, 0x0884, 0x0884, 0x0884, 0x0884,
  0x0884, 0x0883, 0x0083, 0x0083, 0x0083, 0x0083, 0x0083, 0x0083, 0x0083, 0x0083, 0x0884, 0x0884,
  0x0884, 0x0884, 0x0083, 0x0083, 0x0083, 0x0883, 0x0884, 0x0884, 0x0884, 0x0884, 0x0884, 0x0083,
  0x0083, 0x0083, 0x0083, 0x0083, 0x0083, 0x0083, 0x0083, 0x0083, 0x0083, 0x0884, 0x0884, 0x0884,
  0x0884, 0x0884, 0x0083, 0x0083, 0x0083, 0x0083, 0x0083, 0x0083, 0x0083, 0x0083, 0x08A4, 0x0022,
  0x4AAC, 0xFFDF, 0xF79E, 0xF79E, 0xF79E, 0xF79E, 0xF79E, 0x29A8, 0x0043, 0x08A4, 0x0884, 0x0083,
  0x0083, 0x0083, 0x0083, 0x0083, 0x0083, 0x0083, 0x0083, 0x0884, 0x0884, 0x0884, 0x0884, 0x0884,
  0x0083, 0x0083, 0x0083, 0x0083, 0x0083, 0x0083, 0x0884, 0x0022, 0x31E9, 0xF7BE, 0xF7BE, 0xF7BE,
  0xF7BE, 0xF7BE, 0xF79E, 0x31E8, 0x0042, 0x0884, 0x0884, 0x0884, 0x0884, 0x0884, 0x0884, 0x0083,
  0x0083, 0x0083, 0x0083, 0x0083, 0x0083, 0x0884, 0x0022, 0x52EC, 0xE71C, 0xFFFF, 0xFFFF, 0xF7BE,
  0xA535, 0x08A4, 0x0063, 0x0884, 0x0083, 0x0083, 0x0083, 0x0083, 0x0083, 0x0083, 0x0083, 0x0083,
  0x0083, 0x0884, 0x0043, 0x1167, 0x369E, 0x36BF, 0x36BF, 0x36BF, 0x36BF, 0x36BF, 0x2EBF, 0x36BF,
  0x36BF, 0x36BF, 0x36BF, 0x36BF, 0x36BF, 0x36BF, 0x36BF, 0x36BF, 0x36BF, 0x36BF, 0x36BF, 0x36BF,
  0x36BF, 0x36BF, 0x36BF, 0x2EBF, 0x36BF, 0x36BF, 0x36BF, 0x36BF, 0x369F, 0x36DF, 0x363D, 0x0906,
  0x0063, 0x0084, 0x0083, 0x0083, 0x0083, 0x0083, 0x0083, 0x0083, 0x0083, 0x0083, 0x0884, 0x0083,
  0x08A4, 0xCE79, 0xFFFF, 0xF79E, 0xF7BE, 0xF7BE, 0xF7BE, 0xF7BE, 0xF79E, 0xF79E, 0xF79E, 0xF79E,
  0xF79E, 0xF79E, 0xEF7E, 0xFFFF, 0x8452, 0x0002, 0x08A4, 0x0022, 0x08A4, 0x424A, 0x52CC, 0x39E9,
  0x0063, 0x0043, 0x0884, 0x0083, 0x0083, 0x0063, 0x0063, 0x0063, 0x0063, 0x0063, 0x0063, 0x0083,
  0x0083, 0x08A4, 0x0884, 0x0043, 0x0022, 0x0022, 0x0043, 0x0884, 0x08A4, 0x0083, 0x0083, 0x0083,
  0x0083, 0x0083, 0x0083, 0x0083, 0x0083, 0x0083, 0x0884, 0x0884, 0x0063, 0x0042, 0x0042, 0x0063,
  0x0884, 0x0884, 0x0083, 0x0063, 0x0063, 0x0063, 0x0063, 0x0063, 0x0063, 0x0083, 0x0083, 0x0083,
  0x0083, 0x0083, 0x0083, 0x0083, 0x0884, 0x0884, 0x0063, 0x0042, 0x0042, 0x0063, 0x0884, 0x0884,
  0x0083, 0x0083, 0x0063, 0x0063, 0x0063, 0x0063, 0x0063, 0x0083, 0x0083, 0x0083, 0x0083, 0x0083,
  0x0083, 0x0083, 0x0884, 0x08A4, 0x0884, 0x0063, 0x0043, 0x0042, 0x0043, 0x0063, 0x0884, 0x08A4,
  0x0884, 0x0083, 0x0083, 0x0083, 0x0083, 0x0083, 0x0083, 0x0001, 0x4A8B, 0xFFFF, 0xF7BE, 0xF7BE,
  0xF7BE, 0xF7BE, 0xF7BE, 0x2987, 0x0002, 0x0063, 0x0063, 0x0083, 0x0083, 0x0083, 0x0083, 0x0083,
  0x0884, 0x08A4, 0x0883, 0x0043, 0x0022, 0x0022, 0x0022, 0x0063, 0x0884, 0x08A4, 0x0884, 0x0083,
  0x0083, 0x0083, 0x0884, 0x0022, 0x31E9, 0xF7BE, 0xF7BE, 0xF7BE, 0xF7BE, 0xF7BE, 0xF79E, 0x31E8,
  0x0042, 0x08A4, 0x0083, 0x0042, 0x0022, 0x0022, 0x0063, 0x0884, 0x0884, 0x0083, 0x0083, 0x0083,
  0x0083, 0x0083, 0x0884, 0x0022, 0x10E5, 0x426B, 0x52CC, 0x29A8, 0x0022, 0x0063, 0x0884, 0x0083,
  0x0083, 0x0083, 0x0083, 0x0083, 0x0083, 0x0083, 0x0083, 0x0083, 0x0083, 0x08A4, 0x0022, 0x22EE,
  0x3F1F, 0x2E9F, 0x369F, 0x36BF, 0x36BF, 0x36BF, 0x36BF, 0x2EBF, 0x2EBF, 0x36BF, 0x36BF, 0x36BF,
  0x36BF, 0x36BF, 0x36BF, 0x36BF, 0x36BF, 0x36BF, 0x2EBF, 0x2EBF, 0x36BF, 0x36BF, 0x36BF, 0x36BF,
  0x36BF, 0x36BF, 0x36BF, 0x36BF, 0x36BF, 0x369F, 0x36FF, 0x1A6C, 0x0022, 0x0884, 0x0083, 0x0083,
  0x0083, 0x0083, 0x0083, 0x0083, 0x0083, 0x0083, 0x0884, 0x0083, 0x08A4, 0xCE79, 0xFFFF, 0xF79E,
  0xF7BE, 0xF7BE, 0xF7BE, 0xFFFF, 0xFFFF, 0xFFFF, 0xFFFF, 0xFFFF, 0xFFFF, 0xFFFF, 0xFFFF, 0xFFFF,
  0x8C93, 0x0002, 0x0884, 0x10C4, 0x10C5, 0x0083, 0x0063, 0x0083, 0x10E5, 0x08C4, 0x0083, 0x0083,
  0x0083, 0x08C4, 0x10C5, 0x10C5, 0x10C5, 0x10C5, 0x10E5, 0x08A4, 0x0884, 0x0022, 0x0063, 0x2167,
  0x3A09, 0x3A09, 0x2167, 0x0063, 0x0022, 0x0884, 0x0084, 0x0083, 0x0083, 0x0083, 0x0083, 0x0083,
  0x0884, 0x0884, 0x0022, 0x0022, 0x1905, 0x29A8, 0x29A8, 0x1926, 0x0022, 0x0022, 0x0884, 0x08C4,
  0x10E5, 0x10C5, 0x10C5, 0x10C5, 0x10E5, 0x08A4, 0x0083, 0x0083, 0x0083, 0x0083, 0x0884, 0x0884,
  0x0022, 0x0022, 0x1905, 0x29A8, 0x29A8, 0x1906, 0x0022, 0x0022, 0x0884, 0x08A4, 0x10C4, 0x08C4,
  0x08C4, 0x08C4, 0x10C4, 0x08A4, 0x0083, 0x0083, 0x0083, 0x0083, 0x0083, 0x08A4, 0x0083, 0x0022,
  0x0022, 0x10E5, 0x2987, 0x29A8, 0x2987, 0x1905, 0x0042, 0x0002, 0x0063, 0x08A4, 0x0083, 0x0083,
  0x0083, 0x0063, 0x1906, 0x2126, 0x634E, 0xFFDF, 0xF7BE, 0xF7BE, 0xF7BE, 0xF7BE, 0xF7BE, 0x4A6B,
  0x2126, 0x2987, 0x10E5, 0x0063, 0x0083, 0x0083, 0x0083, 0x08A4, 0x0063, 0x0002, 0x0063, 0x2167,
  0x31E9, 0x3A09, 0x31E9, 0x2146, 0x0043, 0x0002, 0x0083, 0x0884, 0x0083, 0x0083, 0x0884, 0x0022,
  0x31E9, 0xF7BE, 0xF7BE, 0xF7BE, 0xF7BE, 0xF7BE, 0xF79E, 0x31E9, 0x0022, 0x0022, 0x08A4, 0x29A8,
  0x3A09, 0x31E9, 0x1926, 0x0022, 0x0043, 0x08A4, 0x0083, 0x0083, 0x0083, 0x0083, 0x0083, 0x10E5,
  0x08C4, 0x0063, 0x0063, 0x0884, 0x10E5, 0x08A4, 0x0083, 0x0083, 0x0083, 0x0083, 0x0083, 0x0083,
  0x0083, 0x0083, 0x0083, 0x0083, 0x0083, 0x08A4, 0x0002, 0x23F2, 0x373F, 0x369E, 0x369F, 0x36BF,
  0x36BF, 0x2EBF, 0x2EBF, 0x56DE, 0x3EBF, 0x2EBF, 0x36BF, 0x36BF, 0x36BF, 0x36BF, 0x36BF, 0x36BF,
  0x36BF, 0x2EBF, 0x4EDF, 0x4EDF, 0x2E9F, 0x36BF, 0x36BF, 0x36BF, 0x36BF, 0x36BF, 0x36BF, 0x36BF,
  0x36BF, 0x369E, 0x371F, 0x2413, 0x0002, 0x08A4, 0x0083, 0x0083, 0x0083, 0x0083, 0x0083, 0x0083,
  0x0083, 0x0083, 0x0884, 0x0083, 0x08A4, 0xCE79, 0xFFFF, 0xF79E, 0xF7BE, 0xF79E, 0xFFFF, 0xA535,
  0x5AEC, 0x634E, 0x632D, 0x632D, 0x632D, 0x632D, 0x5B2D, 0x634E, 0x31E9, 0x0063, 0x0022, 0x94B3,
  0xDEFC, 0xD6BA, 0xD6DB, 0xD6BA, 0xDEFC, 0x8452, 0x0042, 0x0884, 0x0884, 0xAD96, 0xDEFB, 0xD6BA,
  0xD6BA, 0xD69A, 0xDEFC, 0x636E, 0x0001, 0x52CC, 0xBE18, 0xEF5D, 0xFFFF, 0xFFFF, 0xEF5D, 0xBE18,
  0x52CC, 0x0042, 0x0883, 0x0884, 0x0083, 0x0083, 0x0083, 0x0884, 0x0083, 0x0022, 0x426A, 0xAD76,
  0xDEFC, 0xEF7E, 0xEF7E, 0xDF1C, 0xAD96, 0x424A, 0x0001, 0x94B3, 0xDEFC, 0xD69A, 0xD6BA, 0xD69A,
  0xDEFC, 0x8452, 0x0022, 0x0884, 0x0083, 0x0884, 0x0083, 0x0022, 0x426A, 0xAD76, 0xDEFC, 0xEF7E,
  0xEF7E, 0xDEFC, 0xAD96, 0x424A, 0x0001, 0x94B3, 0xDEFB, 0xCE9A, 0xD69A, 0xCE9A, 0xDEFB, 0x8452,
  0x0042, 0x0884, 0x0083, 0x0083, 0x08A4, 0x0022, 0x0884, 0x5B0D, 0xAD96, 0xDEDB, 0xEF5D, 0xF79E,
  0xEF7D, 0xDEFB, 0xBDD7, 0x6B8F, 0x10E5, 0x0022, 0x0884, 0x0083, 0x08A4, 0x0002, 0x73D0, 0xF7BE,
  0xEF5D, 0xF7BE, 0xF7BE, 0xF7BE, 0xF7BE, 0xF7BE, 0xF7BE, 0xEF7D, 0xE73D, 0xF7BE, 0x634E, 0x0022,
  0x08A4, 0x0083, 0x08A4, 0x0022, 0x10E5, 0x73D0, 0xC639, 0xE73D, 0xFFDF, 0xFFFF, 0xF7BE, 0xE73C,
  0xBDF8, 0x634E, 0x0884, 0x0043, 0x08A4, 0x0083, 0x0884, 0x0022, 0x31E9, 0xF7BE, 0xF7BE, 0xF7BE,
  0xF7BE, 0xF7BE, 0xF7BE, 0x29A8, 0x0863, 0x7C11, 0xD69A, 0xF79E, 0xFFFF, 0xFFDF, 0xE73C, 0xA556,
  0x29C8, 0x0022, 0x08A4, 0x0083, 0x0083, 0x0083, 0x0063, 0xB5D7, 0xDEFB, 0xD6BB, 0xD6DB, 0xD6BA,
  0xDEFC, 0x632E, 0x0022, 0x08A4, 0x0083, 0x0083, 0x0083, 0x0083, 0x0083, 0x0083, 0x0083, 0x0083,
  0x0083, 0x0084, 0x0042, 0x2C95, 0x371F, 0x369F, 0x36BF, 0x36BF, 0x36BF, 0x2E9F, 0xA73E, 0xFFBD,
  0xD77D, 0x46DF, 0x2EBF, 0x36BF, 0x36BF, 0x36BF, 0x36BF, 0x36BF, 0x2EBF, 0x66FE, 0xEF9D, 0xF7BD,
  0x7F1E, 0x269F, 0x36BF, 0x36BF, 0x36BF, 0x36BF, 0x36BF, 0x36BF, 0x36BF, 0x369F, 0x36FF, 0x2D38,
  0x0863, 0x0084, 0x0083, 0x0083, 0x0083, 0x0083, 0x0083, 0x0083, 0x0083, 0x0083, 0x0884, 0x0083,
  0x08A4, 0xCE79, 0xFFFF, 0xF79E, 0xF7BE, 0xF79E, 0xFFFF, 0x6B6E, 0x0000, 0x0042, 0x0022, 0x0022,
  0x0022, 0x0022, 0x0022, 0x0002, 0x0043, 0x08A4, 0x0001, 0xAD96, 0xFFFF, 0xFFDF, 0xFFFF, 0xFFDF,
  0xFFFF, 0x9D15, 0x0022, 0x0884, 0x0884, 0xCE9A, 0xFFFF, 0xFFDF, 0xFFFF, 0xFFDF, 0xFFFF, 0x73D0,
  0x73D0, 0xFFFF, 0xFFFF, 0xF7BE, 0xF79E, 0xF7BE, 0xF7BE, 0xFFFF, 0xFFFF, 0x8452, 0x0042, 0x0884,
  0x0083, 0x0083, 0x0884, 0x0083, 0x0063, 0x8C92, 0xFFFF, 0xFFFF, 0xFFDF, 0xF7BE, 0xF7BE, 0xFFDF,
  0xFFFF, 0xFFFF, 0x632D, 0xA535, 0xFFFF, 0xFFDF, 0xFFFF, 0xFFDF, 0xFFFF, 0xA515, 0x0022, 0x0884,
  0x0884, 0x0083, 0x0063, 0x8C93, 0xFFFF, 0xFFFF, 0xFFDF, 0xF7BE, 0xF7BE, 0xFFDF, 0xFFFF, 0xFFFF,
  0x5B0D, 0xA535, 0xFFFF, 0xFFDF, 0xFFFF, 0xFFDF, 0xFFFF, 0xA535, 0x0022, 0x0884, 0x0083, 0x08A4,
  0x0022, 0x3A09, 0xCE59, 0xFFFF, 0xFFFF, 0xFFFF, 0xF7BE, 0xF7BE, 0xF7BE, 0xFFDF, 0xFFFF, 0xFFFF,
  0xDEDB, 0x52CC, 0x0022, 0x0884, 0x08A4, 0x0002, 0x7C11, 0xFFFF, 0xF7BE, 0xF7BE, 0xF7BE, 0xF7BE,
  0xF7BE, 0xF7BE, 0xF7BE, 0xF7BE, 0xF7BE, 0xFFFF, 0x636E, 0x0022, 0x08A4, 0x08A4, 0x0022, 0x4A8B,
  0xDEFB, 0xFFFF, 0xFFFF, 0xFFDF, 0xF7BE, 0xF79E, 0xF7BE, 0xFFDF, 0xFFFF, 0xFFFF, 0xC659, 0x29A8,
  0x0022, 0x08A4, 0x0884, 0x0022, 0x31E9, 0xF7BE, 0xF7BE, 0xF7BE, 0xF7BE, 0xF7BE, 0xEF7D, 0x4A8B,
  0xBDF8, 0xFFFF, 0xFFFF, 0xF7BE, 0xF79E, 0xF7BE, 0xFFDF, 0xFFFF, 0xEF9E, 0x4AAB, 0x0022, 0x08A4,
  0x0083, 0x0083, 0x0063, 0xD6DB, 0xFFFF, 0xFFDF, 0xFFFF, 0xFFDF, 0xFFFF, 0x73D0, 0x0002, 0x08A4,
  0x0083, 0x0083, 0x0083, 0x0083, 0x0083, 0x0083, 0x0083, 0x0083, 0x0083, 0x0084, 0x0063, 0x2D17,
  0x36FF, 0x369F, 0x36BF, 0x36BF, 0x2E9F, 0x5EFF, 0xFFBD, 0xFFBD, 0xFFDD, 0x973E, 0x269F, 0x36BF,
  0x36BF, 0x36BF, 0x36BF, 0x36BF, 0x2EBF, 0xCF7D, 0xFFBD, 0xFFBD, 0xDF9D, 0x36BF, 0x2EBF, 0x36BF,
  0x36BF, 0x36BF, 0x36BF, 0x36BF, 0x36BF, 0x369F, 0x36DF, 0x35FB, 0x08C5, 0x0063, 0x0084, 0x0083,
  0x0083, 0x0083, 0x0083, 0x0083, 0x0083, 0x0083, 0x0884, 0x0083, 0x08A4, 0xCE79, 0xFFFF, 0xF79E,
  0xF7BE, 0xF79E, 0xFFFF, 0x73D0, 0x0022, 0x10C5, 0x08A4, 0x08A4, 0x08A4, 0x08A4, 0x08A4, 0x08A4,
  0x0884, 0x08A4, 0x0002, 0xAD55, 0xFFFF, 0xF79E, 0xF79E, 0xF79E, 0xFFFF, 0x9CF4, 0x0022, 0x0884,
  0x0884, 0xCE59, 0xFFDF, 0xF79E, 0xF79E, 0xF79E, 0xF7BE, 0xD6BA, 0xFFDF, 0xF7BE, 0xF79E, 0xF7BE,
  0xF7BE, 0xF7BE, 0xF7BE, 0xF79E, 0xF79E, 0xFFFF, 0x636E, 0x0022, 0x08A4, 0x0083, 0x0884, 0x0022,
  0x94B3, 0xFFFF, 0xF79E, 0xF79E, 0xF7BE, 0xF7BE, 0xF7BE, 0xF7BE, 0xF79E, 0xFFDF, 0xEF7E, 0xDEFB,
  0xFFDE, 0xF79E, 0xF79E, 0xF79E, 0xFFFF, 0x9CF4, 0x0022, 0x0884, 0x0884, 0x0022, 0x94B3, 0xFFFF,
  0xF79E, 0xF79E, 0xF7BE, 0xF7BE, 0xF7BE, 0xF7BE, 0xF79E, 0xFFDF, 0xEF7E, 0xDEFB, 0xF7DE, 0xF79E,
  0xF79E, 0xF79E, 0xFFFF, 0x9CF4, 0x0022, 0x0884, 0x08A4, 0x0022, 0x52AC, 0xF7BE, 0xFFFF, 0xF79E,
  0xF79E, 0xF79E, 0xF7BE, 0xF7BE, 0xF7BE, 0xF7BE, 0xF79E, 0xF79E, 0xFFDF, 0xFFFF, 0x73AF, 0x0022,
  0x08A4, 0x0002, 0x7BF0, 0xFFFF, 0xF79E, 0xF7BE, 0xF7BE, 0xF7BE, 0xF7BE, 0xF7BE, 0xF7BE, 0xF7BE,
  0xF79E, 0xFFFF, 0x636E, 0x0022, 0x08A4, 0x0022, 0x5AEC, 0xFFDF, 0xFFFF, 0xF79E, 0xF79E, 0xF7BE,
  0xF7BE, 0xF7BE, 0xF7BE, 0xF7BE, 0xF79E, 0xF79E, 0xFFFF, 0xE73C, 0x29A8, 0x0042, 0x08A4, 0x0022,
  0x31E9, 0xF7BE, 0xF7BE, 0xF7BE, 0xF7BE, 0xF7BE, 0xEF7D, 0xDEFC, 0xFFFF, 0xF79E, 0xF79E, 0xF7BE,
  0xF7BE, 0xF7BE, 0xF7BE, 0xF79E, 0xFFDF, 0xEF7D, 0x29A8, 0x0043, 0x0884, 0x0083, 0x0063, 0xCE9A,
  0xFFDF, 0xF79E, 0xF79E, 0xF79E, 0xFFFF, 0x6BAF, 0x0002, 0x08A4, 0x0083, 0x0083, 0x0083, 0x0083,
  0x0083, 0x0083, 0x0083, 0x0083, 0x0083, 0x0084, 0x0063, 0x2D18, 0x36FF, 0x369F, 0x36BF, 0x36BF,
  0x269F, 0x76FE, 0xFFBD, 0xF79D, 0xFFBD, 0xB75D, 0x269F, 0x36BF, 0x36BF, 0x36BF, 0x36BF, 0x36BF,
  0x36BF, 0xE79D, 0xFFBD, 0xF7BD, 0xF7BD, 0x46BF, 0x2EBF, 0x36BF, 0x36BF, 0x36BF, 0x36BF, 0x36BF,
  0x36BF, 0x369F, 0x36BF, 0x367E, 0x0926, 0x0063, 0x0084, 0x0083, 0x0083, 0x0083, 0x0083, 0x0083,
  0x0083, 0x0083, 0x0884, 0x0083, 0x08A4, 0xCE79, 0xFFFF, 0xF79E, 0xF7BE, 0xF79E, 0xFFFF, 0x6B8E,
  0x0000, 0x0043, 0x0022, 0x0022, 0x0022, 0x0022, 0x0063, 0x0083, 0x0083, 0x08A4, 0x0002, 0xAD76,
  0xFFFF, 0xF79E, 0xF7BE, 0xF79E, 0xFFFF, 0x9CF4, 0x0022, 0x0884, 0x0884, 0xCE59, 0xFFFF, 0xF79E,
  0xF7BE, 0xF7BE, 0xF7BE, 0xFFDF, 0xF79E, 0xF79E, 0xF7BE, 0xF7BE, 0xF79E, 0xF7BE, 0xF7BE, 0xF7BE,
  0xF79E, 0xFFDF, 0xE71C, 0x1105, 0x0063, 0x08A4, 0x0022, 0x52CC, 0xFFFF, 0xF79E, 0xF7BE, 0xF7BE,
  0xF7BE, 0xF7BE, 0xF79E, 0xF79E, 0xF79E, 0xF79E, 0xF7BE, 0xFFDF, 0xF7BE, 0xF7BE, 0xF7BE, 0xF79E,
  0xFFFF, 0x9CF4, 0x0022, 0x08A4, 0x0022, 0x52CC, 0xFFFF, 0xF79E, 0xF7BE, 0xF7BE, 0xF7BE, 0xF7BE,
  0xF79E, 0xF79E, 0xF79E, 0xF79E, 0xF7BE, 0xFFDF, 0xF7BE, 0xF7BE, 0xF7BE, 0xF79E, 0xFFFF, 0x9CF4,
  0x0022, 0x08A4, 0x0042, 0x31C8, 0xF79E, 0xFFDF, 0xF79E, 0xF7BE, 0xF7BE, 0xF7BE, 0xF79E, 0xF79E,
  0xF79E, 0xF7BE, 0xF7BE, 0xF7BE, 0xF79E, 0xF7BE, 0xFFFF, 0x52CC, 0x0042, 0x0022, 0x7C11, 0xFFFF,
  0xF79E, 0xF7BE, 0xF7BE, 0xF7BE, 0xF7BE, 0xF7BE, 0xF7BE, 0xF7BE, 0xF79E, 0xFFFF, 0x636E, 0x0022,
  0x0063, 0x29A8, 0xEF9E, 0xFFDF, 0xF79E, 0xF7BE, 0xF7BE, 0xF7BE, 0xF79E, 0xF7BE, 0xF79E, 0xF7BE,
  0xF7BE, 0xF7BE, 0xF79E, 0xFFFF, 0xCE7A, 0x08A4, 0x0083, 0x0042, 0x31E9, 0xF7BE, 0xF7BE, 0xF7BE,
  0xF7BE, 0xF7BE, 0xF7BE, 0xFFDF, 0xF79E, 0xF7BE, 0xF7BE, 0xF79E, 0xF7BE, 0xF7BE, 0xF7BE, 0xF7BE,
  0xF79E, 0xFFFF, 0xA555, 0x0022, 0x08A4, 0x0083, 0x0063, 0xD69A, 0xFFFF, 0xF79E, 0xF7BE, 0xF79E,
  0xFFFF, 0x6BAF, 0x0002, 0x08A4, 0x0083, 0x0083, 0x0083, 0x0083, 0x0083, 0x0083, 0x0083, 0x0083,
  0x0083, 0x0084, 0x0063, 0x2D18, 0x36FF, 0x369F, 0x36BF, 0x36BF, 0x2EBF, 0x56DE, 0xFFBD, 0xFFBD,
  0xFFDD, 0x973E, 0x269F, 0x36BF, 0x269F, 0x2E9F, 0x2E9F, 0x36BF, 0x2E9F, 0xC77D, 0xFFBD, 0xFFBD,
  0xDF9D, 0x36BF, 0x2EBF, 0x36BF, 0x36BF, 0x36BF, 0x36BF, 0x36BF, 0x36BF, 0x36BF, 0x36BF, 0x36BF,
  0x1188, 0x0042, 0x0084, 0x0083, 0x0083, 0x0083, 0x0083, 0x0083, 0x0083, 0x0083, 0x0884, 0x0083,
  0x08A4, 0xCE79, 0xFFFF, 0xF79E, 0xF7BE, 0xF7BE, 0xFFDF, 0xC659, 0x9CF4, 0xA535, 0xA535, 0xA535,
  0xA535, 0xA535, 0x2987, 0x0043, 0x0884, 0x08A4, 0x0002, 0xAD76, 0xFFFF, 0xF79E, 0xF7BE, 0xF79E,
  0xFFFF, 0x9CF4, 0x0022, 0x0884, 0x0884, 0xCE59, 0xFFFF, 0xF79E, 0xF7BE, 0xF7BE, 0xF7BE, 0xF79E,
  0xFFFF, 0xFFDF, 0xF79E, 0xFFDF, 0xFFFF, 0xF79E, 0xF7BE, 0xF7BE, 0xF7BE, 0xF79E, 0xFFFF, 0x5B2D,
  0x0002, 0x08A4, 0x0063, 0xC659, 0xFFFF, 0xF79E, 0xF7BE, 0xF7BE, 0xF7BE, 0xF79E, 0xFFFF, 0xFFFF,
  0xFFFF, 0xFFFF, 0xF79E, 0xF7BE, 0xF7BE, 0xF7BE, 0xF7BE, 0xF79E, 0xFFFF, 0x9CF4, 0x0022, 0x0884,
  0x0883, 0xC659, 0xFFFF, 0xF79E, 0xF7BE, 0xF7BE, 0xF7BE, 0xF79E, 0xFFFF, 0xFFFF, 0xFFFF, 0xFFFF,
  0xF79E, 0xF7BE, 0xF7BE, 0xF7BE, 0xF7BE, 0xF79E, 0xFFFF, 0x9CF4, 0x0022, 0x08A4, 0x0063, 0xBDF8,
  0xFFFF, 0xF79E, 0xF7BE, 0xF7BE, 0xF7BE, 0xF7BE, 0xFFFF, 0xFFFF, 0xFFFF, 0xFFDE, 0xF7BE, 0xF7BE,
  0xF7BE, 0xF79E, 0xFFDF, 0xDEFB, 0x1105, 0x0001, 0x7C11, 0xFFFF, 0xF7BE, 0xF7BE, 0xF7BE, 0xF7BE,
  0xF7BE, 0xF7BE, 0xF7BE, 0xFFDF, 0xF7BE, 0xFFFF, 0x6B6E, 0x0022, 0x0043, 0xAD76, 0xFFFF, 0xF79E,
  0xF7BE, 0xF7BE, 0xF7BE, 0xFFDF, 0xFFFF, 0xFFDF, 0xFFFF, 0xF7BE, 0xF79E, 0xF7BE, 0xF7BE, 0xEF7E,
  0xFFFF, 0x73AF, 0x0022, 0x0043, 0x31E9, 0xF7BE, 0xF7BE, 0xF7BE, 0xF7BE, 0xF7BE, 0xF7BE, 0xF7BE,
  0xFFFF, 0xF7BE, 0xF79E, 0xFFFF, 0xFFDF, 0xF7BE, 0xF7BE, 0xF7BE, 0xF7BE, 0xFFDE, 0xEF5D, 0x2146,
  0x0043, 0x0884, 0x0063, 0xD69A, 0xFFFF, 0xF79E, 0xF7BE, 0xF79E, 0xFFFF, 0x6BAF, 0x0002, 0x08A4,
  0x0083, 0x0083, 0x0083, 0x0083, 0x0083, 0x0083, 0x0083, 0x0083, 0x0083, 0x0084, 0x0063, 0x2D18,
  0x36FF, 0x369F, 0x36BF, 0x36BF, 0x36BF, 0x2EBF, 0x9F3E, 0xF7BD, 0xCF7D, 0x46BF, 0x2EBF, 0x36BF,
  0x973E, 0xB75D, 0x7EFE, 0x2EBF, 0x2EBF, 0x66FE, 0xEF9D, 0xF7BD, 0x76FE, 0x269F, 0x36BF, 0x36BF,
  0x36BF, 0x36BF, 0x36BF, 0x36BF, 0x36BF, 0x36BF, 0x36BF, 0x36BF, 0x11EA, 0x0042, 0x0884, 0x0083,
  0x0083, 0x0083, 0x0083, 0x0083, 0x0083, 0x0083, 0x0884, 0x0083, 0x08A4, 0xCE79, 0xFFFF, 0xF79E,
  0xF7BE, 0xF7BE, 0xF7BE, 0xFFFF, 0xFFFF, 0xFFFF, 0xFFFF, 0xFFFF, 0xFFFF, 0xFFFF, 0x3A2A, 0x0022,
  0x0884, 0x08A4, 0x0002, 0xAD76, 0xFFFF, 0xF79E, 0xF7BE, 0xF79E, 0xFFFF, 0x9CF4, 0x0022, 0x0884,
  0x0884, 0xCE59, 0xFFFF, 0xF79E, 0xF7BE, 0xF7BE, 0xF79E, 0xFFFF, 0xBDD7, 0x422A, 0x2147, 0x424A,
  0xC638, 0xFFFF, 0xF79E, 0xF7BE, 0xF7BE, 0xF79E, 0xFFFF, 0x94D3, 0x0022, 0x0043, 0x3A2A, 0xFFDF,
  0xF7BE, 0xF7BE, 0xF7BE, 0xF7BE, 0xF7BE, 0xFFFF, 0xB5B7, 0x6B8F, 0x6B8F, 0xB5D7, 0xFFFF, 0xF7BE,
  0xF7BE, 0xF7BE, 0xF7BE, 0xF79E, 0xFFFF, 0x9CF4, 0x0042, 0x0042, 0x3A2A, 0xFFDF, 0xF7BE, 0xF7BE,
  0xF7BE, 0xF7BE, 0xF7BE, 0xFFFF, 0xB5B7, 0x6B8F, 0x6B8F, 0xB5B7, 0xFFFF, 0xF7BE, 0xF7BE, 0xF7BE,
  0xF7BE, 0xF79E, 0xFFFF, 0x9CF4, 0x0043, 0x0042, 0x424A, 0xFFDF, 0xF7BE, 0xF7BE, 0xF7BE, 0xF7BE,
  0xF7BE, 0xF7BE, 0x94D3, 0x634E, 0x8452, 0xEF5D, 0xFFDF, 0xF7BE, 0xF7BE, 0xF7BE, 0xF79E, 0xFFFF,
  0x6B8F, 0x0001, 0x2987, 0x3A09, 0x7BF0, 0xFFDF, 0xF7BE, 0xF7BE, 0xF7BE, 0xF7BE, 0xF7BE, 0x632D,
  0x3A09, 0x426B, 0x2146, 0x0022, 0x29A8, 0xF79E, 0xF7BE, 0xF7BE, 0xF7BE, 0xF7BE, 0xFFDF, 0xE71C,
  0x634E, 0x424A, 0x94B3, 0xFFFF, 0xFFDF, 0xFFDF, 0xFFDF, 0xF7DF, 0xFFFF, 0xD69A, 0x08A4, 0x0022,
  0x31E9, 0xF7BE, 0xF7BE, 0xF7BE, 0xF7BE, 0xF7BE, 0xF7BE, 0xFFDF, 0x8C92, 0x29A8, 0x2167, 0x634E,
  0xE73C, 0xFFDF, 0xF7BE, 0xF7BE, 0xF7BE, 0xF79E, 0xFFFF, 0x4AAB, 0x0022, 0x08A4, 0x0063, 0xD69A,
  0xFFFF, 0xF79E, 0xF7BE, 0xF79E, 0xFFFF, 0x6BAF, 0x0002, 0x08A4, 0x0083, 0x0083, 0x0083, 0x0083,
  0x0083, 0x0083, 0x0083, 0x0083, 0x0083, 0x0084, 0x0063, 0x2D38, 0x36FF, 0x369F, 0x369F, 0x369F,
  0x36BF, 0x2EBF, 0x2EBF, 0x4EDF, 0x36BF, 0x2EBF, 0x36BF, 0x36BF, 0xDF9D, 0xFFFC, 0xAF5D, 0x269F,
  0x36BF, 0x2EBF, 0x46BF, 0x46DF, 0x2EBF, 0x36BF, 0x36BF, 0x36BF, 0x36BF, 0x36BF, 0x36BF, 0x36BF,
  0x36BF, 0x36BF, 0x369F, 0x36DF, 0x124B, 0x0022, 0x0884, 0x0083, 0x0083, 0x0083, 0x0083, 0x0083,
  0x0083, 0x0083, 0x0884, 0x0083, 0x08A4, 0xCE79, 0xFFFF, 0xF79E, 0xF7BE, 0xF7BE, 0xF7BE, 0xF79E,
  0xF79E, 0xF79E, 0xF79E, 0xF79E, 0xF79E, 0xF79E, 0x3A09, 0x0042, 0x0884, 0x08A4, 0x0002, 0xAD76,
  0xFFFF, 0xF79E, 0xF7BE, 0xF79E, 0xFFFF, 0x9CF4, 0x0022, 0x0884, 0x0884, 0xCE59, 0xFFFF, 0xF79E,
  0xF7BE, 0xF79E, 0xFFDF, 0xD6BA, 0x08C4, 0x0002, 0x0063, 0x0002, 0x1905, 0xDEFC, 0xFFDF, 0xF7BE,
  0xF7BE, 0xF79E, 0xFFFF, 0xB597, 0x0063, 0x0002, 0x73D0, 0xFFFF, 0xF79E, 0xF7BE, 0xF7BE, 0xF79E,
  0xFFFF, 0x8C92, 0x0022, 0x0002, 0x0002, 0x0022, 0x8C93, 0xFFFF, 0xF79E, 0xF7BE, 0xF7BE, 0xF79E,
  0xFFFF, 0x9CF4, 0x0043, 0x0022, 0x73F0, 0xFFFF, 0xF79E, 0xF7BE, 0xF7BE, 0xF79E, 0xFFFF, 0x8C72,
  0x0022, 0x0002, 0x0002, 0x0022, 0x8C92, 0xFFFF, 0xF79E, 0xF7BE, 0xF7BE, 0xF79E, 0xFFFF, 0x9CF4,
  0x0042, 0x0022, 0x8C72, 0xFFFF, 0xF79E, 0xF7BE, 0xF7BE, 0xF7BE, 0xFFDF, 0x5B0D, 0x0001, 0x0022,
  0x0001, 0x3A2A, 0xEF7D, 0xF7BE, 0xF7BE, 0xF7BE, 0xF79E, 0xFFFF, 0xB5B7, 0x0043, 0x0083, 0x0001,
  0x4A6B, 0xFFFF, 0xF7BE, 0xF7BE, 0xF7BE, 0xF7BE, 0xF7BE, 0x2167, 0x0001, 0x0042, 0x0083, 0x0002,
  0x6B8F, 0xFFFF, 0xF79E, 0xF7BE, 0xF7BE, 0xF7BE, 0xFFDF, 0x4A8B, 0x0001, 0x0042, 0x0001, 0x9CF4,
  0xEF5D, 0xDEFC, 0xE71C, 0xE71C, 0xE71C, 0xE71C, 0x31C8, 0x0001, 0x3A09, 0xF7BE, 0xF7BE, 0xF7BE,
  0xF7BE, 0xF79E, 0xFFFF, 0x94D4, 0x0001, 0x0043, 0x0063, 0x0001, 0x52CC, 0xFFDF, 0xF7BE, 0xF7BE,
  0xF7BE, 0xF79E, 0xFFFF, 0x6B8F, 0x0002, 0x08A4, 0x0063, 0xD69A, 0xFFFF, 0xF79E, 0xF7BE, 0xF79E,
  0xFFFF, 0x6BAF, 0x0002, 0x08A4, 0x0083, 0x0083, 0x0083, 0x0083, 0x0083, 0x0083, 0x0083, 0x0083,
  0x0083, 0x0084, 0x0063, 0x2D38, 0x36FF, 0x369F, 0x369F, 0x369F, 0x36BF, 0x36BF, 0x36BF, 0x2EBF,
  0x36BF, 0x36BF, 0x36BF, 0x2EBF, 0x4EDF, 0x771E, 0x3EBF, 0x2EBF, 0x36BF, 0x36BF, 0x2EBF, 0x2EBF,
  0x36BF, 0x36BF, 0x36BF, 0x36BF, 0x36BF, 0x36BF, 0x36BF, 0x36BF, 0x36BF, 0x36BF, 0x369F, 0x36DF,
  0x1A8D, 0x0022, 0x08A4, 0x0083, 0x0083, 0x0083, 0x0083, 0x0083, 0x0083, 0x0083, 0x0884, 0x0083,
  0x08A4, 0xCE79, 0xFFFF, 0xF79E, 0xF7BE, 0xF7BE, 0xF7BE, 0xF7BE, 0xF7BE, 0xF7BE, 0xF7BE, 0xF7BE,
  0xF7BE, 0xF7BE, 0x3A09, 0x0042, 0x0884, 0x08A4, 0x0002, 0xAD76, 0xFFFF, 0xF79E, 0xF7BE, 0xF79E,
  0xFFFF, 0x9CF4, 0x0022, 0x0884, 0x0884, 0xCE59, 0xFFFF, 0xF79E, 0xF7BE, 0xF79E, 0xFFFF, 0x8C72,
  0x0001, 0x08C4, 0x0884, 0x08A4, 0x0002, 0x9CF4, 0xFFFF, 0xF79E, 0xF7BE, 0xF79E, 0xFFFF, 0xBDF8,
  0x0063, 0x0022, 0x9CF4, 0xFFFF, 0xF79E, 0xF7BE, 0xF7BE, 0xFFDF, 0xDEFB, 0x10C5, 0x0063, 0x08A4,
  0x08A4, 0x0063, 0x10C5, 0xDEFB, 0xFFDF, 0xF7BE, 0xF7BE, 0xF79E, 0xFFFF, 0x9CF4, 0x0042, 0x0042,
  0x9CF4, 0xFFFF, 0xF79E, 0xF7BE, 0xF7BE, 0xFFDF, 0xDEFB, 0x10C4, 0x0063, 0x08A4, 0x08A4, 0x0063,
  0x08C4, 0xDEDB, 0xFFDF, 0xF7BE, 0xF7BE, 0xF79E, 0xFFFF, 0x9CF4, 0x0022, 0x0063, 0xB5D7, 0xFFFF,
  0xF79E, 0xF7BE, 0xF79E, 0xFFFF, 0xBE18, 0x0022, 0x08A4, 0x08A4, 0x08A4, 0x0001, 0x9CF4, 0xFFFF,
  0xF79E, 0xF7BE, 0xF7BE, 0xFFDF, 0xD6DB, 0x10C5, 0x0884, 0x0042, 0x52CC, 0xFFFF, 0xF7BE, 0xF7BE,
  0xF7BE, 0xF7BE, 0xF7BE, 0x31C8, 0x0043, 0x08A4, 0x08A4, 0x0002, 0x94B3, 0xFFFF, 0xF79E, 0xF7BE,
  0xF79E, 0xFFFF, 0xD69A, 0x08A4, 0x0884, 0x08A4, 0x0083, 0x08A4, 0x1946, 0x1926, 0x1926, 0x1926,
  0x1926, 0x1926, 0x10C5, 0x0022, 0x31E9, 0xF7BE, 0xF7BE, 0xF7BE, 0xF7BE, 0xF7BE, 0xFFDF, 0x422A,
  0x0022, 0x08A4, 0x0884, 0x0084, 0x08A4, 0xDEDB, 0xFFDF, 0xF7BE, 0xF7BE, 0xF79E, 0xFFFF, 0x73F0,
  0x0002, 0x08A4, 0x0063, 0xD69A, 0xFFFF, 0xF79E, 0xF7BE, 0xF79E, 0xFFFF, 0x6BAF, 0x0002, 0x08A4,
  0x0083, 0x0083, 0x0083, 0x0083, 0x0083, 0x0083, 0x0083, 0x0083, 0x0083, 0x0084, 0x0063, 0x2D38,
  0x36FF, 0x369F, 0x369F, 0x36BF, 0x36BF, 0x36BF, 0x36BF, 0x36BF, 0x36BF, 0x36BF, 0x36BF, 0x36BF,
  0x2EBF, 0x269F, 0x2EBF, 0x36BF, 0x36BF, 0x36BF, 0x36BF, 0x36BF, 0x36BF, 0x36BF, 0x36BF, 0x36BF,
  0x36BF, 0x36BF, 0x36BF, 0x36BF, 0x36BF, 0x36BF, 0x369F, 0x36FF, 0x1AEE, 0x0022, 0x08A4, 0x0083,
  0x0083, 0x0083, 0x0083, 0x0083, 0x0083, 0x0083, 0x0884, 0x0083, 0x08A4, 0xCE79, 0xFFFF, 0xF79E,
  0xF7BE, 0xF7BE, 0xF7BE, 0xF7BE, 0xF7DF, 0xFFDE, 0xFFDE, 0xFFDE, 0xFFDE, 0xFFDF, 0x3A09, 0x0042,
  0x0884, 0x08A4, 0x0002, 0xAD76, 0xFFFF, 0xF79E, 0xF7BE, 0xF79E, 0xFFFF, 0x9CF4, 0x0022, 0x0884,
  0x0884, 0xCE59, 0xFFFF, 0xF79E, 0xF7BE, 0xF79E, 0xFFFF, 0x73D0, 0x0002, 0x08A4, 0x0083, 0x08A4,
  0x0002, 0x8452, 0xFFFF, 0xF79E, 0xF7BE, 0xF79E, 0xFFFF, 0xBDF8, 0x0063, 0x0043, 0xAD96, 0xFFFF,
  0xF79E, 0xF7BE, 0xF79E, 0xFFFF, 0xB5B7, 0x0022, 0x08A4, 0x0083, 0x0083, 0x08A4, 0x0022, 0xAD96,
  0xFFFF, 0xF79E, 0xF7BE, 0xF79E, 0xFFFF, 0x9CF4, 0x0042, 0x0043, 0xAD96, 0xFFFF, 0xF79E, 0xF7BE,
  0xF79E, 0xFFFF, 0xB5B7, 0x0022, 0x08A4, 0x0083, 0x0083, 0x08A4, 0x0022, 0xAD96, 0xFFFF, 0xF79E,
  0xF7BE, 0xF79E, 0xFFFF, 0x9CF4, 0x0022, 0x0083, 0xCE7A, 0xFFFF, 0xF79E, 0xF7BE, 0xF79E, 0xFFFF,
  0x94B3, 0x0022, 0x08A4, 0x0083, 0x08A4, 0x0002, 0x6B6F, 0xFFFF, 0xF79E, 0xF7BE, 0xF7BE, 0xF7DF,
  0xEF5D, 0x1906, 0x0063, 0x0022, 0x4AAC, 0xFFFF, 0xF7BE, 0xF7BE, 0xF7BE, 0xF7BE, 0xF7BE, 0x29A8,
  0x0042, 0x0884, 0x0884, 0x0022, 0xA555, 0xFFFF, 0xF79E, 0xF7BE, 0xF79E, 0xFFFF, 0xB5B7, 0x0063,
  0x0884, 0x0083, 0x0884, 0x0083, 0x0063, 0x0063, 0x0063, 0x0063, 0x0063, 0x0063, 0x0083, 0x0022,
  0x31E9, 0xF7BE, 0xF7BE, 0xF7BE, 0xF7BE, 0xF7BE, 0xF79E, 0x31E9, 0x0042, 0x0884, 0x0884, 0x0083,
  0x0884, 0xC659, 0xFFFF, 0xF79E, 0xF7BE, 0xF79E, 0xFFFF, 0x73F0, 0x0002, 0x08A4, 0x0063, 0xD69A,
  0xFFFF, 0xF79E, 0xF7BE, 0xF79E, 0xFFFF, 0x6BAF, 0x0002, 0x08A4, 0x0083, 0x0083, 0x0083, 0x0083,
  0x0083, 0x0083, 0x0083, 0x0083, 0x0083, 0x0084, 0x0063, 0x2D38, 0x36FF, 0x369F, 0x36BF, 0x36BF,
  0x36BF, 0x36BF, 0x36BF, 0x36BF, 0x36BF, 0x36BF, 0x36BF, 0x36BF, 0x36BF, 0x36BF, 0x36BF, 0x36BF,
  0x36BF, 0x36BF, 0x36BF, 0x36BF, 0x36BF, 0x36BF, 0x36BF, 0x36BF, 0x36BF, 0x36BF, 0x36BF, 0x36BF,
  0x36BF, 0x36BF, 0x369E, 0x371F, 0x1B70, 0x0001, 0x08A4, 0x0083, 0x0083, 0x0083, 0x0083, 0x0083,
  0x0083, 0x0083, 0x0884, 0x0083, 0x08A4, 0xCE79, 0xFFFF, 0xF79E, 0xF7BE, 0xF79E, 0xFFFF, 0x8C93,
  0x31C8, 0x424A, 0x3A2A, 0x3A2A, 0x3A2A, 0x3A2A, 0x10E5, 0x0063, 0x0884, 0x08A4, 0x0002, 0xAD76,
  0xFFFF, 0xF79E, 0xF7BE, 0xF79E, 0xFFFF, 0x9CF4, 0x0022, 0x0884, 0x0884, 0xCE59, 0xFFFF, 0xF79E,
  0xF7BE, 0xF79E, 0xFFFF, 0x73D0, 0x0002, 0x08A4, 0x0083, 0x08A4, 0x0002, 0x8452, 0xFFFF, 0xF79E,
  0xF7BE, 0xF79E, 0xFFFF, 0xBDF8, 0x0063, 0x0043, 0xB596, 0xFFFF, 0xF79E, 0xF7BE, 0xF79E, 0xFFFF,
  0xAD96, 0x0022, 0x08A4, 0x0083, 0x0083, 0x08A4, 0x0022, 0xAD76, 0xFFFF, 0xF79E, 0xF7BE, 0xF79E,
  0xFFFF, 0x9CF4, 0x0042, 0x0063, 0xAD96, 0xFFFF, 0xF79E, 0xF7BE, 0xF79E, 0xFFFF, 0xAD96, 0x0022,
  0x08A4, 0x0083, 0x0083, 0x08A4, 0x0022, 0xAD76, 0xFFFF, 0xF79E, 0xF7BE, 0xF79E, 0xFFFF, 0x9CF4,
  0x0022, 0x0083, 0xD69A, 0xFFFF, 0xF79E, 0xF7BE, 0xF79E, 0xFFFF, 0x8C92, 0x0022, 0x08A4, 0x0083,
  0x08A4, 0x0002, 0x634E, 0xFFFF, 0xF79E, 0xF7BE, 0xF7BE, 0xF7BE, 0xEF7D, 0x1926, 0x0063, 0x0022,
  0x4AAC, 0xFFFF, 0xF7BE, 0xF7BE, 0xF7BE, 0xF7BE, 0xF7BE, 0x29A8, 0x0042, 0x0884, 0x0884, 0x0042,
  0xA555, 0xFFFF, 0xF79E, 0xF7BE, 0xF79E, 0xFFFF, 0xB5B7, 0x0043, 0x0884, 0x0083, 0x0083, 0x08A4,
  0x08A4, 0x08A4, 0x08A4, 0x08A4, 0x08A4, 0x08A4, 0x08A4, 0x0022, 0x31E9, 0xF7BE, 0xF7BE, 0xF7BE,
  0xF7BE, 0xF7BE, 0xF79E, 0x31E8, 0x0042, 0x0884, 0x0884, 0x0083, 0x0884, 0xC659, 0xFFFF, 0xF79E,
  0xF7BE, 0xF79E, 0xFFFF, 0x73F0, 0x0002, 0x08A4, 0x0063, 0xD69A, 0xFFFF, 0xF79E, 0xF7BE, 0xF79E,
  0xFFFF, 0x6BAF, 0x0002, 0x08A4, 0x0083, 0x0083, 0x0083, 0x0083, 0x0083, 0x0083, 0x0083, 0x0083,
  0x0083, 0x0084, 0x0063, 0x2D18, 0x36FF, 0x369F, 0x36BF, 0x36BF, 0x36BF, 0x36BF, 0x36BF, 0x36BF,
  0x36BF, 0x36BF, 0x36BF, 0x36BF, 0x36BF, 0x36BF, 0x36BF, 0x36BF, 0x36BF, 0x36BF, 0x36BF, 0x36BF,
  0x36BF, 0x36BF, 0x36BF, 0x36BF, 0x36BF, 0x36BF, 0x36BF, 0x36BF, 0x36BF, 0x36BF, 0x369E, 0x373F,
  0x23D2, 0x0001, 0x08A4, 0x0083, 0x0083, 0x0083, 0x0083, 0x0083, 0x0083, 0x0083, 0x0884, 0x0083,
  0x08A4, 0xCE79, 0xFFFF, 0xF79E, 0xF7BE, 0xF79E, 0xFFFF, 0x6B8F, 0x0000, 0x0043, 0x0022, 0x0022,
  0x0022, 0x0022, 0x0063, 0x0083, 0x0083, 0x08A4, 0x0002, 0xAD76, 0xFFFF, 0xF79E, 0xF7BE, 0xF79E,
  0xFFFF, 0x9CF4, 0x0022, 0x0884, 0x0884, 0xCE59, 0xFFFF, 0xF79E, 0xF7BE, 0xF79E, 0xFFFF, 0x73D0,
  0x0002, 0x08A4, 0x0083, 0x08A4, 0x0002, 0x8452, 0xFFFF, 0xF79E, 0xF7BE, 0xF79E, 0xFFFF, 0xBDF8,
  0x0063, 0x0042, 0xA535, 0xFFFF, 0xF79E, 0xF7BE, 0xF79E, 0xFFFF, 0xCE7A, 0x0083, 0x0884, 0x0884,
  0x0884, 0x0884, 0x0063, 0xCE59, 0xFFFF, 0xF79E, 0xF7BE, 0xF79E, 0xFFFF, 0x9CF4, 0x0042, 0x0043,
  0xA535, 0xFFFF, 0xF79E, 0xF7BE, 0xF79E, 0xFFFF, 0xCE9A, 0x0884, 0x0884, 0x08A4, 0x08A4, 0x0884,
  0x0083, 0xCE79, 0xFFFF, 0xF79E, 0xF7BE, 0xF79E, 0xFFFF, 0x9CF4, 0x0022, 0x0063, 0xC618, 0xFFFF,
  0xF79E, 0xF7BE, 0xF79E, 0xFFFF, 0xAD76, 0x0022, 0x08A4, 0x0884, 0x08C4, 0x0001, 0x8431, 0xFFFF,
  0xF79E, 0xF7BE, 0xF7BE, 0xFFDF, 0xDEFC, 0x10E5, 0x0083, 0x0022, 0x4AAC, 0xFFFF, 0xF7BE, 0xF7BE,
  0xF7BE, 0xF7BE, 0xF7BE, 0x29A8, 0x0043, 0x08A4, 0x08A4, 0x0002, 0x9CF4, 0xFFFF, 0xF79E, 0xF7BE,
  0xF79E, 0xFFFF, 0xC659, 0x0884, 0x0884, 0x0884, 0x08A4, 0x0042, 0x0022, 0x0022, 0x0022, 0x0022,
  0x0022, 0x0022, 0x0083, 0x0022, 0x31E9, 0xF7BE, 0xF7BE, 0xF7BE, 0xF7BE, 0xF7BE, 0xF79E, 0x31E8,
  0x0042, 0x0884, 0x0884, 0x0083, 0x0884, 0xC659, 0xFFFF, 0xF79E, 0xF7BE, 0xF79E, 0xFFFF, 0x73F0,
  0x0002, 0x08A4, 0x0063, 0xD69A, 0xFFFF, 0xF79E, 0xF7BE, 0xF79E, 0xFFFF, 0x6BAF, 0x0002, 0x08A4,
  0x0083, 0x0083, 0x0083, 0x0083, 0x0083, 0x0083, 0x0083, 0x0083, 0x0083, 0x0084, 0x0063, 0x2D17,
  0x36FF, 0x369F, 0x36BF, 0x36BF, 0x36BF, 0x36BF, 0x36BF, 0x36BF, 0x36BF, 0x36BF, 0x36BF, 0x36BF,
  0x36BF, 0x36BF, 0x36BF, 0x36BF, 0x36BF, 0x36BF, 0x36BF, 0x36BF, 0x36BF, 0x36BF, 0x36BF, 0x36BF,
  0x36BF, 0x36BF, 0x36BF, 0x36BF, 0x36BF, 0x36BF, 0x369E, 0x371F, 0x2454, 0x0022, 0x0084, 0x0083,
  0x0083, 0x0083, 0x0083, 0x0083, 0x0083, 0x0083, 0x0884, 0x0083, 0x08A4, 0xCE79, 0xFFFF, 0xF79E,
  0xF7BE, 0xF79E, 0xFFFF, 0x73AF, 0x0002, 0x08A4, 0x0884, 0x0884, 0x0884, 0x0884, 0x0883, 0x0083,
  0x0083, 0x08A4, 0x0002, 0xAD76, 0xFFFF, 0xF79E, 0xF7BE, 0xF79E, 0xFFFF, 0x9CF4, 0x0022, 0x0884,
  0x0884, 0xCE59, 0xFFFF, 0xF79E, 0xF7BE, 0xF79E, 0xFFFF, 0x73D0, 0x0002, 0x08A4, 0x0083, 0x08A4,
  0x0002, 0x8452, 0xFFFF, 0xF79E, 0xF7BE, 0xF79E, 0xFFFF, 0xBDF8, 0x0083, 0x0002, 0x8451, 0xFFFF,
  0xF79E, 0xF7BE, 0xF7BE, 0xF7BE, 0xFFDF, 0x5AED, 0x0001, 0x0063, 0x0063, 0x0001, 0x52CC, 0xFFDF,
  0xF7BE, 0xF7BE, 0xF7BE, 0xF79E, 0xFFFF, 0x9CF4, 0x0043, 0x0022, 0x8431, 0xFFFF, 0xF79E, 0xF7BE,
  0xF7BE, 0xF79E, 0xFFFF, 0x634E, 0x0001, 0x0043, 0x0043, 0x0001, 0x5B2D, 0xFFFF, 0xF79E, 0xF7BE,
  0xF7BE, 0xF79E, 0xFFFF, 0x9CF4, 0x0042, 0x0042, 0x9D14, 0xFFFF, 0xF79E, 0xF7BE, 0xF7BE, 0xFFDF,
  0xEF5D, 0x2167, 0x0001, 0x0083, 0x0002, 0x10C4, 0xD6BB, 0xFFDF, 0xF79E, 0xF7BE, 0xF79E, 0xFFFF,
  0xC618, 0x0063, 0x08A4, 0x0022, 0x4AAB, 0xFFFF, 0xF7BE, 0xF7BE, 0xF7BE, 0xF7BE, 0xFFDF, 0x2987,
  0x0001, 0x0022, 0x0083, 0x0002, 0x7BF0, 0xFFFF, 0xF79E, 0xF7BE, 0xF7BE, 0xF7BE, 0xF79E, 0x29A8,
  0x0001, 0x0884, 0x0001, 0x6B8F, 0xBE18, 0xB5B7, 0xBDD7, 0xB5D7, 0xB5D7, 0xBDF8, 0x31C8, 0x0001,
  0x3A09, 0xF7BE, 0xF7BE, 0xF7BE, 0xF7BE, 0xF7BE, 0xF79E, 0x31E8, 0x0042, 0x0884, 0x0884, 0x0083,
  0x0884, 0xC659, 0xFFFF, 0xF79E, 0xF7BE, 0xF79E, 0xFFFF, 0x73F0, 0x0002, 0x08A4, 0x0063, 0xD69A,
  0xFFFF, 0xF79E, 0xF7BE, 0xF79E, 0xFFFF, 0x6BAF, 0x0002, 0x08A4, 0x0083, 0x0083, 0x0083, 0x0083,
  0x0083, 0x0083, 0x0083, 0x0083, 0x0083, 0x0084, 0x0043, 0x2CD6, 0x36FF, 0x369F, 0x36BF, 0x36BF,
  0x36BF, 0x36BF, 0x36BF, 0x36BF, 0x36BF, 0x36BF, 0x36BF, 0x36BF, 0x36BF, 0x36BF, 0x36BF, 0x36BF,
  0x36BF, 0x36BF, 0x36BF, 0x36BF, 0x36BF, 0x36BF, 0x36BF, 0x36BF, 0x36BF, 0x36BF, 0x36BF, 0x36BF,
  0x36BF, 0x36BF, 0x369F, 0x36FF, 0x2CF7, 0x0063, 0x0084, 0x0083, 0x0083, 0x0083, 0x0083, 0x0083,
  0x0083, 0x0083, 0x0884, 0x0083, 0x08A4, 0xCE79, 0xFFFF, 0xF79E, 0xF7BE, 0xF79E, 0xFFFF, 0x73AF,
  0x0001, 0x08A4, 0x0083, 0x0083, 0x0083, 0x0083, 0x0083, 0x0083, 0x0083, 0x08A4, 0x0002, 0xAD76,
  0xFFFF, 0xF79E, 0xF7BE, 0xF79E, 0xFFFF, 0x9CF4, 0x0022, 0x0884, 0x0884, 0xCE59, 0xFFFF, 0xF79E,
  0xF7BE, 0xF79E, 0xFFFF, 0x73D0, 0x0002, 0x08A4, 0x0083, 0x08A4, 0x0002, 0x8452, 0xFFFF, 0xF79E,
  0xF7BE, 0xF79E, 0xFFFF, 0xBDF8, 0x0083, 0x0022, 0x52CC, 0xFFFF, 0xF79E, 0xF7BE, 0xF7BE, 0xF7BE,
  0xFFDF, 0xEF7D, 0x6B6F, 0x2146, 0x2146, 0x6B6E, 0xEF5D, 0xFFDF, 0xF7BE, 0xF7BE, 0xF7BE, 0xF79E,
  0xFFFF, 0x9CF4, 0x0043, 0x0022, 0x4AAB, 0xFFFF, 0xF79E, 0xF7BE, 0xF7BE, 0xF7BE, 0xF7BE, 0xF79E,
  0x7C11, 0x31C8, 0x31C8, 0x7BF0, 0xF79E, 0xF7BE, 0xF7BE, 0xF7BE, 0xF7BE, 0xF79E, 0xFFFF, 0x9CF4,
  0x0043, 0x0022, 0x632D, 0xFFFF, 0xF79E, 0xF7BE, 0xF7BE, 0xF79E, 0xFFFF, 0xCE59, 0x422A, 0x1926,
  0x3A09, 0xBDF8, 0xFFFF, 0xF79E, 0xF7BE, 0xF7BE, 0xF79E, 0xFFFF, 0x8452, 0x0002, 0x08A4, 0x0022,
  0x424A, 0xF7BE, 0xF7BE, 0xF7BE, 0xF7BE, 0xF79E, 0xFFFF, 0x9D14, 0x4A6A, 0x4AAC, 0x2167, 0x0002,
  0x3A2A, 0xFFDF, 0xF7BE, 0xF7BE, 0xF7BE, 0xF79E, 0xFFFF, 0xC638, 0x29A8, 0x08C4, 0x52EC, 0xF79E,
  0xFFFF, 0xFFFF, 0xFFFF, 0xFFFF, 0xFFFF, 0xEF5D, 0x1905, 0x0002, 0x3A09, 0xF7BE, 0xF7BE, 0xF7BE,
  0xF7BE, 0xF7BE, 0xF79E, 0x31E8, 0x0042, 0x0884, 0x0884, 0x0083, 0x0884, 0xC659, 0xFFFF, 0xF79E,
  0xF7BE, 0xF79E, 0xFFFF, 0x73F0, 0x0002, 0x08A4, 0x0063, 0xD69A, 0xFFFF, 0xF79E, 0xF7BE, 0xF79E,
  0xFFFF, 0x6BAF, 0x0002, 0x08A4, 0x0083, 0x0083, 0x0083, 0x0083, 0x0083, 0x0083, 0x0083, 0x0083,
  0x0083, 0x0084, 0x0042, 0x2C95, 0x371F, 0x369F, 0x36BF, 0x36BF, 0x36BF, 0x36BF, 0x36BF, 0x36BF,
  0x36BF, 0x36BF, 0x36BF, 0x36BF, 0x36BF, 0x36BF, 0x36BF, 0x36BF, 0x36BF, 0x36BF, 0x36BF, 0x36BF,
  0x36BF, 0x36BF, 0x36BF, 0x36BF, 0x36BF, 0x36BF, 0x36BF, 0x36BF, 0x36BF, 0x36BF, 0x369F, 0x36DF,
  0x2D9A, 0x0883, 0x0083, 0x0084, 0x0083, 0x0083, 0x0083, 0x0083, 0x0083, 0x0083, 0x0884, 0x0083,
  0x08A4, 0xCE79, 0xFFFF, 0xF79E, 0xF7BE, 0xF79E, 0xFFFF, 0x73AF, 0x0001, 0x08A4, 0x0083, 0x0083,
  0x0083, 0x0083, 0x0083, 0x0083, 0x0083, 0x08A4, 0x0002, 0xAD76, 0xFFFF, 0xF79E, 0xF7BE, 0xF79E,
  0xFFFF, 0x9CF4, 0x0022, 0x0884, 0x0884, 0xCE59, 0xFFFF, 0xF79E, 0xF7BE, 0xF79E, 0xFFFF, 0x73D0,
  0x0002, 0x08A4, 0x0083, 0x08A4, 0x0002, 0x8452, 0xFFFF, 0xF79E, 0xF7BE, 0xF79E, 0xFFFF, 0xBDF8,
  0x0063, 0x0063, 0x10E5, 0xDEFC, 0xFFDF, 0xF79E, 0xF7BE, 0xF7BE, 0xF7BE, 0xFFDF, 0xFFFF, 0xEF5D,
  0xEF5D, 0xFFFF, 0xFFDF, 0xF7BE, 0xF7BE, 0xF7BE, 0xF7BE, 0xF79E, 0xFFFF, 0x9CF4, 0x0022, 0x0083,
  0x10C5, 0xDEDB, 0xFFDF, 0xF79E, 0xF7BE, 0xF7BE, 0xF7BE, 0xF7BE, 0xFFFF, 0xF79E, 0xF79E, 0xFFFF,
  0xF7BE, 0xF7BE, 0xF7BE, 0xF7BE, 0xF7BE, 0xF79E, 0xFFFF, 0x9CF4, 0x0022, 0x0083, 0x10E5, 0xDEFC,
  0xFFDF, 0xF79E, 0xF7BE, 0xF7BE, 0xF79E, 0xFFFF, 0xFFDF, 0xE73D, 0xF7BE, 0xFFFF, 0xF79E, 0xF7BE,
  0xF7BE, 0xF7BE, 0xF7BE, 0xF79E, 0x29A8, 0x0043, 0x08A4, 0x0043, 0x2146, 0xEF7D, 0xFFDE, 0xF7BE,
  0xF7BE, 0xF7BE, 0xF7BE, 0xFFFF, 0xFFDF, 0xFFFF, 0x6B6E, 0x0002, 0x0884, 0xC639, 0xFFFF, 0xF79E,
  0xF7BE, 0xF7BE, 0xF7BE, 0xFFFF, 0xF79E, 0xE71C, 0xFFDF, 0xFFDE, 0xF79E, 0xF79E, 0xF79E, 0xEF7D,
  0xFFFF, 0x8C72, 0x0022, 0x0043, 0x31E9, 0xF7BE, 0xF7BE, 0xF7BE, 0xF7BE, 0xF7BE, 0xF79E, 0x31E8,
  0x0042, 0x0884, 0x0884, 0x0083, 0x0884, 0xC659, 0xFFFF, 0xF79E, 0xF7BE, 0xF79E, 0xFFFF, 0x73F0,
  0x0002, 0x08A4, 0x0063, 0xD69A, 0xFFFF, 0xF79E, 0xF7BE, 0xF79E, 0xFFFF, 0x6BAF, 0x0002, 0x08A4,
  0x0083, 0x0083, 0x0083, 0x0083, 0x0083, 0x0083, 0x0083, 0x0083, 0x0083, 0x0084, 0x0022, 0x2454,
  0x371F, 0x369F, 0x36BF, 0x36BF, 0x36BF, 0x36BF, 0x36BF, 0x36BF, 0x36BF, 0x36BF, 0x36BF, 0x36BF,
  0x36BF, 0x36BF, 0x36BF, 0x36BF, 0x36BF, 0x36BF, 0x36BF, 0x36BF, 0x36BF, 0x36BF, 0x36BF, 0x36BF,
  0x36BF, 0x36BF, 0x36BF, 0x36BF, 0x36BF, 0x36BF, 0x369F, 0x36DF, 0x363D, 0x08E5, 0x0063, 0x0084,
  0x0083, 0x0083, 0x0083, 0x0083, 0x0083, 0x0083, 0x0884, 0x0083, 0x08A4, 0xCE79, 0xFFFF, 0xF79E,
  0xF7BE, 0xF79E, 0xFFFF, 0x73AF, 0x0001, 0x08A4, 0x0083, 0x0083, 0x0083, 0x0083, 0x0083, 0x0083,
  0x0083, 0x08A4, 0x0002, 0xAD76, 0xFFFF, 0xF79E, 0xF7BE, 0xF79E, 0xFFFF, 0x9CF4, 0x0022, 0x0884,
  0x0884, 0xCE59, 0xFFFF, 0xF79E, 0xF7BE, 0xF79E, 0xFFFF, 0x73D0, 0x0002, 0x08A4, 0x0083, 0x08A4,
  0x0002, 0x8452, 0xFFFF, 0xF79E, 0xF7BE, 0xF79E, 0xFFFF, 0xBDF8, 0x0063, 0x08A4, 0x0002, 0x7C11,
  0xFFFF, 0xF79E, 0xF7BE, 0xF7BE, 0xF7BE, 0xF7BE, 0xF79E, 0xFFDE, 0xFFDF, 0xF79E, 0xF79E, 0xF7BE,
  0xF7BE, 0xF7BE, 0xF7BE, 0xF79E, 0xFFFF, 0x9CF4, 0x0022, 0x08A4, 0x0002, 0x73D0, 0xFFFF, 0xF79E,
  0xF7BE, 0xF7BE, 0xF7BE, 0xF7BE, 0xF79E, 0xF7BE, 0xF7BE, 0xF79E, 0xF79E, 0xF7BE, 0xF7BE, 0xF7BE,
  0xF7BE, 0xF79E, 0xFFFF, 0x9CF4, 0x0022, 0x08A4, 0x0022, 0x636E, 0xFFFF, 0xF79E, 0xF7BE, 0xF7BE,
  0xF7BE, 0xF79E, 0xF7BE, 0xFFDF, 0xF7BE, 0xF79E, 0xF7BE, 0xF7BE, 0xF7BE, 0xF79E, 0xFFFF, 0x8C72,
  0x0022, 0x08A4, 0x0083, 0x0884, 0x0043, 0xBDF8, 0xFFFF, 0xF79E, 0xF7BE, 0xF7BE, 0xF7BE, 0xF79E,
  0xF79E, 0xFFFF, 0x634E, 0x0022, 0x0042, 0x4AAB, 0xFFFF, 0xF79E, 0xF7BE, 0xF7BE, 0xF7BE, 0xF79E,
  0xF7BE, 0xFFDF, 0xF7BE, 0xF7BE, 0xF7BE, 0xF7BE, 0xF79E, 0xFFDF, 0xE75D, 0x2146, 0x0063, 0x0042,
  0x31E9, 0xF7BE, 0xF7BE, 0xF7BE, 0xF7BE, 0xF7BE, 0xF79E, 0x31E8, 0x0042, 0x0884, 0x0884, 0x0083,
  0x0884, 0xC659, 0xFFFF, 0xF79E, 0xF7BE, 0xF79E, 0xFFFF, 0x73F0, 0x0002, 0x08A4, 0x0063, 0xD69A,
  0xFFFF, 0xF79E, 0xF7BE, 0xF79E, 0xFFFF, 0x6BAF, 0x0002, 0x08A4, 0x0083, 0x0083, 0x0083, 0x0083,
  0x0083, 0x0083, 0x0083, 0x0083, 0x0083, 0x08A4, 0x0022, 0x23F3, 0x371F, 0x369F, 0x36BF, 0x36BF,
  0x36BF, 0x36BF, 0x36BF, 0x36BF, 0x36BF, 0x36BF, 0x36BF, 0x36BF, 0x36BF, 0x36BF, 0x36BF, 0x36BF,
  0x36BF, 0x36BF, 0x36BF, 0x36BF, 0x36BF, 0x36BF, 0x36BF, 0x36BF, 0x36BF, 0x36BF, 0x36BF, 0x36BF,
  0x36BF, 0x36BF, 0x36BF, 0x36BF, 0x369E, 0x11A8, 0x0042, 0x0884, 0x0083, 0x0083, 0x0083, 0x0083,
  0x0083, 0x0083, 0x0884, 0x0083, 0x08A4, 0xCE59, 0xFFFF, 0xF79E, 0xF7BE, 0xF79E, 0xFFFF, 0x73AF,
  0x0001, 0x08A4, 0x0083, 0x0083, 0x0083, 0x0083, 0x0083, 0x0083, 0x0083, 0x08A4, 0x0002, 0xAD76,
  0xFFFF, 0xF79E, 0xF7BE, 0xF79E, 0xFFFF, 0x9CF4, 0x0022, 0x0884, 0x0884, 0xCE59, 0xFFFF, 0xF79E,
  0xF7BE, 0xF79E, 0xFFFF, 0x73D0, 0x0002, 0x08A4, 0x0083, 0x08A4, 0x0002, 0x8452, 0xFFFF, 0xF79E,
  0xF7BE, 0xF79E, 0xFFFF, 0xBDF8, 0x0063, 0x0884, 0x0063, 0x08A4, 0xCE59, 0xFFFF, 0xEF9E, 0xF7BE,
  0xF7BE, 0xF7BE, 0xF7BE, 0xF7BE, 0xF79E, 0xF79E, 0xFFDF, 0xEF7E, 0xF7BE, 0xF7BE, 0xF7BE, 0xF79E,
  0xFFFF, 0x9CF4, 0x0022, 0x08A4, 0x0083, 0x0884, 0xBE18, 0xFFFF, 0xF79E, 0xF7BE, 0xF7BE, 0xF7BE,
  0xF7BE, 0xF7BE, 0xF79E, 0xF7BE, 0xFFDF, 0xEF7D, 0xF7BE, 0xF7BE, 0xF7BE, 0xF79E, 0xFFFF, 0x9CF4,
  0x0022, 0x08A4, 0x0884, 0x0042, 0x9CF4, 0xFFFF, 0xF79E, 0xF79E, 0xF7BE, 0xF7BE, 0xF7BE, 0xF7BE,
  0xF7BE, 0xF7BE, 0xF7BE, 0xF79E, 0xF79E, 0xFFFF, 0xB5B7, 0x0883, 0x0083, 0x0884, 0x0083, 0x08A4,
  0x0022, 0x4A8B, 0xFFFF, 0xF7BE, 0xF79E, 0xF7BE, 0xF7BE, 0xF7BE, 0xF79E, 0xFFFF, 0x636E, 0x0022,
  0x08A4, 0x0022, 0x8C72, 0xFFFF, 0xF7BE, 0xF79E, 0xF7BE, 0xF7BE, 0xF7BE, 0xF7BE, 0xF7BE, 0xF7BE,
  0xF7BE, 0xF79E, 0xFFDF, 0xFFFF, 0x52CC, 0x0022, 0x08A4, 0x0022, 0x31E9, 0xF79E, 0xF7BE, 0xF79E,
  0xF79E, 0xF7BE, 0xF79E, 0x31E8, 0x0042, 0x0884, 0x0884, 0x0083, 0x0884, 0xC659, 0xFFFF, 0xF79E,
  0xF7BE, 0xF79E, 0xFFFF, 0x73F0, 0x0002, 0x08A4, 0x0063, 0xD69A, 0xFFFF, 0xF79E, 0xF7BE, 0xF79E,
  0xFFFF, 0x6BAF, 0x0002, 0x08A4, 0x0083, 0x0083, 0x0083, 0x0083, 0x0083, 0x0083, 0x0083, 0x0083,
  0x0083, 0x08A4, 0x0001, 0x2370, 0x3F3F, 0x369E, 0x36BF, 0x36BF, 0x36BF, 0x36BF, 0x36BF, 0x36BF,
  0x36BF, 0x36BF, 0x36BF, 0x36BF, 0x36BF, 0x36BF, 0x369F, 0x369F, 0x36BF, 0x36BF, 0x36BF, 0x36BF,
  0x36BF, 0x36BF, 0x36BF, 0x36BF, 0x36BF, 0x36BF, 0x36BF, 0x36BF, 0x36BF, 0x36BF, 0x36BF, 0x369F,
  0x36FF, 0x1A8C, 0x0022, 0x08A4, 0x0083, 0x0083, 0x0083, 0x0083, 0x0083, 0x0083, 0x0884, 0x0083,
  0x08A4, 0xCE79, 0xFFFF, 0xF7BE, 0xF7BE, 0xF79E, 0xFFFF, 0x73AF, 0x0001, 0x08A4, 0x0083, 0x0083,
  0x0083, 0x0083, 0x0083, 0x0083, 0x0083, 0x08A4, 0x0002, 0xAD76, 0xFFFF, 0xF79E, 0xF7BE, 0xF79E,
  0xFFFF, 0x9CF4, 0x0022, 0x0884, 0x0884, 0xCE59, 0xFFFF, 0xF79E, 0xF7BE, 0xF79E, 0xFFFF, 0x73D0,
  0x0002, 0x08A4, 0x0083, 0x08A4, 0x0002, 0x8452, 0xFFFF, 0xF79E, 0xF7BE, 0xF79E, 0xFFFF, 0xBDF8,
  0x0063, 0x0884, 0x0884, 0x0043, 0x2167, 0xD69A, 0xFFFF, 0xF7BE, 0xF79E, 0xF79E, 0xF79E, 0xF79E,
  0xF7BE, 0xFFFF, 0x9CF4, 0xAD76, 0xFFFF, 0xF79E, 0xF7BE, 0xF79E, 0xFFFF, 0x9CF4, 0x0022, 0x0884,
  0x0884, 0x0043, 0x1905, 0xC639, 0xFFFF, 0xFFDF, 0xF79E, 0xF79E, 0xF79E, 0xF79E, 0xFFDF, 0xFFFF,
  0x8CB3, 0xA555, 0xFFFF, 0xF79E, 0xF7BE, 0xF79E, 0xFFFF, 0x9CF4, 0x0022, 0x0884, 0x0884, 0x0083,
  0x0063, 0x8C72, 0xFFFF, 0xFFFF, 0xF7BE, 0xF79E, 0xF79E, 0xF79E, 0xF79E, 0xF79E, 0xF7BE, 0xFFFF,
  0xFFFF, 0x9D15, 0x08A4, 0x0063, 0x0884, 0x0083, 0x0083, 0x0083, 0x0884, 0x0022, 0x73D0, 0xFFFF,
  0xFFFF, 0xFFDF, 0xF7BE, 0xF7BE, 0xF79E, 0xFFFF, 0x636E, 0x0022, 0x08A4, 0x0083, 0x0043, 0x8431,
  0xFFDF, 0xFFFF, 0xF7BE, 0xF79E, 0xF79E, 0xF79E, 0xF79E, 0xF79E, 0xFFDF, 0xFFFF, 0xEF7D, 0x5AED,
  0x0022, 0x08A4, 0x0884, 0x0022, 0x31E9, 0xF7BE, 0xF7BE, 0xF7BE, 0xF7BE, 0xF7BE, 0xF79E, 0x31E8,
  0x0042, 0x0884, 0x0884, 0x0083, 0x0884, 0xC659, 0xFFFF, 0xF79E, 0xF7BE, 0xF79E, 0xFFFF, 0x73F0,
  0x0002, 0x08A4, 0x0063, 0xD69A, 0xFFFF, 0xF79E, 0xF7BE, 0xF79E, 0xFFFF, 0x6BAF, 0x0002, 0x08A4,
  0x0083, 0x0083, 0x0083, 0x0083, 0x0083, 0x0083, 0x0083, 0x0083, 0x0083, 0x08A4, 0x0022, 0x1AEE,
  0x36FF, 0x369F, 0x36BF, 0x36BF, 0x36BF, 0x36BF, 0x36BF, 0x36BF, 0x36BF, 0x36BF, 0x36BF, 0x36BF,
  0x36BF, 0x36BF, 0x36BF, 0x36BF, 0x36BF, 0x36BF, 0x36BF, 0x36BF, 0x36BF, 0x36BF, 0x36BF, 0x36BF,
  0x36BF, 0x36BF, 0x36BF, 0x36BF, 0x36BF, 0x36BF, 0x36BF, 0x369F, 0x371F, 0x23D2, 0x0022, 0x00A4,
  0x0083, 0x0083, 0x0083, 0x0083, 0x0083, 0x0083, 0x0884, 0x0083, 0x08A4, 0xC639, 0xF7BE, 0xEF7D,
  0xEF7D, 0xEF5D, 0xFFDF, 0x6B8F, 0x0001, 0x08A4, 0x0083, 0x0083, 0x0083, 0x0083, 0x0083, 0x0083,
  0x0083, 0x08A4, 0x0002, 0xAD76, 0xFFFF, 0xF79E, 0xF7BE, 0xF79E, 0xFFFF, 0x9CF4, 0x0022, 0x0884,
  0x0884, 0xCE59, 0xFFFF, 0xF7BE, 0xF7BE, 0xF79E, 0xFFFF, 0x73D0, 0x0002, 0x08A4, 0x0083, 0x08A4,
  0x0002, 0x8452, 0xFFFF, 0xF79E, 0xF7BE, 0xF79E, 0xFFFF, 0xBDF8, 0x0063, 0x0884, 0x0083, 0x08A4,
  0x0042, 0x10E5, 0x94D3, 0xEF5D, 0xFFFF, 0xFFFF, 0xFFFF, 0xFFFF, 0xEF5D, 0x8C72, 0x0022, 0xA555,
  0xFFFF, 0xF79E, 0xF7BE, 0xF79E, 0xFFFF, 0x9CF4, 0x0022, 0x0884, 0x0083, 0x08A4, 0x0063, 0x10C4,
  0x8431, 0xE71C, 0xFFFF, 0xFFFF, 0xFFFF, 0xFFFF, 0xDEFC, 0x7C10, 0x0001, 0xA555, 0xFFFF, 0xF79E,
  0xF7BE, 0xF79E, 0xFFFF, 0x9CF4, 0x0022, 0x0884, 0x0083, 0x0884, 0x0083, 0x0022, 0x424A, 0xAD96,
  0xEF5D, 0xFFFF, 0xFFFF, 0xFFFF, 0xFFFF, 0xFFFF, 0xEF7D, 0xBDD7, 0x4AAC, 0x0042, 0x0063, 0x0884,
  0x0083, 0x0083, 0x0083, 0x0083, 0x0083, 0x0884, 0x0022, 0x424A, 0xAD96, 0xE71C, 0xEF7E, 0xF7BE,
  0xF79E, 0xFFFF, 0x636E, 0x0022, 0x08A4, 0x0884, 0x0083, 0x0022, 0x424A, 0xB5B7, 0xEF7D, 0xFFFF,
  0xFFFF, 0xFFFF, 0xFFFF, 0xFFFF, 0xE73D, 0xA515, 0x2987, 0x0022, 0x08A4, 0x0083, 0x0884, 0x0022,
  0x31E9, 0xF7BE, 0xF7BE, 0xF7BE, 0xF7BE, 0xF7BE, 0xF79E, 0x31E8, 0x0042, 0x0884, 0x0884, 0x0083,
  0x0884, 0xC659, 0xFFFF, 0xF7BE, 0xF7BE, 0xF79E, 0xFFFF, 0x73F0, 0x0002, 0x08A4, 0x0063, 0xD69A,
  0xFFFF, 0xF7BE, 0xF7BE, 0xF79E, 0xFFFF, 0x6BAF, 0x0002, 0x08A4, 0x0083, 0x0083, 0x0083, 0x0083,
  0x0083, 0x0083, 0x0083, 0x0083, 0x0083, 0x0884, 0x0022, 0x1A4B, 0x36DF, 0x36BF, 0x36BF, 0x36BF,
  0x36BF, 0x36BF, 0x36BF, 0x36BF, 0x36BF, 0x36BF, 0x36BF, 0x36BF, 0x36BF, 0x36BF, 0x36BF, 0x36BF,
  0x36BF, 0x36BF, 0x36BF, 0x36BF, 0x36BF, 0x36BF, 0x36BF, 0x36BF, 0x36BF, 0x36BF, 0x36BF, 0x36BF,
  0x36BF, 0x36BF, 0x36BF, 0x369F, 0x36FF, 0x3538, 0x0043, 0x0084, 0x0083, 0x0083, 0x0083, 0x0083,
  0x0083, 0x0083, 0x0083, 0x0083, 0x0884, 0x2187, 0x31C8, 0x29A8, 0x29A8, 0x29A8, 0x31C8, 0x1905,
  0x0063, 0x0884, 0x0083, 0x0083, 0x0083, 0x0083, 0x0083, 0x0083, 0x0083, 0x0884, 0x0063, 0x2987,
  0x3A2A, 0x3A09, 0x3A09, 0x3A09, 0x3A2A, 0x2987, 0x0063, 0x0083, 0x0883, 0x31C8, 0x3A2A, 0x3A09,
  0x3A09, 0x3A09, 0x3A2A, 0x1946, 0x0063, 0x0884, 0x0083, 0x0884, 0x0063, 0x2167, 0x3A2A, 0x3A09,
  0x3A09, 0x3A09, 0x3A2A, 0x29A8, 0x0083, 0x0083, 0x0083, 0x0083, 0x0884, 0x0063, 0x0022, 0x2146,
  0x5AEC, 0x73D0, 0x73D0, 0x5AED, 0x2146, 0x0022, 0x0063, 0x29A8, 0x3A2A, 0x3A09, 0x3A09, 0x3A09,
  0x3A2A, 0x2987, 0x0063, 0x0884, 0x0063, 0x0022, 0x0042, 0x0022, 0x0000, 0x0884, 0x3A09, 0x5B2D,
  0x632D, 0x426B, 0x10E5, 0x0022, 0x0022, 0xAD76, 0xFFFF, 0xF79E, 0xF7BE, 0xF79E, 0xFFFF, 0x9CF4,
  0x0022, 0x08A4, 0x0083, 0x0083, 0x0884, 0x0884, 0x0022, 0x0022, 0x2167, 0x52AC, 0x6B8F, 0x7BF0,
  0x6BAF, 0x52CC, 0x2987, 0x0043, 0x0022, 0x0884, 0x0884, 0x0083, 0x0083, 0x0083, 0x0083, 0x0083,
  0x0083, 0x0083, 0x0884, 0x0022, 0x0022, 0x1105, 0x31C8, 0x3A09, 0x3A09, 0x3A2A, 0x1926, 0x0063,
  0x0884, 0x0083, 0x0083, 0x08A4, 0x0022, 0x0042, 0x2187, 0x52CC, 0x6BAF, 0x7BF0, 0x6B8F, 0x4AAB,
  0x2146, 0x0022, 0x0043, 0x08A4, 0x0083, 0x0083, 0x0883, 0x0063, 0x10C5, 0x3A09, 0x3A09, 0x3A09,
  0x3A09, 0x3A09, 0x3A09, 0x10C5, 0x0063, 0x0083, 0x0083, 0x0083, 0x0083, 0x31C8, 0x3A2A, 0x3A09,
  0x3A09, 0x3A09, 0x3A2A, 0x2146, 0x0063, 0x0884, 0x0083, 0x31E8, 0x3A2A, 0x3A09, 0x3A09, 0x3A09,
  0x3A2A, 0x1926, 0x0063, 0x0884, 0x0083, 0x0083, 0x0083, 0x0083, 0x0083, 0x0083, 0x0083, 0x0083,
  0x0083, 0x0084, 0x0043, 0x1188, 0x369E, 0x36BF, 0x369F, 0x369F, 0x36BF, 0x36BF, 0x36BF, 0x36BF,
  0x36BF, 0x36BF, 0x36BF, 0x36BF, 0x36BF, 0x36BF, 0x36BF, 0x36BF, 0x36BF, 0x36BF, 0x36BF, 0x36BF,
  0x36BF, 0x36BF, 0x36BF, 0x36BF, 0x36BF, 0x36BF, 0x36BF, 0x36BF, 0x36BF, 0x36BF, 0x36BF, 0x369F,
  0x36BF, 0x365D, 0x0926, 0x0063, 0x0084, 0x0083, 0x0083, 0x0083, 0x0083, 0x0083, 0x0083, 0x0083,
  0x0083, 0x0043, 0x0042, 0x0043, 0x0043, 0x0043, 0x0042, 0x0063, 0x0084, 0x0083, 0x0083, 0x0083,
  0x0083, 0x0083, 0x0083, 0x0083, 0x0083, 0x0083, 0x0084, 0x0043, 0x0022, 0x0022, 0x0022, 0x0022,
  0x0022, 0x0043, 0x0083, 0x0083, 0x0083, 0x0042, 0x0022, 0x0022, 0x0022, 0x0022, 0x0022, 0x0063,
  0x0084, 0x0083, 0x0083, 0x0083, 0x0084, 0x0063, 0x0022, 0x0022, 0x0022, 0x0022, 0x0022, 0x0043,
  0x0083, 0x0083, 0x0083, 0x0083, 0x0083, 0x0884, 0x08A4, 0x0043, 0x0002, 0x0002, 0x0002, 0x0002,
  0x0043, 0x08A4, 0x0884, 0x0043, 0x0022, 0x0022, 0x0022, 0x0022, 0x0022, 0x0043, 0x0884, 0x0063,
  0x10C4, 0x424A, 0x424A, 0x424A, 0x426A, 0x3A2A, 0x31E9, 0x0022, 0x0002, 0x0042, 0x0884, 0x08A4,
  0x0063, 0xCE59, 0xFFFF, 0xF79E, 0xF7BE, 0xF79E, 0xFFFF, 0x8C72, 0x0002, 0x08A4, 0x0083, 0x0083,
  0x0083, 0x0083, 0x08A4, 0x0884, 0x0043, 0x0002, 0x0002, 0x0022, 0x0002, 0x0002, 0x0043, 0x0884,
  0x08A4, 0x0083, 0x0083, 0x0083, 0x0083, 0x0083, 0x0083, 0x0083, 0x0083, 0x0083, 0x0083, 0x08A4,
  0x0884, 0x0063, 0x0042, 0x0022, 0x0022, 0x0022, 0x0063, 0x0084, 0x0083, 0x0083, 0x0083, 0x0083,
  0x0884, 0x0884, 0x0043, 0x0002, 0x0002, 0x0022, 0x0002, 0x0002, 0x0063, 0x08A4, 0x0884, 0x0083,
  0x0083, 0x0083, 0x0083, 0x0083, 0x0063, 0x0022, 0x0022, 0x0022, 0x0022, 0x0022, 0x0022, 0x0063,
  0x0083, 0x0083, 0x0083, 0x0083, 0x0083, 0x0042, 0x0022, 0x0022, 0x0022, 0x0022, 0x0022, 0x0063,
  0x0084, 0x0083, 0x0083, 0x0042, 0x0022, 0x0022, 0x0022, 0x0022, 0x0022, 0x0063, 0x0084, 0x0083,
  0x0083, 0x0083, 0x0083, 0x0083, 0x0083, 0x0083, 0x0083, 0x0083, 0x0083, 0x0084, 0x0063, 0x08E5,
  0x361C, 0x36DF, 0x369F, 0x369F, 0x36BF, 0x36BF, 0x36BF, 0x36BF, 0x36BF, 0x36BF, 0x36BF, 0x36BF,
  0x36BF, 0x36BF, 0x36BF, 0x36BF, 0x36BF, 0x36BF, 0x36BF, 0x36BF, 0x36BF, 0x36BF, 0x36BF, 0x36BF,
  0x36BF, 0x36BF, 0x36BF, 0x36BF, 0x36BF, 0x36BF, 0x36BF, 0x36BF, 0x2E9E, 0x36FF, 0x1ACD, 0x0022,
  0x08A4, 0x0083, 0x0083, 0x0083, 0x0083, 0x0083, 0x0083, 0x0083, 0x0083, 0x0884, 0x0884, 0x0884,
  0x0884, 0x0884, 0x0884, 0x0884, 0x0083, 0x0083, 0x0083, 0x0083, 0x0083, 0x0083, 0x0083, 0x0083,
  0x0083, 0x0083, 0x0083, 0x0884, 0x08A4, 0x0884, 0x0884, 0x0884, 0x0884, 0x0884, 0x0083, 0x0083,
  0x0083, 0x0884, 0x0884, 0x0884, 0x0884, 0x0884, 0x0884, 0x0884, 0x0083, 0x0083, 0x0083, 0x0083,
  0x0083, 0x0884, 0x0884, 0x0884, 0x0884, 0x0884, 0x0884, 0x0884, 0x0083, 0x0083, 0x0083, 0x0083,
  0x0083, 0x0083, 0x0083, 0x0884, 0x08A4, 0x08A4, 0x08A4, 0x08A4, 0x0884, 0x0083, 0x0083, 0x0884,
  0x08A4, 0x0884, 0x0884, 0x0884, 0x0884, 0x0884, 0x0884, 0x0063, 0x1906, 0xEF5D, 0xFFFF, 0xFFDF,
  0xFFDF, 0xFFDF, 0xFFFF, 0x73D0, 0x0001, 0x0042, 0x0022, 0x0001, 0x5B0D, 0xFFDF, 0xF7BE, 0xF7BE,
  0xF7BE, 0xF79E, 0xFFFF, 0x634E, 0x0002, 0x08A4, 0x0083, 0x0083, 0x0083, 0x0083, 0x0083, 0x0083,
  0x0884, 0x08A4, 0x08A4, 0x08A4, 0x08A4, 0x08A4, 0x0884, 0x0083, 0x0083, 0x0083, 0x0083, 0x0083,
  0x0083, 0x0083, 0x0083, 0x0083, 0x0083, 0x0083, 0x0083, 0x0083, 0x0083, 0x0884, 0x0884, 0x0884,
  0x0884, 0x0884, 0x0884, 0x0083, 0x0083, 0x0083, 0x0083, 0x0083, 0x0083, 0x0083, 0x0884, 0x08A4,
  0x08A4, 0x08A4, 0x08A4, 0x08A4, 0x0884, 0x0083, 0x0083, 0x0083, 0x0083, 0x0083, 0x0083, 0x0083,
  0x0083, 0x0884, 0x0884, 0x0884, 0x0884, 0x0884, 0x0884, 0x0083, 0x0083, 0x0083, 0x0083, 0x0083,
  0x0083, 0x0884, 0x0884, 0x0884, 0x0884, 0x0884, 0x0884, 0x0884, 0x0083, 0x0083, 0x0083, 0x0884,
  0x0884, 0x0884, 0x0884, 0x0884, 0x0884, 0x0884, 0x0083, 0x0083, 0x0083, 0x0083, 0x0083, 0x0083,
  0x0083, 0x0083, 0x0083, 0x0083, 0x0083, 0x0083, 0x0083, 0x0863, 0x2D18, 0x36FF, 0x369F, 0x369F,
  0x36BF, 0x36BF, 0x36BF, 0x36BF, 0x36BF, 0x36BF, 0x36BF, 0x36BF, 0x36BF, 0x36BF, 0x369F, 0x369F,
  0x36BF, 0x36BF, 0x36BF, 0x36BF, 0x36BF, 0x36BF, 0x36BF, 0x36BF, 0x36BF, 0x36BF, 0x36BF, 0x36BF,
  0x36BF, 0x36BF, 0x36BF, 0x36BF, 0x369F, 0x36FF, 0x2CF7, 0x0042, 0x0084, 0x0083, 0x0083, 0x0083,
  0x0083, 0x0083, 0x0083, 0x0083, 0x0083, 0x0083, 0x0083, 0x0083, 0x0083, 0x0083, 0x0083, 0x0083,
  0x0083, 0x0083, 0x0083, 0x0083, 0x0083, 0x0083, 0x0083, 0x0083, 0x0083, 0x0083, 0x0083, 0x0083,
  0x0083, 0x0083, 0x0083, 0x0083, 0x0083, 0x0083, 0x0083, 0x0083, 0x0083, 0x0083, 0x0083, 0x0083,
  0x0083, 0x0083, 0x0083, 0x0083, 0x0083, 0x0083, 0x0083, 0x0083, 0x0083, 0x0083, 0x0083, 0x0083,
  0x0083, 0x0083, 0x0083, 0x0083, 0x0083, 0x0083, 0x0083, 0x0083, 0x0083, 0x0083, 0x0083, 0x0083,
  0x0083, 0x0083, 0x0083, 0x0083, 0x0083, 0x0083, 0x0083, 0x0083, 0x0083, 0x0083, 0x0083, 0x0083,
  0x0083, 0x0083, 0x0083, 0x0884, 0x0043, 0xBDD7, 0xFFFF, 0xF79E, 0xF7BE, 0xF7BE, 0xF7BE, 0xF7BE,
  0x9D14, 0x634E, 0x5B2D, 0x94B3, 0xF79E, 0xF7BE, 0xF7BE, 0xF7BE, 0xF7BE, 0xF7BE, 0xF79E, 0x29A8,
  0x0043, 0x0884, 0x0083, 0x0083, 0x0083, 0x0083, 0x0083, 0x0083, 0x0083, 0x0083, 0x0083, 0x0083,
  0x0083, 0x0083, 0x0083, 0x0083, 0x0083, 0x0083, 0x0083, 0x0083, 0x0083, 0x0083, 0x0083, 0x0083,
  0x0083, 0x0083, 0x0083, 0x0083, 0x0083, 0x0083, 0x0083, 0x0083, 0x0083, 0x0083, 0x0083, 0x0083,
  0x0083, 0x0083, 0x0083, 0x0083, 0x0083, 0x0083, 0x0083, 0x0083, 0x0083, 0x0083, 0x0083, 0x0083,
  0x0083, 0x0083, 0x0083, 0x0083, 0x0083, 0x0083, 0x0083, 0x0083, 0x0083, 0x0083, 0x0083, 0x0083,
  0x0083, 0x0083, 0x0083, 0x0083, 0x0083, 0x0083, 0x0083, 0x0083, 0x0083, 0x0083, 0x0083, 0x0083,
  0x0083, 0x0083, 0x0083, 0x0083, 0x0083, 0x0083, 0x0083, 0x0083, 0x0083, 0x0083, 0x0083, 0x0083,
  0x0083, 0x0083, 0x0083, 0x0083, 0x0083, 0x0083, 0x0083, 0x0083, 0x0083, 0x0083, 0x0083, 0x0083,
  0x0083, 0x0083, 0x08A4, 0x0022, 0x2413, 0x371F, 0x369E, 0x369F, 0x36BF, 0x36BF, 0x36BF, 0x36BF,
  0x369F, 0x36BF, 0x36BF, 0x36BF, 0x36BF, 0x369F, 0x36BF, 0x36BF, 0x36BF, 0x36BF, 0x36BF, 0x36BF,
  0x36BF, 0x369F, 0x36BF, 0x36BF, 0x36BF, 0x36BF, 0x36BF, 0x36BF, 0x36BF, 0x36BF, 0x36BF, 0x36BF,
  0x36BF, 0x36BF, 0x36BF, 0x11A9, 0x0042, 0x0884, 0x0083, 0x0083, 0x0083, 0x0083, 0x0083, 0x0083,
  0x0083, 0x0083, 0x0083, 0x0083, 0x0083, 0x0083, 0x0083, 0x0083, 0x0083, 0x0083, 0x0083, 0x0083,
  0x0083, 0x0083, 0x0083, 0x0083, 0x0083, 0x0083, 0x0083, 0x0083, 0x0083, 0x0083, 0x0083, 0x0083,
  0x0083, 0x0083, 0x0083, 0x0083, 0x0083, 0x0083, 0x0083, 0x0083, 0x0083, 0x0083, 0x0083, 0x0083,
  0x0083, 0x0083, 0x0083, 0x0083, 0x0083, 0x0083, 0x0083, 0x0083, 0x0083, 0x0083, 0x0083, 0x0083,
  0x0083, 0x0083, 0x0083, 0x0083, 0x0083, 0x0083, 0x0083, 0x0083, 0x0083, 0x0083, 0x0083, 0x0083,
  0x0083, 0x0083, 0x0083, 0x0083, 0x0083, 0x0083, 0x0083, 0x0083, 0x0083, 0x0083, 0x0083, 0x08A4,
  0x0002, 0x634E, 0xFFFF, 0xF79E, 0xF7BE, 0xF7BE, 0xF7BE, 0xF7BE, 0xFFFF, 0xFFFF, 0xFFFF, 0xFFFF,
  0xF7BE, 0xF7BE, 0xF7BE, 0xF7BE, 0xF79E, 0xFFFF, 0xB5B7, 0x0042, 0x0884, 0x0083, 0x0083, 0x0083,
  0x0083, 0x0083, 0x0083, 0x0083, 0x0083, 0x0083, 0x0083, 0x0083, 0x0083, 0x0083, 0x0083, 0x0083,
  0x0083, 0x0083, 0x0083, 0x0083, 0x0083, 0x0083, 0x0083, 0x0083, 0x0083, 0x0083, 0x0083, 0x0083,
  0x0083, 0x0083, 0x0083, 0x0083, 0x0083, 0x0083, 0x0083, 0x0083, 0x0083, 0x0083, 0x0083, 0x0083,
  0x0083, 0x0083, 0x0083, 0x0083, 0x0083, 0x0083, 0x0083, 0x0083, 0x0083, 0x0083, 0x0083, 0x0083,
  0x0083, 0x0083, 0x0083, 0x0083, 0x0083, 0x0083, 0x0083, 0x0083, 0x0083, 0x0083, 0x0083, 0x0083,
  0x0083, 0x0083, 0x0083, 0x0083, 0x0083, 0x0083, 0x0083, 0x0083, 0x0083, 0x0083, 0x0083, 0x0083,
  0x0083, 0x0083, 0x0083, 0x0083, 0x0083, 0x0083, 0x0083, 0x0083, 0x0083, 0x0083, 0x0083, 0x0083,
  0x0083, 0x0083, 0x0083, 0x0083, 0x0083, 0x0083, 0x0083, 0x0083, 0x0083, 0x0083, 0x08A4, 0x0022,
  0x1AAD, 0x36DF, 0x369F, 0x369F, 0x36BF, 0x36BF, 0x36BF, 0x369F, 0x369F, 0x369F, 0x369F, 0x369F,
  0x36BF, 0x36BF, 0x36BF, 0x36BF, 0x36BF, 0x36BF, 0x36BF, 0x36BF, 0x36BF, 0x36BF, 0x36BF, 0x36BF,
  0x36BF, 0x36BF, 0x36BF, 0x36BF, 0x36BF, 0x36BF, 0x36BF, 0x36BF, 0x369F, 0x369E, 0x36FF, 0x2C95,
  0x0022, 0x0884, 0x0083, 0x0083, 0x0083, 0x0083, 0x0083, 0x0083, 0x0083, 0x0083, 0x0083, 0x0083,
  0x0083, 0x0083, 0x0083, 0x0083, 0x0083, 0x0083, 0x0083, 0x0083, 0x0083, 0x0083, 0x0083, 0x0083,
  0x0083, 0x0083, 0x0083, 0x0083, 0x0083, 0x0083, 0x0083, 0x0083, 0x0083, 0x0083, 0x0083, 0x0083,
  0x0083, 0x0083, 0x0083, 0x0083, 0x0083, 0x0083, 0x0083, 0x0083, 0x0083, 0x0083, 0x0083, 0x0083,
  0x0083, 0x0083, 0x0083, 0x0083, 0x0083, 0x0083, 0x0083, 0x0083, 0x0083, 0x0083, 0x0083, 0x0083,
  0x0083, 0x0083, 0x0083, 0x0083, 0x0083, 0x0083, 0x0083, 0x0083, 0x0083, 0x0083, 0x0083, 0x0083,
  0x0083, 0x0083, 0x0083, 0x0083, 0x0083, 0x0083, 0x0083, 0x0884, 0x0083, 0x0883, 0xBE18, 0xFFFF,
  0xF79E, 0xF7BE, 0xF7BE, 0xF7BE, 0xF79E, 0xF79E, 0xF79E, 0xF79E, 0xF7BE, 0xF7BE, 0xF7BE, 0xF79E,
  0xF7BE, 0xF7BF, 0x3A09, 0x0022, 0x0884, 0x0083, 0x0083, 0x0083, 0x0083, 0x0083, 0x0083, 0x0083,
  0x0083, 0x0083, 0x0083, 0x0083, 0x0083, 0x0083, 0x0083, 0x0083, 0x0083, 0x0083, 0x0083, 0x0083,
  0x0083, 0x0083, 0x0083, 0x0083, 0x0083, 0x0083, 0x0083, 0x0083, 0x0083, 0x0083, 0x0083, 0x0083,
  0x0083, 0x0083, 0x0083, 0x0083, 0x0083, 0x0083, 0x0083, 0x0083, 0x0083, 0x0083, 0x0083, 0x0083,
  0x0083, 0x0083, 0x0083, 0x0083, 0x0083, 0x0083, 0x0083, 0x0083, 0x0083, 0x0083, 0x0083, 0x0083,
  0x0083, 0x0083, 0x0083, 0x0083, 0x0083, 0x0083, 0x0083, 0x0083, 0x0083, 0x0083, 0x0083, 0x0083,
  0x0083, 0x0083, 0x0083, 0x0083, 0x0083, 0x0083, 0x0083, 0x0083, 0x0083, 0x0083, 0x0083, 0x0083,
  0x0083, 0x0083, 0x0083, 0x0083, 0x0083, 0x0083, 0x0083, 0x0083, 0x0083, 0x0083, 0x0083, 0x0083,
  0x0083, 0x0083, 0x0083, 0x0083, 0x0083, 0x0083, 0x0084, 0x0063, 0x0926, 0x363C, 0x36BF, 0x369F,
  0x369F, 0x36BF, 0x36BF, 0x369F, 0x369F, 0x369F, 0x369F, 0x369F, 0x369F, 0x36BF, 0x36BF, 0x36BF,
  0x36BF, 0x369F, 0x369F, 0x36BF, 0x369F, 0x36BF, 0x36BF, 0x36BF, 0x36BF, 0x36BF, 0x36BF, 0x369F,
  0x369F, 0x36BF, 0x36BF, 0x369F, 0x369F, 0x369F, 0x369F, 0x3EDF, 0x11EA, 0x0022, 0x0084, 0x0083,
  0x0083, 0x0083, 0x0083, 0x0083, 0x0083, 0x0083, 0x0083, 0x0083, 0x0083, 0x0083, 0x0083, 0x0083,
  0x0083, 0x0083, 0x0083, 0x0083, 0x0083, 0x0083, 0x0083, 0x0083, 0x0083, 0x0083, 0x0083, 0x0083,
  0x0083, 0x0083, 0x0083, 0x0083, 0x0083, 0x0083, 0x0083, 0x0083, 0x0083, 0x0083, 0x0083, 0x0083,
  0x0083, 0x0083, 0x0083, 0x0083, 0x0083, 0x0083, 0x0083, 0x0083, 0x0083, 0x0083, 0x0083, 0x0083,
  0x0083, 0x0083, 0x0083, 0x0083, 0x0083, 0x0083, 0x0083, 0x0083, 0x0083, 0x0083, 0x0083, 0x0083,
  0x0083, 0x0083, 0x0083, 0x0083, 0x0083, 0x0083, 0x0083, 0x0083, 0x0083, 0x0083, 0x0083, 0x0083,
  0x0083, 0x0083, 0x0083, 0x0083, 0x0884, 0x0043, 0x2146, 0xD6BA, 0xFFFF, 0xF7BE, 0xF79E, 0xF79E,
  0xF7BE, 0xF7BE, 0xF7BE, 0xF7BE, 0xF7BE, 0xF79E, 0xF79E, 0xFFDF, 0xFFFF, 0x6B8F, 0x0022, 0x08A4,
  0x0083, 0x0083, 0x0083, 0x0083, 0x0083, 0x0083, 0x0083, 0x0083, 0x0083, 0x0083, 0x0083, 0x0083,
  0x0083, 0x0083, 0x0083, 0x0083, 0x0083, 0x0083, 0x0083, 0x0083, 0x0083, 0x0083, 0x0083, 0x0083,
  0x0083, 0x0083, 0x0083, 0x0083, 0x0083, 0x0083, 0x0083, 0x0083, 0x0083, 0x0083, 0x0083, 0x0083,
  0x0083, 0x0083, 0x0083, 0x0083, 0x0083, 0x0083, 0x0083, 0x0083, 0x0083, 0x0083, 0x0083, 0x0083,
  0x0083, 0x0083, 0x0083, 0x0083, 0x0083, 0x0083, 0x0083, 0x0083, 0x0083, 0x0083, 0x0083, 0x0083,
  0x0083, 0x0083, 0x0083, 0x0083, 0x0083, 0x0083, 0x0083, 0x0083, 0x0083, 0x0083, 0x0083, 0x0083,
  0x0083, 0x0083, 0x0083, 0x0083, 0x0083, 0x0083, 0x0083, 0x0083, 0x0083, 0x0083, 0x0083, 0x0083,
  0x0083, 0x0083, 0x0083, 0x0083, 0x0083, 0x0083, 0x0083, 0x0083, 0x0083, 0x0083, 0x0083, 0x0083,
  0x0083, 0x0083, 0x0083, 0x0884, 0x0042, 0x2CB6, 0x36DF, 0x369F, 0x369F, 0x369F, 0x369F, 0x369F,
  0x369F, 0x369F, 0x369F, 0x36BF, 0x369F, 0x369F, 0x369F, 0x36BF, 0x36BF, 0x36BF, 0x369F, 0x369F,
  0x369F, 0x36BF, 0x369F, 0x369F, 0x36BF, 0x36BF, 0x36BF, 0x369F, 0x36BF, 0x36BF, 0x36BF, 0x369F,
  0x369F, 0x369F, 0x369E, 0x36FF, 0x3538, 0x0063, 0x0084, 0x0083, 0x0083, 0x0083, 0x0083, 0x0083,
  0x0083, 0x0083, 0x0083, 0x0083, 0x0083, 0x0083, 0x0083, 0x0083, 0x0083, 0x0083, 0x0083, 0x0083,
  0x0083, 0x0083, 0x0083, 0x0083, 0x0083, 0x0083, 0x0083, 0x0083, 0x0083, 0x0083, 0x0083, 0x0083,
  0x0083, 0x0083, 0x0083, 0x0083, 0x0083, 0x0083, 0x0083, 0x0083, 0x0083, 0x0083, 0x0083, 0x0083,
  0x0083, 0x0083, 0x0083, 0x0083, 0x0083, 0x0083, 0x0083, 0x0083, 0x0083, 0x0083, 0x0083, 0x0083,
  0x0083, 0x0083, 0x0083, 0x0083, 0x0083, 0x0083, 0x0083, 0x0083, 0x0083, 0x0083, 0x0083, 0x0083,
  0x0083, 0x0083, 0x0083, 0x0083, 0x0083, 0x0083, 0x0083, 0x0083, 0x0083, 0x0083, 0x0083, 0x0083,
  0x0083, 0x0884, 0x0043, 0x1905, 0xAD55, 0xFFDF, 0xFFFF, 0xFFFF, 0xFFDF, 0xF7BE, 0xF7BE, 0xF7BE,
  0xFFDF, 0xFFFF, 0xFFFF, 0xE73C, 0x5B0D, 0x0022, 0x0884, 0x0083, 0x0083, 0x0083, 0x0083, 0x0083,
  0x0083, 0x0083, 0x0083, 0x0083, 0x0083, 0x0083, 0x0083, 0x0083, 0x0083, 0x0083, 0x0083, 0x0083,
  0x0083, 0x0083, 0x0083, 0x0083, 0x0083, 0x0083, 0x0083, 0x0083, 0x0083, 0x0083, 0x0083, 0x0083,
  0x0083, 0x0083, 0x0083, 0x0083, 0x0083, 0x0083, 0x0083, 0x0083, 0x0083, 0x0083, 0x0083, 0x0083,
  0x0083, 0x0083, 0x0083, 0x0083, 0x0083, 0x0083, 0x0083, 0x0083, 0x0083, 0x0083, 0x0083, 0x0083,
  0x0083, 0x0083, 0x0083, 0x0083, 0x0083, 0x0083, 0x0083, 0x0083, 0x0083, 0x0083, 0x0083, 0x0083,
  0x0083, 0x0083, 0x0083, 0x0083, 0x0083, 0x0083, 0x0083, 0x0083, 0x0083, 0x0083, 0x0083, 0x0083,
  0x0083, 0x0083, 0x0083, 0x0083, 0x0083, 0x0083, 0x0083, 0x0083, 0x0083, 0x0083, 0x0083, 0x0083,
  0x0083, 0x0083, 0x0083, 0x0083, 0x0083, 0x0083, 0x0083, 0x0083, 0x0083, 0x0083, 0x0083, 0x0884,
  0x0022, 0x1A6C, 0x369E, 0x369E, 0x369F, 0x369F, 0x369F, 0x369F, 0x36BF, 0x369F, 0x2E7E, 0x2E7E,
  0x36BF, 0x369F, 0x369F, 0x36BF, 0x36BF, 0x369F, 0x369F, 0x369F, 0x369F, 0x369F, 0x36BF, 0x36BF,
  0x36BF, 0x36BF, 0x36BF, 0x36BF, 0x36BF, 0x369F, 0x369F, 0x369F, 0x36BF, 0x369F, 0x369F, 0x36BF,
  0x369F, 0x11A8, 0x0042, 0x0884, 0x0083, 0x0083, 0x0083, 0x0083, 0x0083, 0x0083, 0x0083, 0x0083,
  0x0083, 0x0083, 0x0083, 0x0083, 0x0083, 0x0083, 0x0083, 0x0083, 0x0083, 0x0083, 0x0083, 0x0083,
  0x0083, 0x0083, 0x0083, 0x0083, 0x0083, 0x0083, 0x0083, 0x0083, 0x0083, 0x0083, 0x0083, 0x0083,
  0x0083, 0x0083, 0x0083, 0x0083, 0x0083, 0x0083, 0x0083, 0x0083, 0x0083, 0x0083, 0x0083, 0x0083,
  0x0083, 0x0083, 0x0083, 0x0083, 0x0083, 0x0083, 0x0083, 0x0083, 0x0083, 0x0083, 0x0083, 0x0083,
  0x0083, 0x0083, 0x0083, 0x0083, 0x0083, 0x0083, 0x0083, 0x0083, 0x0083, 0x0083, 0x0083, 0x0083,
  0x0083, 0x0083, 0x0083, 0x0083, 0x0083, 0x0083, 0x0083, 0x0083, 0x0083, 0x0083, 0x08A4, 0x0063,
  0x0042, 0x424A, 0x94D4, 0xCE7A, 0xE73D, 0xF7BE, 0xFFDF, 0xF7BE, 0xE71C, 0xC639, 0x7C11, 0x1926,
  0x0022, 0x0884, 0x0083, 0x0083, 0x0083, 0x0083, 0x0083, 0x0083, 0x0083, 0x0083, 0x0083, 0x0083,
  0x0083, 0x0083, 0x0083, 0x0083, 0x0083, 0x0083, 0x0083, 0x0083, 0x0083, 0x0083, 0x0083, 0x0083,
  0x0083, 0x0083, 0x0083, 0x0083, 0x0083, 0x0083, 0x0083, 0x0083, 0x0083, 0x0083, 0x0083, 0x0083,
  0x0083, 0x0083, 0x0083, 0x0083, 0x0083, 0x0083, 0x0083, 0x0083, 0x0083, 0x0083, 0x0083, 0x0083,
  0x0083, 0x0083, 0x0083, 0x0083, 0x0083, 0x0083, 0x0083, 0x0083, 0x0083, 0x0083, 0x0083, 0x0083,
  0x0083, 0x0083, 0x0083, 0x0083, 0x0083, 0x0083, 0x0083, 0x0083, 0x0083, 0x0083, 0x0083, 0x0083,
  0x0083, 0x0083, 0x0083, 0x0083, 0x0083, 0x0083, 0x0083, 0x0083, 0x0083, 0x0083, 0x0083, 0x0083,
  0x0083, 0x0083, 0x0083, 0x0083, 0x0083, 0x0083, 0x0083, 0x0083, 0x0083, 0x0083, 0x0083, 0x0083,
  0x0083, 0x0083, 0x0083, 0x0083, 0x0083, 0x0083, 0x0083, 0x0083, 0x0083, 0x0063, 0x2475, 0x36BF,
  0x367E, 0x369F, 0x369F, 0x369F, 0x369E, 0x2E5D, 0x24B6, 0x2DFC, 0x369F, 0x369F, 0x369F, 0x369F,
  0x369F, 0x369F, 0x369E, 0x2E7E, 0x369E, 0x369F, 0x36BF, 0x36BF, 0x369F, 0x369F, 0x36BF, 0x369F,
  0x2E5E, 0x2E7E, 0x369F, 0x36BF, 0x369F, 0x369F, 0x369F, 0x369F, 0x369E, 0x120A, 0x0042, 0x0884,
  0x0083, 0x0083, 0x0083, 0x0083, 0x0083, 0x0083, 0x0083, 0x0083, 0x0083, 0x0083, 0x0083, 0x0083,
  0x0083, 0x0083, 0x0083, 0x0083, 0x0083, 0x0083, 0x0083, 0x0083, 0x0083, 0x0083, 0x0083, 0x0083,
  0x0083, 0x0083, 0x0083, 0x0083, 0x0083, 0x0083, 0x0083, 0x0083, 0x0083, 0x0083, 0x0083, 0x0083,
  0x0083, 0x0083, 0x0083, 0x0083, 0x0083, 0x0083, 0x0083, 0x0083, 0x0083, 0x0083, 0x0083, 0x0083,
  0x0083, 0x0083, 0x0083, 0x0083, 0x0083, 0x0083, 0x0083, 0x0083, 0x0083, 0x0083, 0x0083, 0x0083,
  0x0083, 0x0083, 0x0083, 0x0083, 0x0083, 0x0083, 0x0083, 0x0083, 0x0083, 0x0083, 0x0083, 0x0083,
  0x0083, 0x0083, 0x0083, 0x0083, 0x0083, 0x0083, 0x0083, 0x0884, 0x0884, 0x0022, 0x0002, 0x08A4,
  0x2146, 0x29A8, 0x31C8, 0x29A8, 0x1926, 0x0063, 0x0002, 0x0063, 0x08A4, 0x0083, 0x0083, 0x0083,
  0x0083, 0x0083, 0x0083, 0x0083, 0x0083, 0x0083, 0x0083, 0x0083, 0x0083, 0x0083, 0x0083, 0x0083,
  0x0083, 0x0083, 0x0083, 0x0083, 0x0083, 0x0083, 0x0083, 0x0083, 0x0083, 0x0083, 0x0083, 0x0083,
  0x0083, 0x0083, 0x0083, 0x0083, 0x0083, 0x0083, 0x0083, 0x0083, 0x0083, 0x0083, 0x0083, 0x0083,
  0x0083, 0x0083, 0x0083, 0x0083, 0x0083, 0x0083, 0x0083, 0x0083, 0x0083, 0x0083, 0x0083, 0x0083,
  0x0083, 0x0083, 0x0083, 0x0083, 0x0083, 0x0083, 0x0083, 0x0083, 0x0083, 0x0083, 0x0083, 0x0083,
  0x0083, 0x0083, 0x0083, 0x0083, 0x0083, 0x0083, 0x0083, 0x0083, 0x0083, 0x0083, 0x0083, 0x0083,
  0x0083, 0x0083, 0x0083, 0x0083, 0x0083, 0x0083, 0x0083, 0x0083, 0x0083, 0x0083, 0x0083, 0x0083,
  0x0083, 0x0083, 0x0083, 0x0083, 0x0083, 0x0083, 0x0083, 0x0083, 0x0083, 0x0083, 0x0083, 0x0083,
  0x0083, 0x0083, 0x0083, 0x0083, 0x0084, 0x0063, 0x08E5, 0x2CB6, 0x2E5E, 0x367E, 0x369F, 0x2E7E,
  0x2E1D, 0x23F3, 0x0884, 0x2434, 0x369E, 0x367E, 0x369F, 0x369F, 0x369F, 0x369E, 0x2E3D, 0x24B6,
  0x2E1D, 0x369F, 0x36BF, 0x369F, 0x369F, 0x369F, 0x369F, 0x2E7E, 0x2434, 0x24D6, 0x369E, 0x367E,
  0x369F, 0x369F, 0x369F, 0x36BF, 0x2D9A, 0x0906, 0x0063, 0x0084, 0x0083, 0x0083, 0x0083, 0x0083,
  0x0083, 0x0083, 0x0083, 0x0083, 0x0083, 0x0083, 0x0083, 0x0083, 0x0083, 0x0083, 0x0083, 0x0083,
  0x0083, 0x0083, 0x0083, 0x0083, 0x0083, 0x0083, 0x0083, 0x0083, 0x0083, 0x0083, 0x0083, 0x0083,
  0x0083, 0x0083, 0x0083, 0x0083, 0x0083, 0x0083, 0x0083, 0x0083, 0x0083, 0x0083, 0x0083, 0x0083,
  0x0083, 0x0083, 0x0083, 0x0083, 0x0083, 0x0083, 0x0083, 0x0083, 0x0083, 0x0083, 0x0083, 0x0083,
  0x0083, 0x0083, 0x0083, 0x0083, 0x0083, 0x0083, 0x0083, 0x0083, 0x0083, 0x0083, 0x0083, 0x0083,
  0x0083, 0x0083, 0x0083, 0x0083, 0x0083, 0x0083, 0x0083, 0x0083, 0x0083, 0x0083, 0x0083, 0x0083,
  0x0083, 0x0083, 0x0083, 0x0083, 0x0083, 0x0884, 0x08A4, 0x0083, 0x0043, 0x0042, 0x0042, 0x0042,
  0x0063, 0x0083, 0x08A4, 0x0884, 0x0083, 0x0083, 0x0083, 0x0083, 0x0083, 0x0083, 0x0083, 0x0083,
  0x0083, 0x0083, 0x0083, 0x0083, 0x0083, 0x0083, 0x0083, 0x0083, 0x0083, 0x0083, 0x0083, 0x0083,
  0x0083, 0x0083, 0x0083, 0x0083, 0x0083, 0x0083, 0x0083, 0x0083, 0x0083, 0x0083, 0x0083, 0x0083,
  0x0083, 0x0083, 0x0083, 0x0083, 0x0083, 0x0083, 0x0083, 0x0083, 0x0083, 0x0083, 0x0083, 0x0083,
  0x0083, 0x0083, 0x0083, 0x0083, 0x0083, 0x0083, 0x0083, 0x0083, 0x0083, 0x0083, 0x0083, 0x0083,
  0x0083, 0x0083, 0x0083, 0x0083, 0x0083, 0x0083, 0x0083, 0x0083, 0x0083, 0x0083, 0x0083, 0x0083,
  0x0083, 0x0083, 0x0083, 0x0083, 0x0083, 0x0083, 0x0083, 0x0083, 0x0083, 0x0083, 0x0083, 0x0083,
  0x0083, 0x0083, 0x0083, 0x0083, 0x0083, 0x0083, 0x0083, 0x0083, 0x0083, 0x0083, 0x0083, 0x0083,
  0x0083, 0x0083, 0x0083, 0x0083, 0x0083, 0x0083, 0x0083, 0x0083, 0x0083, 0x0083, 0x0083, 0x0083,
  0x0083, 0x0084, 0x0063, 0x08A4, 0x1ACD, 0x2454, 0x2496, 0x23F3, 0x122B, 0x0063, 0x0043, 0x08E5,
  0x2475, 0x2E5D, 0x2E7E, 0x2E9F, 0x2E7E, 0x2E1C, 0x1BD2, 0x0883, 0x2413, 0x2E7E, 0x2E7E, 0x369F,
  0x369F, 0x2E7E, 0x2E7E, 0x2518, 0x08C5, 0x08E5, 0x23F2, 0x2DDB, 0x2E5D, 0x2E7E, 0x2E7E, 0x2DFC,
  0x1AAD, 0x0042, 0x0084, 0x0083, 0x0083, 0x0083, 0x0083, 0x0083, 0x0083, 0x0083, 0x0083, 0x0083,
  0x0083, 0x0083, 0x0083, 0x0083, 0x0083, 0x0083, 0x0083, 0x0083, 0x0083, 0x0083, 0x0083, 0x0083,
  0x0083, 0x0083, 0x0083, 0x0083, 0x0083, 0x0083, 0x0083, 0x0083, 0x0083, 0x0083, 0x0083, 0x0083,
  0x0083, 0x0083, 0x0083, 0x0083, 0x0083, 0x0083, 0x0083, 0x0083, 0x0083, 0x0083, 0x0083, 0x0083,
  0x0083, 0x0083, 0x0083, 0x0083, 0x0083, 0x0083, 0x0083, 0x0083, 0x0083, 0x0083, 0x0083, 0x0083,
  0x0083, 0x0083, 0x0083, 0x0083, 0x0083, 0x0083, 0x0083, 0x0083, 0x0083, 0x0083, 0x0083, 0x0083,
  0x0083, 0x0083, 0x0083, 0x0083, 0x0083, 0x0083, 0x0083, 0x0083, 0x0083, 0x0083, 0x0083, 0x0083,
  0x0083, 0x0083, 0x0083, 0x0884, 0x0884, 0x0884, 0x0884, 0x0884, 0x0884, 0x0083, 0x0083, 0x0083,
  0x0083, 0x0083, 0x0083, 0x0083, 0x0083, 0x0083, 0x0083, 0x0083, 0x0083, 0x0083, 0x0083, 0x0083,
  0x0083, 0x0083, 0x0083, 0x0083, 0x0083, 0x0083, 0x0083, 0x0083, 0x0083, 0x0083, 0x0083, 0x0083,
  0x0083, 0x0083, 0x0083, 0x0083, 0x0083, 0x0083, 0x0083, 0x0083, 0x0083, 0x0083, 0x0083, 0x0083,
  0x0083, 0x0083, 0x0083, 0x0083, 0x0083, 0x0083, 0x0083, 0x0083, 0x0083, 0x0083, 0x0083, 0x0083,
  0x0083, 0x0083, 0x0083, 0x0083, 0x0083, 0x0083, 0x0083, 0x0083, 0x0083, 0x0083, 0x0083, 0x0083,
  0x0083, 0x0083, 0x0083, 0x0083, 0x0083, 0x0083, 0x0083, 0x0083, 0x0083, 0x0083, 0x0083, 0x0083,
  0x0083, 0x0083, 0x0083, 0x0083, 0x0083, 0x0083, 0x0083, 0x0083, 0x0083, 0x0083, 0x0083, 0x0083,
  0x0083, 0x0083, 0x0083, 0x0083, 0x0083, 0x0083, 0x0083, 0x0083, 0x0083, 0x0083, 0x0083, 0x0083,
  0x0083, 0x0083, 0x0083, 0x0083, 0x0083, 0x0083, 0x0083, 0x0083, 0x0083, 0x0083, 0x0084, 0x0083,
  0x0042, 0x0043, 0x0063, 0x0042, 0x0042, 0x0083, 0x0084, 0x0063, 0x08A4, 0x128D, 0x2414, 0x2475,
  0x2413, 0x122B, 0x0063, 0x0063, 0x08A4, 0x1B50, 0x2D7A, 0x2DFC, 0x2DFC, 0x2DBB, 0x23F3, 0x0906,
  0x0063, 0x0063, 0x0042, 0x1188, 0x1AEE, 0x1BB2, 0x1B70, 0x11A8, 0x0043, 0x0084, 0x0083, 0x0083,
  0x0083, 0x0083, 0x0083, 0x0083, 0x0083, 0x0083, 0x0083, 0x0083, 0x0083, 0x0083, 0x0083, 0x0083,
  0x0083, 0x0083, 0x0083, 0x0083, 0x0083, 0x0083, 0x0083, 0x0083, 0x0083, 0x0083, 0x0083, 0x0083,
  0x0083, 0x0083, 0x0083, 0x0083, 0x0083, 0x0083, 0x0083, 0x0083, 0x0083, 0x0083, 0x0083, 0x0083,
  0x0083, 0x0083, 0x0083, 0x0083, 0x0083, 0x0083, 0x0083, 0x0083, 0x0083, 0x0083, 0x0083, 0x0083,
  0x0083, 0x0083, 0x0083, 0x0083, 0x0083, 0x0083, 0x0083, 0x0083, 0x0083, 0x0083, 0x0083, 0x0083,
  0x0083, 0x0083, 0x0083, 0x0083, 0x0083, 0x0083, 0x0083, 0x0083, 0x0083, 0x0083, 0x0083, 0x0083,
  0x0083, 0x0083, 0x0083, 0x0083, 0x0083, 0x0083, 0x0083, 0x0083, 0x0083, 0x0083, 0x0083, 0x0083,
  0x0083, 0x0083, 0x0083, 0x0083, 0x0083, 0x0083, 0x0083, 0x0083, 0x0083, 0x0083, 0x0083, 0x0083,
  0x0083, 0x0083, 0x0083, 0x0083, 0x0083, 0x0083, 0x0083, 0x0083, 0x0083, 0x0083, 0x0083, 0x0083,
  0x0083, 0x0083, 0x0083, 0x0083, 0x0083, 0x0083, 0x0083, 0x0083, 0x0083, 0x0083, 0x0083, 0x0083,
  0x0083, 0x0083, 0x0083, 0x0083, 0x0083, 0x0083, 0x0083, 0x0083, 0x0083, 0x0083, 0x0083, 0x0083,
  0x0083, 0x0083, 0x0083, 0x0083, 0x0083, 0x0083, 0x0083, 0x0083, 0x0083, 0x0083, 0x0083, 0x0083,
  0x0083, 0x0083, 0x0083, 0x0083, 0x0083, 0x0083, 0x0083, 0x0083, 0x0083, 0x0083, 0x0083, 0x0083,
  0x0083, 0x0083, 0x0083, 0x0083, 0x0083, 0x0083, 0x0083, 0x0083, 0x0083, 0x0083, 0x0083, 0x0083,
  0x0083, 0x0083, 0x0083, 0x0083, 0x0083, 0x0083, 0x0083, 0x0083, 0x0083, 0x0083, 0x0083, 0x0083,
  0x0083, 0x0083, 0x0083, 0x0083, 0x0083, 0x0083, 0x0083, 0x0083, 0x0083, 0x0083, 0x0083, 0x0083,
  0x0083, 0x0083, 0x0083, 0x0083, 0x0083, 0x0083, 0x0083, 0x0084, 0x0084, 0x0084, 0x0084, 0x0084,
  0x0084, 0x0083, 0x0083, 0x0084, 0x0083, 0x0022, 0x0043, 0x0883, 0x0042, 0x0042, 0x0083, 0x0084,
  0x0063, 0x0042, 0x0906, 0x11EA, 0x120A, 0x0947, 0x0063, 0x0063, 0x0084, 0x0084, 0x0084, 0x0042,
  0x0022, 0x0022, 0x0022, 0x0043, 0x0084, 0x0083, 0x0083, 0x0083, 0x0083, 0x0083, 0x0083, 0x0083,
  0x0083, 0x0083, 0x0083, 0x0083, 0x0083, 0x0083, 0x0083, 0x0083, 0x0083, 0x0083, 0x0083, 0x0083,
  0x0083, 0x0083, 0x0083, 0x0083, 0x0083, 0x0083, 0x0083, 0x0083, 0x0083, 0x0083, 0x0083, 0x0083,
  0x0083, 0x0083, 0x0083, 0x0083, 0x0083, 0x0083, 0x0083, 0x0083, 0x0083, 0x0083, 0x0083, 0x0083,
  0x0083, 0x0083, 0x0083, 0x0083, 0x0083, 0x0083, 0x0083, 0x0083, 0x0083, 0x0083, 0x0083, 0x0083,
  0x0083, 0x0083, 0x0083, 0x0083, 0x0083, 0x0083, 0x0083, 0x0083, 0x0083, 0x0083, 0x0083, 0x0083,
  0x0083, 0x0083, 0x0083, 0x0083, 0x0083, 0x0083, 0x0083, 0x0083, 0x0083, 0x0083, 0x0083, 0x0083,
  0x0083, 0x0083, 0x0083, 0x0083, 0x0083, 0x0083, 0x0083, 0x0083, 0x0083, 0x0083, 0x0083, 0x0083,
  0x0083, 0x0083, 0x0083, 0x0083, 0x0083, 0x0083, 0x0083, 0x0083, 0x0083, 0x0083, 0x0083, 0x0083,
  0x0083, 0x0083, 0x0083, 0x0083, 0x0083, 0x0083, 0x0083, 0x0083, 0x0083, 0x0083, 0x0083, 0x0083,
  0x0083, 0x0083, 0x0083, 0x0083, 0x0083, 0x0083, 0x0083, 0x0083, 0x0083, 0x0083, 0x0083, 0x0083,
  0x0083, 0x0083, 0x0083, 0x0083, 0x0083, 0x0083, 0x0083, 0x0083, 0x0083, 0x0083, 0x0083, 0x0083,
  0x0083, 0x0083, 0x0083, 0x0083, 0x0083, 0x0083, 0x0083, 0x0083, 0x0083, 0x0083, 0x0083, 0x0083,
  0x0083, 0x0083, 0x0083, 0x0083, 0x0083, 0x0083, 0x0083, 0x0083, 0x0083, 0x0083, 0x0083, 0x0083,
  0x0083, 0x0083, 0x0083, 0x0083, 0x0083, 0x0083, 0x0083, 0x0083, 0x0083, 0x0083, 0x0083, 0x0083,
  0x0083, 0x0083, 0x0083, 0x0083, 0x0083, 0x0083, 0x0083, 0x0083, 0x0083, 0x0083, 0x0083, 0x0083,
  0x0083, 0x0083, 0x0083, 0x0083, 0x0083, 0x0083, 0x0083, 0x0083, 0x0083, 0x0083, 0x0083, 0x0083,
  0x0083, 0x0083, 0x0083, 0x0083, 0x0083, 0x0083, 0x0083, 0x0083, 0x0083, 0x0083, 0x0083, 0x0083,
  0x0084, 0x0884, 0x0084, 0x0083, 0x0084, 0x0084, 0x0083, 0x0083, 0x0084, 0x0084, 0x0063, 0x0042,
  0x0042, 0x0043, 0x0084, 0x0084, 0x0083, 0x0083, 0x0083, 0x0084, 0x0084, 0x0884, 0x0084, 0x0084,
  0x0083, 0x0083, 0x0083, 0x0083, 0x0083, 0x0083, 0x0083, 0x0083, 0x0083, 0x0083, 0x0083, 0x0083,
  0x0083, 0x0083, 0x0083, 0x0083, 0x0083, 0x0083, 0x0083, 0x0083, 0x0083, 0x0083, 0x0083, 0x0083,
  0x0083, 0x0083, 0x0083, 0x0083, 0x0083, 0x0083, 0x0083, 0x0083, 0x0083, 0x0083, 0x0083, 0x0083,
  0x0083, 0x0083, 0x0083, 0x0083, 0x0083, 0x0083, 0x0083, 0x0083, 0x0083, 0x0083, 0x0083, 0x0083,
  0x0083, 0x0083, 0x0083, 0x0083, 0x0083, 0x0083, 0x0083, 0x0083, 0x0083, 0x0083, 0x0083, 0x0083,
  0x0083, 0x0083, 0x0083, 0x0083, 0x0083, 0x0083, 0x0083, 0x0083, 0x0083, 0x0083, 0x0083, 0x0083,
  0x0083, 0x0083, 0x0083, 0x0083, 0x0083, 0x0083, 0x0083, 0x0083, 0x0083, 0x0083, 0x0083, 0x0083,
  0x0083, 0x0083, 0x0083, 0x0083, 0x0083, 0x0083, 0x0083, 0x0083, 0x0083, 0x0083, 0x0083, 0x0083,
  0x0083, 0x0083, 0x0083, 0x0083, 0x0083, 0x0083, 0x0083, 0x0083, 0x0083, 0x0083, 0x0083, 0x0083,
  0x0083, 0x0083, 0x0083, 0x0083, 0x0083, 0x0083, 0x0083, 0x0083, 0x0083, 0x0083, 0x0083, 0x0083,
  0x0083, 0x0083, 0x0083, 0x0083, 0x0083, 0x0083, 0x0083, 0x0083, 0x0083, 0x0083, 0x0083, 0x0083,
  0x0083, 0x0083, 0x0083, 0x0083, 0x0083, 0x0083, 0x0083, 0x0083, 0x0083, 0x0083, 0x0083, 0x0083,
  0x0083, 0x0083, 0x0083, 0x0083, 0x0083, 0x0083, 0x0083, 0x0083, 0x0083, 0x0083, 0x0083, 0x0083,
  0x0083, 0x0083, 0x0083, 0x0083, 0x0083, 0x0083, 0x0083, 0x0083, 0x0083, 0x0083, 0x0083, 0x0083,
  0x0083, 0x0083, 0x0083, 0x0083, 0x0083, 0x0083, 0x0083, 0x0083, 0x0083, 0x0083, 0x0083, 0x0083,
  0x0083, 0x0083, 0x0083, 0x0083, 0x0083, 0x0083, 0x0083, 0x0083, 0x0083, 0x0083, 0x0083, 0x0083,
  0x0083, 0x0083, 0x0083, 0x0083, 0x0083, 0x0083, 0x0083, 0x0083, 0x0083, 0x0083, 0x0083, 0x0083,
  0x0083, 0x0083, 0x0083, 0x0083, 0x0083, 0x0083, 0x0083, 0x0083, 0x0083, 0x0083, 0x0083, 0x0083,
  0x0083, 0x0083, 0x0083, 0x0083, 0x0083, 0x0083, 0x0084, 0x0084, 0x0084, 0x0084, 0x0083, 0x0083,
  0x0083, 0x0083, 0x0083, 0x0083, 0x0083, 0x0083, 0x0083, 0x0083, 0x0083, 0x0083, 0x0083, 0x0083,
  0x0083, 0x0083, 0x0083, 0x0083, 0x0083, 0x0083, 0x0083, 0x0083, 0x0083, 0x0083, 0x0083, 0x0083,
  0x0083, 0x0083, 0x0083, 0x0083, 0x0083, 0x0083, 0x0083, 0x0083, 0x0083, 0x0083, 0x0083, 0x0083,
  0x0083, 0x0083, 0x0083, 0x0083, 0x0083, 0x0083, 0x0083, 0x0083, 0x0083, 0x0083, 0x0083, 0x0083,
  0x0083, 0x0083, 0x0083, 0x0083, 0x0083, 0x0083, 0x0083, 0x0083, 0x0083, 0x0083, 0x0083, 0x0083,
  0x0083, 0x0083, 0x0083, 0x0083, 0x0083, 0x0083, 0x0083, 0x0083, 0x0083, 0x0083, 0x0083, 0x0083,
  0x0083, 0x0083, 0x0083, 0x0083, 0x0083, 0x0083, 0x0083, 0x0083, 0x0083, 0x0083, 0x0083, 0x0083,
  0x0083, 0x0083, 0x0083, 0x0083, 0x0083, 0x0083, 0x0083, 0x0083, 0x0083, 0x0083, 0x0083, 0x0083,
  0x0083, 0x0083, 0x0083, 0x0083, 0x0083, 0x0083, 0x0083, 0x0083, 0x0083, 0x0083, 0x0083, 0x0083,
  0x0083, 0x0083, 0x0083, 0x0083, 0x0083, 0x0083, 0x0083, 0x0083, 0x0083, 0x0083, 0x0083, 0x0083,
  0x0083, 0x0083, 0x0083, 0x0083, 0x0083, 0x0083, 0x0083, 0x0083, 0x0083, 0x0083, 0x0083, 0x0083,
  0x0083, 0x0083, 0x0083, 0x0083, 0x0083, 0x0083, 0x0083, 0x0083, 0x0083, 0x0083, 0x0083, 0x0083,
  0x0083, 0x0083, 0x0083, 0x0083, 0x0083, 0x0083, 0x0083, 0x0083, 0x0083, 0x0083, 0x0083, 0x0083,
  0x0083, 0x0083, 0x0083, 0x0083, 0x0083, 0x0083, 0x0083, 0x0083, 0x0083, 0x0083, 0x0083, 0x0083,
  0x0083, 0x0083, 0x0083, 0x0083, 0x0083, 0x0083, 0x0083, 0x0083, 0x0083, 0x0083, 0x0083, 0x0083,
  0x0083, 0x0083, 0x0083, 0x0083, 0x0083, 0x0083, 0x0083, 0x0083, 0x0083, 0x0083, 0x0083, 0x0083,
  0x0083, 0x0083, 0x0083, 0x0083, 0x0083, 0x0083, 0x0083, 0x0083, 0x0083, 0x0083, 0x0083, 0x0083,
  0x0083, 0x0083, 0x0083, 0x0083, 0x0083, 0x0083, 0x0083, 0x0083, 0x0083, 0x0083, 0x0083, 0x0083,
  0x0083, 0x0083, 0x0083, 0x0083, 0x0083, 0x0083, 0x0083, 0x0083, 0x0083, 0x0083, 0x0083, 0x0083,
  0x0083, 0x0083, 0x0083, 0x0083, 0x0083, 0x0083, 0x0083, 0x0083, 0x0083, 0x0083, 0x0083, 0x0083,
  0x0083, 0x0083, 0x0083, 0x0083, 0x0083, 0x0083, 0x0083, 0x0083, 0x0083, 0x0083, 0x0083, 0x0083,
  0x0083, 0x0083, 0x0083, 0x0083, 0x0083, 0x0083, 0x0083, 0x0083, 0x0083, 0x0083, 0x0083, 0x0083,
  0x0083, 0x0083, 0x0083, 0x0083, 0x0083, 0x0083, 0x0083, 0x0083, 0x0083, 0x0083, 0x0083, 0x0083,
  0x0083, 0x0083, 0x0083, 0x0083, 0x0083, 0x0083, 0x0083, 0x0083, 0x0083, 0x0083, 0x0083, 0x0083,
  0x0083, 0x0083, 0x0083, 0x0083, 0x0083, 0x0083, 0x0083, 0x0083, 0x0083, 0x0083, 0x0083, 0x0083,
  0x0083, 0x0083, 0x0083, 0x0083, 0x0083, 0x0083, 0x0083, 0x0083, 0x0083, 0x0083, 0x0083, 0x0083,
  0x0083, 0x0083, 0x0083, 0x0083, 0x0083, 0x0083, 0x0083, 0x0083, 0x0083, 0x0083, 0x0083, 0x0083,
  0x0083, 0x0083, 0x0083, 0x0083, 0x0083, 0x0083, 0x0083, 0x0083, 0x0083, 0x0083, 0x0083, 0x0083,
  0x0083, 0x0083, 0x0083, 0x0083, 0x0083, 0x0083, 0x0083, 0x0083, 0x0083, 0x0083, 0x0083, 0x0083,
  0x0083, 0x0083, 0x0083, 0x0083, 0x0083, 0x0083, 0x0083, 0x0083, 0x0083, 0x0083, 0x0083, 0x0083,
  0x0083, 0x0083, 0x0083, 0x0083, 0x0083, 0x0083, 0x0083, 0x0083, 0x0083, 0x0083, 0x0083, 0x0083,
  0x0083, 0x0083, 0x0083, 0x0083, 0x0083, 0x0083, 0x0083, 0x0083, 0x0083, 0x0083, 0x0083, 0x0083,
  0x0083, 0x0083, 0x0083, 0x0083, 0x0083, 0x0083, 0x0083, 0x0083, 0x0083, 0x0083, 0x0083, 0x0083,
  0x0083, 0x0083, 0x0083, 0x0083, 0x0083, 0x0083, 0x0083, 0x0083, 0x0083, 0x0083, 0x0083, 0x0083,
  0x0083, 0x0083, 0x0083, 0x0083, 0x0083, 0x0083, 0x0083, 0x0083, 0x0083, 0x0083, 0x0083, 0x0083,
  0x0083, 0x0083, 0x0083, 0x0083, 0x0083, 0x0083, 0x0083, 0x0083, 0x0083, 0x0083, 0x0083, 0x0083,
  0x0083, 0x0083, 0x0083, 0x0083, 0x0083, 0x0083, 0x0083, 0x0083, 0x0083, 0x0083, 0x0083, 0x0083,
  0x0083, 0x0083, 0x0083, 0x0083, 0x0083, 0x0083, 0x0083, 0x0083, 0x0083, 0x0083, 0x0083, 0x0083,
  0x0083, 0x0083, 0x0083, 0x0083, 0x0083, 0x0083, 0x0083, 0x0083, 0x0083, 0x0083, 0x0083, 0x0083,
  0x0083, 0x0083, 0x0083, 0x0083, 0x0083, 0x0083, 0x0083, 0x0083, 0x0083, 0x0083, 0x0083, 0x0083,
  0x0083, 0x0083, 0x0083, 0x0083, 0x0083, 0x0083, 0x0083, 0x0083, 0x0083, 0x0083, 0x0083, 0x0083,
  0x0083, 0x0083, 0x0083, 0x0083, 0x0083, 0x0083, 0x0083, 0x0083, 0x0083, 0x0083, 0x0083, 0x0083,
  0x0083, 0x0083, 0x0083, 0x0083, 0x0083, 0x0083, 0x0083, 0x0083, 0x0083, 0x0083, 0x0083, 0x0083,
  0x0083, 0x0083, 0x0083, 0x0083, 0x0083, 0x0083, 0x0083, 0x0083, 0x0083, 0x0083, 0x0083, 0x0083,
  0x0083, 0x0083, 0x0083, 0x0083, 0x0083, 0x0083, 0x0083, 0x0083, 0x0083, 0x0083, 0x0083, 0x0083,
  0x0083, 0x0083, 0x0083, 0x0083, 0x0083, 0x0083, 0x0083, 0x0083, 0x0083, 0x0083, 0x0083, 0x0083,
  0x0083, 0x0083, 0x0083, 0x0083, 0x0083, 0x0083, 0x0083, 0x0083, 0x0083, 0x0083, 0x0083, 0x0083,
  0x0083, 0x0083, 0x0083, 0x0083, 0x0083, 0x0083, 0x0083, 0x0083, 0x0083, 0x0083, 0x0083, 0x0083,
  0x0083, 0x0083, 0x0083, 0x0083, 0x0083, 0x0083, 0x0083, 0x0083, 0x0083, 0x0083, 0x0083, 0x0083,
  0x0083, 0x0083, 0x0083, 0x0083, 0x0083, 0x0083, 0x0083, 0x0083, 0x0083, 0x0083, 0x0083, 0x0083,
  0x0083, 0x0083, 0x0083, 0x0083, 0x0083, 0x0083, 0x0083, 0x0083, 0x0083, 0x0083, 0x0083, 0x0083,
  0x0083, 0x0083, 0x0083, 0x0083, 0x0083, 0x0083, 0x0083, 0x0083, 0x0083, 0x0083, 0x0083, 0x0083,
  0x0083, 0x0083, 0x0083, 0x0083, 0x0083, 0x0083, 0x0083, 0x0083, 0x0083, 0x0083, 0x0083, 0x0083,
  0x0083, 0x0083, 0x0083, 0x0083, 0x0083, 0x0083, 0x0083, 0x0083, 0x0083, 0x0083, 0x0083, 0x0083,
  0x0083, 0x0083, 0x0083, 0x0083, 0x0083, 0x0083, 0x0083, 0x0083, 0x0083, 0x0083, 0x0083, 0x0083,
  0x0083, 0x0083, 0x0083, 0x0083, 0x0083, 0x0083, 0x0083, 0x0083, 0x0083, 0x0083, 0x0083, 0x0083,
  0x0083, 0x0083, 0x0083, 0x0083,
};
