// Auto-generated from token_logos/*.png
// Do not edit by hand. Run: python3 tools/convert_token_logos.py

#pragma once
#include <stdint.h>

#define TOKEN_LOGO_SIZE 48

struct TokenLogo { const char* ticker; const uint16_t* data; };

const uint16_t logo_aaplx[2304] PROGMEM = {
  0x18C3, 0x18C3, 0x18C3, 0x18C3, 0x18C3, 0x18C3, 0x18C3, 0x18C3, 0x18C3, 0x18C3, 0x18C3, 0x18C3, 0x18C3, 0x18C3,
  0x18C3, 0x18C3, 0x10A2, 0x0861, 0x0861, 0x0861, 0x0861, 0x0861, 0x0861, 0x0861, 0x0861, 0x0861, 0x0861, 0x0861,
  0x0861, 0x0861, 0x0861, 0x10A2, 0x18C3, 0x18C3, 0x18C3, 0x18C3, 0x18C3, 0x18C3, 0x18C3, 0x18C3, 0x18C3, 0x18C3,
  0x18C3, 0x18C3, 0x18C3, 0x18C3, 0x18C3, 0x18C3, 0x18C3, 0x18C3, 0x18C3, 0x18C3, 0x18C3, 0x18C3, 0x18C3, 0x18C3,
  0x18C3, 0x18C3, 0x18C3, 0x18C3, 0x18C3, 0x18C3, 0x18C3, 0x18C3, 0x18C3, 0x10A2, 0x0861, 0x0861, 0x0861, 0x0861,
  0x0861, 0x0861, 0x0861, 0x0861, 0x0861, 0x0861, 0x0861, 0x0861, 0x10A2, 0x18C3, 0x18C3, 0x18C3, 0x18C3, 0x18C3,
  0x18C3, 0x18C3, 0x18C3, 0x18C3, 0x18C3, 0x18C3, 0x18C3, 0x18C3, 0x18C3, 0x18C3, 0x18C3, 0x18C3, 0x18C3, 0x18C3,
  0x18C3, 0x18C3, 0x18C3, 0x18C3, 0x18C3, 0x18C3, 0x18C3, 0x18C3, 0x18C3, 0x18C3, 0x18C3, 0x18C3, 0x18C3, 0x18C3,
  0x18C3, 0x18C3, 0x10A2, 0x0861, 0x0861, 0x0861, 0x0861, 0x0861, 0x0861, 0x0861, 0x0861, 0x0861, 0x0861, 0x10A2,
  0x18C3, 0x18C3, 0x18C3, 0x18C3, 0x18C3, 0x18C3, 0x18C3, 0x18C3, 0x18C3, 0x18C3, 0x18C3, 0x18C3, 0x18C3, 0x18C3,
  0x18C3, 0x18C3, 0x18C3, 0x18C3, 0x18C3, 0x18C3, 0x18C3, 0x18C3, 0x18C3, 0x18C3, 0x18C3, 0x18C3, 0x18C3, 0x18C3,
  0x18C3, 0x18C3, 0x18C3, 0x18C3, 0x18C3, 0x18C3, 0x18C3, 0x18C3, 0x18C3, 0x10A2, 0x0861, 0x0861, 0x0861, 0x0861,
  0x0861, 0x0861, 0x0861, 0x0861, 0x10A2, 0x18C3, 0x18C3, 0x18C3, 0x18C3, 0x18C3, 0x18C3, 0x18C3, 0x18C3, 0x18C3,
  0x18C3, 0x18C3, 0x18C3, 0x18C3, 0x18C3, 0x18C3, 0x18C3, 0x18C3, 0x18C3, 0x18C3, 0x18C3, 0x18C3, 0x18C3, 0x18C3,
  0x18C3, 0x18C3, 0x18C3, 0x18C3, 0x18C3, 0x18C3, 0x18C3, 0x18C3, 0x18C3, 0x18C3, 0x18C3, 0x18C3, 0x18C3, 0x18C3,
  0x18C3, 0x18C3, 0x10A2, 0x0861, 0x0861, 0x0861, 0x0861, 0x0861, 0x0861, 0x10A2, 0x18C3, 0x18C3, 0x18C3, 0x18C3,
  0x18C3, 0x18C3, 0x18C3, 0x18C3, 0x18C3, 0x18C3, 0x18C3, 0x18C3, 0x18C3, 0x18C3, 0x18C3, 0x18C3, 0x18C3, 0x18C3,
  0x18C3, 0x18C3, 0x18C3, 0x18C3, 0x18C3, 0x18C3, 0x18C3, 0x18C3, 0x18C3, 0x18C3, 0x18C3, 0x18C3, 0x18C3, 0x18C3,
  0x18C3, 0x18C3, 0x18C3, 0x18C3, 0x18C3, 0x18C3, 0x18C3, 0x18C3, 0x18C3, 0x10A2, 0x0861, 0x0861, 0x0861, 0x0861,
  0x10A2, 0x18C3, 0x18C3, 0x18C3, 0x18C3, 0x18C3, 0x18C3, 0x18C3, 0x18C3, 0x18C3, 0x18C3, 0x18C3, 0x18C3, 0x18C3,
  0x18C3, 0x18C3, 0x18C3, 0x18C3, 0x18C3, 0x18C3, 0x18C3, 0x18C3, 0x18C3, 0x18C3, 0x18C3, 0x18C3, 0x18C3, 0x18C3,
  0x18C3, 0x18C3, 0x18C3, 0x18C3, 0x18C3, 0x18C3, 0x18C3, 0x18C3, 0x18C3, 0x18C3, 0x18C3, 0x18C3, 0x18C3, 0x18C3,
  0x18C3, 0x18C3, 0x10A2, 0x0861, 0x0861, 0x10A2, 0x18C3, 0x18C3, 0x18C3, 0x18C3, 0x18C3, 0x18C3, 0x18C3, 0x18C3,
  0x18C3, 0x18C3, 0x18C3, 0x18C3, 0x18C3, 0x18C3, 0x18C3, 0x18C3, 0x18C3, 0x18C3, 0x18C3, 0x18C3, 0x18C3, 0x18C3,
  0x18C3, 0x18C3, 0x18C3, 0x18C3, 0x18C3, 0x18C3, 0x18C3, 0x18C3, 0x18C3, 0x18C3, 0x18C3, 0x18C3, 0x18C3, 0x18C3,
  0x18C3, 0x18C3, 0x18C3, 0x18C3, 0x18C3, 0x18C3, 0x18C3, 0x18C3, 0x18C3, 0x10A2, 0x10A2, 0x18C3, 0x18C3, 0x18E3,
  0x18C3, 0x10A2, 0x18C3, 0x18C3, 0x18C3, 0x18C3, 0x18C3, 0x18C3, 0x18C3, 0x18C3, 0x18C3, 0x18C3, 0x18C3, 0x18C3,
  0x18C3, 0x18C3, 0x18C3, 0x18C3, 0x18C3, 0x18C3, 0x18C3, 0x18C3, 0x18C3, 0x18C3, 0x18C3, 0x18C3, 0x18C3, 0x18C3,
  0x18C3, 0x18C3, 0x18C3, 0x18C3, 0x18C3, 0x18C3, 0x18C3, 0x18C3, 0x18C3, 0x18C3, 0x18C3, 0x18C3, 0x18C3, 0x18C3,
  0x18C3, 0x18C3, 0x18C3, 0x18E3, 0x18C3, 0x0841, 0x18C3, 0x3186, 0x18C3, 0x18C3, 0x18C3, 0x18C3, 0x18C3, 0x18C3,
  0x18C3, 0x18C3, 0x18C3, 0x18C3, 0x18C3, 0x18C3, 0x18C3, 0x18C3, 0x18C3, 0x18C3, 0x18C3, 0x18C3, 0x18C3, 0x18C3,
  0x18C3, 0x18C3, 0x18C3, 0x18C3, 0x18C3, 0x18C3, 0x18C3, 0x18C3, 0x18C3, 0x18C3, 0x18C3, 0x18C3, 0x18C3, 0x18C3,
  0x18C3, 0x18C3, 0x18C3, 0x18C3, 0x18C3, 0x18C3, 0x18C3, 0x18C3, 0x18E3, 0x1082, 0x18E3, 0x7BEF, 0xDEDB, 0xCE79,
  0x10A2, 0x18C3, 0x18C3, 0x18C3, 0x18C3, 0x18C3, 0x18C3, 0x18C3, 0x18C3, 0x18C3, 0x18C3, 0x18C3, 0x18C3, 0x18C3,
  0x18C3, 0x18C3, 0x18C3, 0x18C3, 0x18C3, 0x18C3, 0x18C3, 0x18C3, 0x18C3, 0x18C3, 0x18C3, 0x18C3, 0x18C3, 0x18C3,
  0x18C3, 0x18C3, 0x18C3, 0x18C3, 0x18C3, 0x18C3, 0x18C3, 0x18C3, 0x18C3, 0x18C3, 0x18C3, 0x18C3, 0x18C3, 0x18E3,
  0x1082, 0x3186, 0xD69A, 0xFFFF, 0xFFFF, 0xC618, 0x0861, 0x18E3, 0x18C3, 0x18C3, 0x18C3, 0x18C3, 0x18C3, 0x18C3,
  0x18C3, 0x18C3, 0x18C3, 0x18C3, 0x18C3, 0x18C3, 0x18C3, 0x18C3, 0x18C3, 0x18C3, 0x18C3, 0x18C3, 0x18C3, 0x18C3,
  0x18C3, 0x18C3, 0x18C3, 0x18C3, 0x18C3, 0x18C3, 0x18C3, 0x18C3, 0x18C3, 0x18C3, 0x18C3, 0x18C3, 0x18C3, 0x18C3,
  0x18C3, 0x18C3, 0x18C3, 0x18C3, 0x18C3, 0x18C3, 0x18E3, 0xD6BA, 0xFFFF, 0xF7BE, 0xFFFF, 0x73AE, 0x0841, 0x18E3,
  0x18C3, 0x18C3, 0x18C3, 0x18C3, 0x18C3, 0x18C3, 0x18C3, 0x18C3, 0x18C3, 0x18C3, 0x18C3, 0x18C3, 0x18C3, 0x18C3,
  0x18C3, 0x18C3, 0x18C3, 0x18C3, 0x18C3, 0x18C3, 0x18C3, 0x18C3, 0x18C3, 0x18C3, 0x18C3, 0x18C3, 0x18C3, 0x18C3,
  0x18C3, 0x18C3, 0x18C3, 0x18C3, 0x18C3, 0x18C3, 0x18C3, 0x18C3, 0x18C3, 0x18C3, 0x18E3, 0x0841, 0x8C51, 0xFFFF,
  0xF7BE, 0xFFFF, 0xDEDB, 0x18C3, 0x18C3, 0x18C3, 0x18C3, 0x18C3, 0x18C3, 0x18C3, 0x18C3, 0x18C3, 0x18C3, 0x18C3,
  0x18C3, 0x18C3, 0x18C3, 0x18C3, 0x18C3, 0x18C3, 0x18C3, 0x18C3, 0x18C3, 0x18C3, 0x18C3, 0x18C3, 0x18C3, 0x18C3,
  0x18C3, 0x18C3, 0x18C3, 0x18C3, 0x18C3, 0x18C3, 0x18C3, 0x18C3, 0x18C3, 0x18C3, 0x18C3, 0x18E3, 0x18E3, 0x18E3,
  0x18E3, 0x18E3, 0x18C3, 0x18C3, 0xDEDB, 0xFFFF, 0xFFFF, 0xEF5D, 0x39C7, 0x10A2, 0x2104, 0x18E3, 0x18C3, 0x18C3,
  0x18C3, 0x18C3, 0x18C3, 0x18C3, 0x18C3, 0x18C3, 0x18C3, 0x18C3, 0x18C3, 0x18C3, 0x18C3, 0x18C3, 0x18C3, 0x18C3,
  0x18C3, 0x18C3, 0x18C3, 0x18C3, 0x18C3, 0x18C3, 0x18C3, 0x18C3, 0x18C3, 0x18C3, 0x18C3, 0x18C3, 0x18C3, 0x18C3,
  0x18C3, 0x18E3, 0x10A2, 0x0861, 0x0841, 0x0841, 0x0841, 0x1082, 0x10A2, 0x31A6, 0xFFFF, 0xFFFF, 0xB596, 0x2104,
  0x0000, 0x0861, 0x0841, 0x0861, 0x10A2, 0x18E3, 0x18C3, 0x18C3, 0x18C3, 0x18C3, 0x18C3, 0x18C3, 0x18C3, 0x18C3,
  0x18C3, 0x18C3, 0x18C3, 0x18C3, 0x18C3, 0x18C3, 0x18C3, 0x18C3, 0x18C3, 0x18C3, 0x18C3, 0x18C3, 0x18C3, 0x18C3,
  0x18C3, 0x18C3, 0x18C3, 0x18C3, 0x18C3, 0x18C3, 0x18E3, 0x0841, 0x2104, 0x630C, 0x9492, 0x9CF3, 0x7BEF, 0x4228,
  0x10A2, 0x1082, 0x528A, 0x39C7, 0x2965, 0x6B6D, 0xA534, 0xAD75, 0x94B2, 0x632C, 0x2124, 0x0861, 0x18E3, 0x18C3,
  0x18C3, 0x18C3, 0x18C3, 0x18C3, 0x18C3, 0x18C3, 0x18C3, 0x18C3, 0x18C3, 0x18C3, 0x18C3, 0x18C3, 0x10A2, 0x18C3,
  0x18C3, 0x18C3, 0x18C3, 0x18C3, 0x18C3, 0x18C3, 0x18C3, 0x18C3, 0x18C3, 0x18C3, 0x18C3, 0x18C3, 0x0861, 0x738E,
  0xE71C, 0xFFFF, 0xFFFF, 0xFFFF, 0xFFFF, 0xFFFF, 0xD69A, 0x8C51, 0x738E, 0xBDD7, 0xFFDF, 0xFFFF, 0xFFFF, 0xFFFF,
  0xFFFF, 0xFFFF, 0xE73C, 0x738E, 0x0861, 0x18C3, 0x18C3, 0x18C3, 0x18C3, 0x18C3, 0x18C3, 0x18C3, 0x18C3, 0x18C3,
  0x18C3, 0x18C3, 0x18C3, 0x10A2, 0x0861, 0x10A2, 0x18C3, 0x18C3, 0x18C3, 0x18C3, 0x18C3, 0x18C3, 0x18C3, 0x18C3,
  0x18C3, 0x18C3, 0x18E3, 0x0861, 0x9CD3, 0xFFFF, 0xFFFF, 0xFFFF, 0xFFDF, 0xFFDF, 0xFFFF, 0xFFFF, 0xFFFF, 0xFFFF,
  0xFFFF, 0xFFFF, 0xFFFF, 0xFFFF, 0xFFFF, 0xFFFF, 0xFFDF, 0xFFFF, 0xFFFF, 0xFFFF, 0x9CD3, 0x1082, 0x18E3, 0x18C3,
  0x18C3, 0x18C3, 0x18C3, 0x18C3, 0x18C3, 0x18C3, 0x18C3, 0x18C3, 0x10A2, 0x0861, 0x0861, 0x0861, 0x10A2, 0x18C3,
  0x18C3, 0x18C3, 0x18C3, 0x18C3, 0x18C3, 0x18C3, 0x18C3, 0x18E3, 0x0841, 0x73AE, 0xFFFF, 0xFFDF, 0xFFFF, 0xFFFF,
  0xFFFF, 0xFFFF, 0xFFFF, 0xFFFF, 0xFFFF, 0xFFDF, 0xFFDF, 0xFFFF, 0xFFFF, 0xFFFF, 0xFFFF, 0xFFFF, 0xFFFF, 0xFFFF,
  0xFFFF, 0xF7BE, 0x73AE, 0x10A2, 0x18C3, 0x18C3, 0x18C3, 0x18C3, 0x18C3, 0x18C3, 0x18C3, 0x18C3, 0x18C3, 0x10A2,
  0x0861, 0x0861, 0x0861, 0x0861, 0x0861, 0x10A2, 0x18C3, 0x18C3, 0x18C3, 0x18C3, 0x18C3, 0x18C3, 0x18C3, 0x10A2,
  0x2945, 0xEF7D, 0xFFFF, 0xFFFF, 0xFFFF, 0xFFFF, 0xFFFF, 0xFFFF, 0xFFFF, 0xFFFF, 0xFFFF, 0xFFFF, 0xFFFF, 0xFFFF,
  0xFFFF, 0xFFFF, 0xFFFF, 0xFFFF, 0xFFFF, 0xFFFF, 0xFFDF, 0x52AA, 0x0020, 0x18E3, 0x18C3, 0x18C3, 0x18C3, 0x18C3,
  0x18C3, 0x18C3, 0x18C3, 0x18C3, 0x10A2, 0x0861, 0x0861, 0x0861, 0x0861, 0x0861, 0x0861, 0x0861, 0x10A2, 0x18C3,
  0x18C3, 0x18C3, 0x18C3, 0x18C3, 0x18E3, 0x0841, 0x73AE, 0xFFFF, 0xFFFF, 0xFFFF, 0xFFFF, 0xFFFF, 0xFFFF, 0xFFFF,
  0xFFFF, 0xFFFF, 0xFFFF, 0xFFFF, 0xFFFF, 0xFFFF, 0xFFFF, 0xFFFF, 0xFFFF, 0xFFFF, 0xFFFF, 0xFFFF, 0x9492, 0x0020,
  0x2104, 0x18C3, 0x18C3, 0x18C3, 0x18C3, 0x18C3, 0x18C3, 0x18C3, 0x18C3, 0x10A2, 0x0861, 0x0861, 0x0861, 0x0861,
  0x0861, 0x0861, 0x0861, 0x0861, 0x0861, 0x10A2, 0x18C3, 0x18C3, 0x18C3, 0x18C3, 0x18E3, 0x0861, 0xB596, 0xFFFF,
  0xFFFF, 0xFFFF, 0xFFFF, 0xFFFF, 0xFFFF, 0xFFFF, 0xFFFF, 0xFFFF, 0xFFFF, 0xFFFF, 0xFFFF, 0xFFFF, 0xFFFF, 0xFFFF,
  0xFFFF, 0xFFFF, 0xFFFF, 0xFFDF, 0x31A6, 0x10A2, 0x18E3, 0x18C3, 0x18C3, 0x18C3, 0x18C3, 0x18C3, 0x18C3, 0x18C3,
  0x10A2, 0x0861, 0x0861, 0x0861, 0x0861, 0x0861, 0x0861, 0x0861, 0x0861, 0x0861, 0x0861, 0x0861, 0x10A2, 0x18C3,
  0x18C3, 0x18C3, 0x18C3, 0x10A2, 0xD69A, 0xFFFF, 0xFFFF, 0xFFFF, 0xFFFF, 0xFFFF, 0xFFFF, 0xFFFF, 0xFFFF, 0xFFFF,
  0xFFFF, 0xFFFF, 0xFFFF, 0xFFFF, 0xFFFF, 0xFFFF, 0xFFFF, 0xFFFF, 0xFFFF, 0xDEFB, 0x18E3, 0x18C3, 0x18C3, 0x18C3,
  0x18C3, 0x18C3, 0x18C3, 0x18C3, 0x18C3, 0x10A2, 0x0861, 0x0861, 0x0861, 0x0861, 0x0861, 0x0861, 0x0861, 0x0861,
  0x0861, 0x0861, 0x0861, 0x0861, 0x0861, 0x10A2, 0x18C3, 0x18C3, 0x18C3, 0x18C3, 0xDEDB, 0xFFFF, 0xFFFF, 0xFFFF,
  0xFFFF, 0xFFFF, 0xFFFF, 0xFFFF, 0xFFFF, 0xFFFF, 0xFFFF, 0xFFFF, 0xFFFF, 0xFFFF, 0xFFFF, 0xFFFF, 0xFFFF, 0xFFFF,
  0xFFFF, 0xDEDB, 0x18C3, 0x18C3, 0x18C3, 0x18C3, 0x18C3, 0x18C3, 0x18C3, 0x18C3, 0x10A2, 0x0861, 0x0861, 0x0861,
  0x0861, 0x0861, 0x0861, 0x0861, 0x0861, 0x0861, 0x0861, 0x0861, 0x0861, 0x0861, 0x0861, 0x10A2, 0x18C3, 0x18C3,
  0x18C3, 0x10A2, 0xD6BA, 0xFFFF, 0xFFFF, 0xFFFF, 0xFFFF, 0xFFFF, 0xFFFF, 0xFFFF, 0xFFFF, 0xFFFF, 0xFFFF, 0xFFFF,
  0xFFFF, 0xFFFF, 0xFFFF, 0xFFFF, 0xFFFF, 0xFFFF, 0xFFFF, 0xEF7D, 0x2124, 0x10A2, 0x18C3, 0x18C3, 0x18C3, 0x18C3,
  0x18C3, 0x18C3, 0x10A2, 0x0861, 0x0861, 0x0861, 0x0861, 0x0861, 0x0861, 0x0861, 0x0861, 0x0861, 0x0861, 0x0861,
  0x0861, 0x0861, 0x10A2, 0x18C3, 0x18C3, 0x18C3, 0x18E3, 0x0861, 0xBDF7, 0xFFFF, 0xFFFF, 0xFFFF, 0xFFFF, 0xFFFF,
  0xFFFF, 0xFFFF, 0xFFFF, 0xFFFF, 0xFFFF, 0xFFFF, 0xFFFF, 0xFFFF, 0xFFFF, 0xFFFF, 0xFFFF, 0xFFFF, 0xFFFF, 0xFFFF,
  0x5AEB, 0x0841, 0x18E3, 0x18C3, 0x18C3, 0x18C3, 0x18C3, 0x18C3, 0x18C3, 0x10A2, 0x0861, 0x0861, 0x0861, 0x0861,
  0x0861, 0x0861, 0x0861, 0x0861, 0x0861, 0x0861, 0x0861, 0x10A2, 0x18C3, 0x18C3, 0x18C3, 0x18C3, 0x18E3, 0x0841,
  0x94B2, 0xFFFF, 0xFFDF, 0xFFFF, 0xFFFF, 0xFFFF, 0xFFFF, 0xFFFF, 0xFFFF, 0xFFFF, 0xFFFF, 0xFFFF, 0xFFFF, 0xFFFF,
  0xFFFF, 0xFFFF, 0xFFFF, 0xFFFF, 0xFFFF, 0xFFFF, 0xD69A, 0x10A2, 0x10A2, 0x18E3, 0x18C3, 0x18C3, 0x18C3, 0x18C3,
  0x18C3, 0x18C3, 0x10A2, 0x0861, 0x0861, 0x0861, 0x0861, 0x0861, 0x0861, 0x0861, 0x0861, 0x0861, 0x10A2, 0x18C3,
  0x18C3, 0x18C3, 0x18C3, 0x18C3, 0x18E3, 0x0861, 0x5AEB, 0xFFFF, 0xFFFF, 0xFFFF, 0xFFFF, 0xFFFF, 0xFFFF, 0xFFFF,
  0xFFFF, 0xFFFF, 0xFFFF, 0xFFFF, 0xFFFF, 0xFFFF, 0xFFFF, 0xFFFF, 0xFFFF, 0xFFFF, 0xFFFF, 0xFFFF, 0xFFFF, 0xB596,
  0x10A2, 0x0861, 0x18E3, 0x18C3, 0x18C3, 0x18C3, 0x18C3, 0x18C3, 0x18C3, 0x10A2, 0x0861, 0x0861, 0x0861, 0x0861,
  0x0861, 0x0861, 0x0861, 0x10A2, 0x18C3, 0x18C3, 0x18C3, 0x18C3, 0x18C3, 0x18C3, 0x18C3, 0x10A2, 0x2124, 0xEF5D,
  0xFFFF, 0xFFFF, 0xFFFF, 0xFFFF, 0xFFFF, 0xFFFF, 0xFFFF, 0xFFFF, 0xFFFF, 0xFFFF, 0xFFFF, 0xFFFF, 0xFFFF, 0xFFFF,
  0xFFFF, 0xFFFF, 0xFFFF, 0xFFFF, 0xFFFF, 0xFFFF, 0xD69A, 0x528A, 0x10A2, 0x18C3, 0x18C3, 0x18C3, 0x18C3, 0x18C3,
  0x18C3, 0x18C3, 0x10A2, 0x0861, 0x0861, 0x0861, 0x0861, 0x0861, 0x10A2, 0x18C3, 0x18C3, 0x18C3, 0x18C3, 0x18C3,
  0x18C3, 0x18C3, 0x18C3, 0x18E3, 0x0841, 0x9CF3, 0xFFFF, 0xFFDF, 0xFFFF, 0xFFFF, 0xFFFF, 0xFFFF, 0xFFFF, 0xFFFF,
  0xFFFF, 0xFFFF, 0xFFFF, 0xFFFF, 0xFFFF, 0xFFFF, 0xFFFF, 0xFFFF, 0xFFFF, 0xFFFF, 0xFFFF, 0xFFDF, 0xFFFF, 0x94B2,
  0x0841, 0x18E3, 0x18C3, 0x18C3, 0x18C3, 0x18C3, 0x18C3, 0x18C3, 0x18C3, 0x10A2, 0x0861, 0x0861, 0x0861, 0x10A2,
  0x18C3, 0x18C3, 0x18C3, 0x18C3, 0x18C3, 0x18C3, 0x18C3, 0x18C3, 0x18C3, 0x18E3, 0x1082, 0x39C7, 0xFFDF, 0xFFFF,
  0xFFFF, 0xFFFF, 0xFFFF, 0xFFFF, 0xFFFF, 0xFFFF, 0xFFFF, 0xFFFF, 0xFFFF, 0xFFFF, 0xFFFF, 0xFFFF, 0xFFFF, 0xFFFF,
  0xFFFF, 0xFFFF, 0xFFFF, 0xFFFF, 0xF79E, 0x2966, 0x10A2, 0x18C3, 0x18C3, 0x18C3, 0x18C3, 0x18C3, 0x18C3, 0x18C3,
  0x18C3, 0x18C3, 0x10A2, 0x0861, 0x10A2, 0x18C3, 0x18C3, 0x18C3, 0x18C3, 0x18C3, 0x18C3, 0x18C3, 0x18C3, 0x18C3,
  0x18C3, 0x18C3, 0x18E3, 0x0841, 0x9CF3, 0xFFFF, 0xFFDF, 0xFFFF, 0xFFFF, 0xFFFF, 0xFFFF, 0xFFFF, 0xFFFF, 0xFFFF,
  0xFFFF, 0xFFFF, 0xFFFF, 0xFFFF, 0xFFFF, 0xFFFF, 0xFFFF, 0xFFFF, 0xFFDF, 0xFFFF, 0x9492, 0x0841, 0x18E3, 0x18C3,
  0x18C3, 0x18C3, 0x18C3, 0x18C3, 0x18C3, 0x18C3, 0x18C3, 0x18C3, 0x18C3, 0x10A2, 0x18C3, 0x18C3, 0x18C3, 0x18C3,
  0x18C3, 0x18C3, 0x18C3, 0x18C3, 0x18C3, 0x18C3, 0x18C3, 0x18C3, 0x18C3, 0x18C3, 0x2104, 0xDEFB, 0xFFFF, 0xFFFF,
  0xFFFF, 0xFFFF, 0xFFFF, 0xFFFF, 0xFFFF, 0xFFFF, 0xFFFF, 0xFFFF, 0xFFFF, 0xFFFF, 0xFFFF, 0xFFFF, 0xFFFF, 0xFFFF,
  0xFFFF, 0xDEFB, 0x18E3, 0x18C3, 0x18C3, 0x18C3, 0x18C3, 0x18C3, 0x18C3, 0x18C3, 0x18C3, 0x18C3, 0x18C3, 0x18C3,
  0x18C3, 0x18C3, 0x18C3, 0x18C3, 0x18C3, 0x18C3, 0x18C3, 0x18C3, 0x18C3, 0x18C3, 0x18C3, 0x18C3, 0x18C3, 0x18C3,
  0x18C3, 0x18E3, 0x0861, 0x4228, 0xFFDF, 0xFFFF, 0xFFFF, 0xFFFF, 0xFFFF, 0xFFFF, 0xFFFF, 0xFFFF, 0xFFFF, 0xFFFF,
  0xFFFF, 0xFFFF, 0xFFFF, 0xFFFF, 0xFFFF, 0xFFFF, 0xFFDF, 0x4228, 0x0861, 0x18E3, 0x18C3, 0x18C3, 0x18C3, 0x18C3,
  0x18C3, 0x18C3, 0x18C3, 0x18C3, 0x18C3, 0x18C3, 0x18C3, 0x18C3, 0x18C3, 0x18C3, 0x18C3, 0x18C3, 0x18C3, 0x18C3,
  0x18C3, 0x18C3, 0x18C3, 0x18C3, 0x18C3, 0x18C3, 0x18C3, 0x18C3, 0x18E3, 0x0841, 0x630C, 0xFFFF, 0xFFFF, 0xFFFF,
  0xFFFF, 0xFFFF, 0xFFFF, 0xFFDF, 0xEF7D, 0xFFDF, 0xFFFF, 0xFFFF, 0xFFFF, 0xFFFF, 0xFFFF, 0xFFFF, 0x632C, 0x0841,
  0x18E3, 0x18C3, 0x18C3, 0x18C3, 0x18C3, 0x18C3, 0x18C3, 0x18C3, 0x18C3, 0x18C3, 0x18C3, 0x18C3, 0x18C3, 0x18C3,
  0x18C3, 0x18C3, 0x18C3, 0x18C3, 0x18C3, 0x18C3, 0x18C3, 0x18C3, 0x18C3, 0x18C3, 0x18C3, 0x18C3, 0x18C3, 0x18C3,
  0x18C3, 0x18E3, 0x0861, 0x52AA, 0xD69A, 0xFFDF, 0xEF7D, 0xBDD7, 0x6B4D, 0x39C7, 0x2945, 0x39C7, 0x6B4D, 0xBDD7,
  0xEF7D, 0xF7BE, 0xCE79, 0x52AA, 0x0861, 0x18E3, 0x18C3, 0x18C3, 0x18C3, 0x18C3, 0x18C3, 0x18C3, 0x18C3, 0x18C3,
  0x18C3, 0x18C3, 0x18C3, 0x18C3, 0x18C3, 0x18C3, 0x18C3, 0x18C3, 0x18C3, 0x18C3, 0x18C3, 0x18C3, 0x18C3, 0x18C3,
  0x18C3, 0x18C3, 0x18C3, 0x18C3, 0x18C3, 0x18C3, 0x18C3, 0x18C3, 0x18E3, 0x0861, 0x18C3, 0x39C7, 0x2945, 0x0861,
  0x0841, 0x1082, 0x10A2, 0x1082, 0x0841, 0x0861, 0x2945, 0x3186, 0x10A2, 0x0861, 0x18E3, 0x18C3, 0x18C3, 0x18C3,
  0x18C3, 0x18C3, 0x18C3, 0x18C3, 0x18C3, 0x18C3, 0x18C3, 0x18C3, 0x18C3, 0x18C3, 0x18C3, 0x18C3, 0x18C3, 0x18C3,
  0x18C3, 0x18C3, 0x18C3, 0x18C3, 0x18C3, 0x18C3, 0x18C3, 0x18C3, 0x18C3, 0x18C3, 0x18C3, 0x18C3, 0x18C3, 0x18C3,
  0x18C3, 0x18E3, 0x18C3, 0x1082, 0x10A2, 0x18E3, 0x18E3, 0x18E3, 0x18C3, 0x18E3, 0x18E3, 0x18E3, 0x10A2, 0x10A2,
  0x18C3, 0x18E3, 0x18C3, 0x18C3, 0x18C3, 0x18C3, 0x18C3, 0x18C3, 0x18C3, 0x18C3, 0x18C3, 0x18C3, 0x18C3, 0x18C3,
  0x18C3, 0x18C3, 0x18C3, 0x18C3, 0x18C3, 0x18C3, 0x18C3, 0x18C3, 0x18C3, 0x18C3, 0x18C3, 0x18C3, 0x18C3, 0x18C3,
  0x18C3, 0x18C3, 0x18C3, 0x18C3, 0x18C3, 0x18C3, 0x18C3, 0x18C3, 0x18C3, 0x18E3, 0x18C3, 0x18C3, 0x18C3, 0x18C3,
  0x18C3, 0x18C3, 0x18C3, 0x18C3, 0x18C3, 0x18C3, 0x18C3, 0x18C3, 0x18C3, 0x18C3, 0x18C3, 0x18C3, 0x18C3, 0x18C3,
  0x18C3, 0x18C3, 0x18C3, 0x18C3, 0x18C3, 0x18C3, 0x18C3, 0x18C3, 0x18C3, 0x18C3, 0x18C3, 0x18C3, 0x18C3, 0x18C3,
  0x18C3, 0x18C3, 0x18C3, 0x18C3, 0x18C3, 0x18C3, 0x18C3, 0x18C3, 0x18C3, 0x18C3, 0x18C3, 0x18C3, 0x18C3, 0x18C3,
  0x18C3, 0x18C3, 0x18C3, 0x18C3, 0x18C3, 0x18C3, 0x18C3, 0x18C3, 0x18C3, 0x18C3, 0x18C3, 0x18C3, 0x18C3, 0x18C3,
  0x18C3, 0x18C3, 0x18C3, 0x18C3, 0x18C3, 0x18C3, 0x18C3, 0x18C3, 0x18C3, 0x18C3, 0x18C3, 0x18C3, 0x18C3, 0x18C3,
  0x18C3, 0x18C3, 0x18C3, 0x18C3, 0x18C3, 0x18C3, 0x18C3, 0x18C3, 0x18C3, 0x18C3, 0x18C3, 0x18C3, 0x18C3, 0x18C3,
  0x18C3, 0x18C3, 0x18C3, 0x18C3, 0x18C3, 0x18C3, 0x18C3, 0x18C3, 0x18C3, 0x18C3, 0x18C3, 0x10A2, 0x10A2, 0x18C3,
  0x18C3, 0x18C3, 0x18C3, 0x18C3, 0x18C3, 0x18C3, 0x18C3, 0x18C3, 0x18C3, 0x18C3, 0x18C3, 0x18C3, 0x18C3, 0x18C3,
  0x18C3, 0x18C3, 0x18C3, 0x18C3, 0x18C3, 0x18C3, 0x18C3, 0x18C3, 0x18C3, 0x18C3, 0x18C3, 0x18C3, 0x18C3, 0x18C3,
  0x18C3, 0x18C3, 0x18C3, 0x18C3, 0x18C3, 0x18C3, 0x18C3, 0x18C3, 0x18C3, 0x18C3, 0x18C3, 0x18C3, 0x18C3, 0x18C3,
  0x18C3, 0x18C3, 0x10A2, 0x0861, 0x0861, 0x10A2, 0x18C3, 0x18C3, 0x18C3, 0x18C3, 0x18C3, 0x18C3, 0x18C3, 0x18C3,
  0x18C3, 0x18C3, 0x18C3, 0x18C3, 0x18C3, 0x18C3, 0x18C3, 0x18C3, 0x18C3, 0x18C3, 0x18C3, 0x18C3, 0x18C3, 0x18C3,
  0x18C3, 0x18C3, 0x18C3, 0x18C3, 0x18C3, 0x18C3, 0x18C3, 0x18C3, 0x18C3, 0x18C3, 0x18C3, 0x18C3, 0x18C3, 0x18C3,
  0x18C3, 0x18C3, 0x18C3, 0x18C3, 0x18C3, 0x18C3, 0x18C3, 0x10A2, 0x0861, 0x0861, 0x0861, 0x0861, 0x10A2, 0x18C3,
  0x18C3, 0x18C3, 0x18C3, 0x18C3, 0x18C3, 0x18C3, 0x18C3, 0x18C3, 0x18C3, 0x18C3, 0x18C3, 0x18C3, 0x18C3, 0x18C3,
  0x18C3, 0x18C3, 0x18C3, 0x18C3, 0x18C3, 0x18C3, 0x18C3, 0x18C3, 0x18C3, 0x18C3, 0x18C3, 0x18C3, 0x18C3, 0x18C3,
  0x18C3, 0x18C3, 0x18C3, 0x18C3, 0x18C3, 0x18C3, 0x18C3, 0x18C3, 0x18C3, 0x18C3, 0x18C3, 0x18C3, 0x10A2, 0x0861,
  0x0861, 0x0861, 0x0861, 0x0861, 0x0861, 0x10A2, 0x18C3, 0x18C3, 0x18C3, 0x18C3, 0x18C3, 0x18C3, 0x18C3, 0x18C3,
  0x18C3, 0x18C3, 0x18C3, 0x18C3, 0x18C3, 0x18C3, 0x18C3, 0x18C3, 0x18C3, 0x18C3, 0x18C3, 0x18C3, 0x18C3, 0x18C3,
  0x18C3, 0x18C3, 0x18C3, 0x18C3, 0x18C3, 0x18C3, 0x18C3, 0x18C3, 0x18C3, 0x18C3, 0x18C3, 0x18C3, 0x18C3, 0x18C3,
  0x18C3, 0x18C3, 0x18C3, 0x10A2, 0x0861, 0x0861, 0x0861, 0x0861, 0x0861, 0x0861, 0x0861, 0x0861, 0x10A2, 0x18C3,
  0x18C3, 0x18C3, 0x18C3, 0x18C3, 0x18C3, 0x18C3, 0x18C3, 0x18C3, 0x18C3, 0x18C3, 0x18C3, 0x18C3, 0x18C3, 0x18C3,
  0x18C3, 0x18C3, 0x18C3, 0x18C3, 0x18C3, 0x18C3, 0x18C3, 0x18C3, 0x18C3, 0x18C3, 0x18C3, 0x18C3, 0x18C3, 0x18C3,
  0x18C3, 0x18C3, 0x18C3, 0x18C3, 0x18C3, 0x18C3, 0x18C3, 0x18C3, 0x10A2, 0x0861, 0x0861, 0x0861, 0x0861, 0x0861,
  0x0861, 0x0861, 0x0861, 0x0861, 0x0861, 0x10A2, 0x18C3, 0x18C3, 0x18C3, 0x18C3, 0x18C3, 0x18C3, 0x18C3, 0x18C3,
  0x18C3, 0x18C3, 0x18C3, 0x18C3, 0x18C3, 0x18C3, 0x18C3, 0x18C3, 0x18C3, 0x18C3, 0x18C3, 0x18C3, 0x18C3, 0x18C3,
  0x18C3, 0x18C3, 0x18C3, 0x18C3, 0x18C3, 0x18C3, 0x18C3, 0x18C3, 0x18C3, 0x18C3, 0x18C3, 0x18C3, 0x18C3, 0x10A2,
  0x0861, 0x0861, 0x0861, 0x0861, 0x0861, 0x0861, 0x0861, 0x0861, 0x0861, 0x0861, 0x0861, 0x0861, 0x10A2, 0x18C3,
  0x18C3, 0x18C3, 0x18C3, 0x18C3, 0x18C3, 0x18C3, 0x18C3, 0x18C3, 0x18C3, 0x18C3, 0x18C3, 0x18C3, 0x18C3, 0x18C3,
  0x18C3, 0x18C3, 0x18C3, 0x18C3, 0x18C3, 0x18C3, 0x18C3, 0x18C3, 0x18C3, 0x18C3, 0x18C3, 0x18C3, 0x18C3, 0x18C3,
  0x18C3, 0x18C3, 0x18C3, 0x18C3, 0x10A2, 0x0861, 0x0861, 0x0861, 0x0861, 0x0861, 0x0861, 0x0861, 0x0861, 0x0861,
  0x0861, 0x0861, 0x0861, 0x0861, 0x0861, 0x10A2, 0x18C3, 0x18C3, 0x18C3, 0x18C3, 0x18C3, 0x18C3, 0x18C3, 0x18C3,
  0x18C3, 0x18C3, 0x18C3, 0x18C3, 0x18C3, 0x18C3, 0x18C3, 0x18C3,
};

const uint16_t logo_amznx[2304] PROGMEM = {
  0xFCC1, 0xFCC1, 0xFCC1, 0xFCC1, 0xFCC1, 0xFCC1, 0xFCC1, 0xFCC1, 0xFCC1, 0xFCC1, 0xFCC1, 0xFCC1, 0xFCC1, 0xFCC1,
  0xF4C1, 0xFCC1, 0xE460, 0xBB80, 0xBB80, 0xBB80, 0xBB80, 0xBB80, 0xBB80, 0xBB80, 0xBB80, 0xBB80, 0xBB80, 0xBB80,
  0xBB80, 0xBB80, 0xBB80, 0xE460, 0xFCC1, 0xF4C1, 0xFCC1, 0xFCC1, 0xFCC1, 0xFCC1, 0xFCC1, 0xFCC1, 0xFCC1, 0xFCC1,
  0xFCC1, 0xFCC1, 0xFCC1, 0xFCC1, 0xFCC1, 0xFCC1, 0xFCC1, 0xFCC1, 0xFCC1, 0xFCC1, 0xFCC1, 0xFCC1, 0xFCC1, 0xFCC1,
  0xFCC1, 0xFCC1, 0xFCC1, 0xFCC1, 0xFCC1, 0xFCC1, 0xFCC1, 0xF4C1, 0xFCC1, 0xE440, 0xBB80, 0xBB80, 0xBB80, 0xBB80,
  0xBB80, 0xBB80, 0xBB80, 0xBB80, 0xBB80, 0xBB80, 0xBB80, 0xBB80, 0xE440, 0xFCC1, 0xF4C1, 0xFCC1, 0xFCC1, 0xFCC1,
  0xFCC1, 0xFCC1, 0xFCC1, 0xFCC1, 0xFCC1, 0xFCC1, 0xFCC1, 0xFCC1, 0xFCC1, 0xFCC1, 0xFCC1, 0xFCC1, 0xFCC1, 0xFCC1,
  0xFCC1, 0xFCC1, 0xFCC1, 0xFCC1, 0xFCC1, 0xFCC1, 0xFCC1, 0xFCC1, 0xFCC1, 0xFCC1, 0xFCC1, 0xFCC1, 0xFCC1, 0xFCC1,
  0xF4A1, 0xFCC1, 0xE440, 0xBB80, 0xBB80, 0xBB80, 0xBB80, 0xBB80, 0xBB80, 0xBB80, 0xBB80, 0xBB80, 0xBB80, 0xE440,
  0xFCC1, 0xF4A1, 0xFCC1, 0xFCC1, 0xFCC1, 0xFCC1, 0xFCC1, 0xFCC1, 0xFCC1, 0xFCC1, 0xFCC1, 0xFCC1, 0xFCC1, 0xFCC1,
  0xFCC1, 0xFCC1, 0xFCC1, 0xFCC1, 0xFCC1, 0xFCC1, 0xFCC1, 0xFCC1, 0xFCC1, 0xFCC1, 0xFCC1, 0xFCC1, 0xFCC1, 0xFCC1,
  0xFCC1, 0xFCC1, 0xFCC1, 0xFCC1, 0xFCC1, 0xFCC1, 0xFCC1, 0xF4A1, 0xFCC1, 0xE440, 0xBB80, 0xBB80, 0xBB80, 0xBB80,
  0xBB80, 0xBB80, 0xBB80, 0xBB80, 0xE440, 0xFCC1, 0xF4A1, 0xFCC1, 0xFCC1, 0xFCC1, 0xFCC1, 0xFCC1, 0xFCC1, 0xFCC1,
  0xFCC1, 0xFCC1, 0xFCC1, 0xFCC1, 0xFCC1, 0xFCC1, 0xFCC1, 0xFCC1, 0xFCC1, 0xFCC1, 0xFCC1, 0xFCC1, 0xFCC1, 0xFCC1,
  0xFCC1, 0xFCC1, 0xFCC1, 0xFCC1, 0xFCC1, 0xFCC1, 0xFCC1, 0xFCC1, 0xFCC1, 0xFCC1, 0xFCC1, 0xFCC1, 0xFCC1, 0xFCC1,
  0xF4A1, 0xFCC1, 0xE440, 0xBB80, 0xBB80, 0xBB80, 0xBB80, 0xBB80, 0xBB80, 0xE440, 0xFCC1, 0xF4A1, 0xFCC1, 0xFCC1,
  0xFCC1, 0xFCC1, 0xFCC1, 0xFCC1, 0xFCC1, 0xFCC1, 0xFCC1, 0xFCC1, 0xFCC1, 0xFCC1, 0xFCC1, 0xFCC1, 0xFCC1, 0xFCC1,
  0xFCC1, 0xFCC1, 0xFCC1, 0xFCC1, 0xFCC1, 0xFCC1, 0xFCC1, 0xFCC1, 0xFCC1, 0xFCC1, 0xFCC1, 0xFCC1, 0xFCC1, 0xFCC1,
  0xFCC1, 0xFCC1, 0xFCC1, 0xFCC1, 0xFCC1, 0xFCC1, 0xFCC1, 0xF4A1, 0xFCC1, 0xE441, 0xBB81, 0xBB81, 0xBB81, 0xBB81,
  0xE461, 0xFCC1, 0xF4A1, 0xFCC1, 0xFCC1, 0xFCC1, 0xFCC1, 0xFCC1, 0xFCC1, 0xFCC1, 0xFCC1, 0xFCC1, 0xFCC1, 0xFCC1,
  0xFCC1, 0xFCC1, 0xFCC1, 0xFCC1, 0xFCC1, 0xFCC1, 0xFCC1, 0xFCC1, 0xFCC1, 0xFCC1, 0xFCC1, 0xFCC1, 0xFCC1, 0xFCC1,
  0xFCC1, 0xFCC1, 0xFCC1, 0xFCC1, 0xFCC1, 0xFCC1, 0xFCC1, 0xFCC1, 0xFCC1, 0xFCC1, 0xFCC1, 0xFCC1, 0xFCC1, 0xFCC1,
  0xF4C1, 0xFCC0, 0xE420, 0xBB40, 0xBB40, 0xE420, 0xFCA0, 0xF4A0, 0xFCC1, 0xFCC1, 0xFCC1, 0xFCC1, 0xFCC1, 0xFCC1,
  0xFCC1, 0xFCC1, 0xFCC1, 0xFCC1, 0xFCC1, 0xFCC1, 0xFCC1, 0xFCC1, 0xFCC1, 0xFCC1, 0xFCC1, 0xFCC1, 0xFCC1, 0xFCC1,
  0xFCC1, 0xFCC1, 0xFCC1, 0xFCC1, 0xFCC1, 0xFCC1, 0xFCC1, 0xFCC1, 0xFCC1, 0xFCC1, 0xFCC1, 0xFCC1, 0xFCC1, 0xFCC1,
  0xFCC1, 0xFCC1, 0xFCC1, 0xFCC1, 0xFCC1, 0xFC80, 0xFC80, 0xF4C2, 0xFD45, 0xE508, 0xE529, 0xFDA8, 0xFD25, 0xFCC1,
  0xFC80, 0xFCA0, 0xFCC1, 0xFCC1, 0xFCC1, 0xFCC1, 0xFCC1, 0xFCC1, 0xFCC1, 0xFCC1, 0xFCC1, 0xFCC1, 0xFCC1, 0xFCC1,
  0xFCC1, 0xFCC1, 0xFCC1, 0xFCC1, 0xFCC1, 0xFCC1, 0xFCC1, 0xFCC1, 0xFCC1, 0xFCC1, 0xFCC1, 0xFCC1, 0xFCC1, 0xFCC1,
  0xFCC1, 0xFCC1, 0xFCC1, 0xFCC1, 0xFCC1, 0xFCC1, 0xFCC1, 0xFCC1, 0xFCC1, 0xFCA0, 0xFCA0, 0xFDAA, 0xFEF5, 0xFF9C,
  0xFFFF, 0xFFFF, 0xFFFF, 0xFFFF, 0xFFFF, 0xFF9B, 0xFEB3, 0xFD67, 0xFC80, 0xFCC1, 0xFCC1, 0xFCC1, 0xFCC1, 0xFCC1,
  0xFCC1, 0xFCC1, 0xFCC1, 0xFCC1, 0xFCC1, 0xFCC1, 0xFCC1, 0xFCC1, 0xFCC1, 0xFCC1, 0xFCC1, 0xFCC1, 0xFCC1, 0xFCC1,
  0xFCC1, 0xFCC1, 0xFCC1, 0xFCC1, 0xFCC1, 0xFCC1, 0xFCC1, 0xFCC1, 0xFCC1, 0xFCC1, 0xFCC1, 0xFCC1, 0xFCC1, 0xFCC1,
  0xFCA0, 0xFD04, 0xFF17, 0xFFFF, 0xFFFF, 0xFFFF, 0xFFFF, 0xFFFF, 0xFFFF, 0xFFFF, 0xFFFF, 0xFFFF, 0xFFFF, 0xFFFF,
  0xFE71, 0xFCA0, 0xFCC1, 0xFCC1, 0xFCC1, 0xFCC1, 0xFCC1, 0xFCC1, 0xFCC1, 0xFCC1, 0xFCC1, 0xFCC1, 0xFCC1, 0xFCC1,
  0xFCC1, 0xFCC1, 0xFCC1, 0xFCC1, 0xFCC1, 0xFCC1, 0xFCC1, 0xFCC1, 0xFCC1, 0xFCC1, 0xFCC1, 0xFCC1, 0xFCC1, 0xFCC1,
  0xFCC1, 0xFCC1, 0xFCC1, 0xFCC1, 0xFCC1, 0xFCA0, 0xFD25, 0xFFBC, 0xFFFF, 0xFFFF, 0xFFFF, 0xFFFF, 0xFFFF, 0xFFFF,
  0xFFFF, 0xFFFF, 0xFFFF, 0xFFFF, 0xFFFF, 0xFFFF, 0xFFFF, 0xFE71, 0xFC80, 0xFCC1, 0xFCC1, 0xFCC1, 0xFCC1, 0xFCC1,
  0xFCC1, 0xFCC1, 0xFCC1, 0xFCC1, 0xFCC1, 0xFCC1, 0xFCC1, 0xFCC1, 0xFCC1, 0xFCC1, 0xFCC1, 0xFCC1, 0xFCC1, 0xFCC1,
  0xFCC1, 0xFCC1, 0xFCC1, 0xFCC1, 0xFCC1, 0xFCC1, 0xFCC1, 0xFCC1, 0xFCC1, 0xFCC1, 0xFCC1, 0xFCA0, 0xFF59, 0xFFFF,
  0xFFFF, 0xFFFF, 0xFFFF, 0xFFFF, 0xFFFF, 0xFFFF, 0xFFFF, 0xFFFF, 0xFFFF, 0xFFFF, 0xFFFF, 0xFFFF, 0xFFFF, 0xFFFF,
  0xFD46, 0xFCA0, 0xFCC1, 0xFCC1, 0xFCC1, 0xFCC1, 0xFCC1, 0xFCC1, 0xFCC1, 0xFCC1, 0xFCC1, 0xFCC1, 0xFCC1, 0xFCC1,
  0xFCC1, 0xFCC1, 0xFCC1, 0xFCC1, 0xFCC1, 0xFCC1, 0xFCC1, 0xFCC1, 0xFCC1, 0xFCC1, 0xFCC1, 0xFCC1, 0xFCC1, 0xFCC1,
  0xFCC1, 0xFCC1, 0xFC80, 0xFDCB, 0xFFFF, 0xFFFF, 0xFFFF, 0xFFFF, 0xFFFF, 0xFFDE, 0xFE70, 0xFD89, 0xFD89, 0xFEB3,
  0xFFFF, 0xFFFF, 0xFFFF, 0xFFFF, 0xFFFF, 0xFFFF, 0xFE71, 0xF480, 0xFCC1, 0xFCC1, 0xFCC1, 0xFCC1, 0xFCC1, 0xFCC1,
  0xFCC1, 0xFCC1, 0xFCC1, 0xFCC1, 0xFCC1, 0xFCC1, 0xFCC1, 0xFCC1, 0xFCC1, 0xFCC1, 0xFCC1, 0xFCC1, 0xFCC1, 0xFCC1,
  0xFCC1, 0xFCC1, 0xFCC1, 0xFCC1, 0xFCC1, 0xFCC1, 0xFCC1, 0xFCC1, 0xFC80, 0xFF17, 0xFFFF, 0xFFFF, 0xFFFF, 0xFFFF,
  0xFFDE, 0xFD88, 0xFC60, 0xFC80, 0xFC80, 0xF460, 0xFE92, 0xFFFF, 0xFFFF, 0xFFFF, 0xFFFF, 0xFFFF, 0xFF16, 0xFC80,
  0xFCC1, 0xFCC1, 0xFCC1, 0xFCC1, 0xFCC1, 0xFCC1, 0xFCC1, 0xFCC1, 0xFCC1, 0xFCC1, 0xFCC1, 0xFCC1, 0xFCC1, 0xFCC1,
  0xF4C1, 0xFCC1, 0xFCC1, 0xFCC1, 0xFCC1, 0xFCC1, 0xFCC1, 0xFCC1, 0xFCC1, 0xFCC1, 0xFCC1, 0xFCC1, 0xFCC1, 0xFCC1,
  0xFCA0, 0xFF38, 0xFFFF, 0xFFFF, 0xFFFF, 0xFFFF, 0xFF16, 0xFC60, 0xFCC1, 0xFCC1, 0xFCC1, 0xFCA0, 0xFD67, 0xFFFF,
  0xFFFF, 0xFFFF, 0xFFFF, 0xFFFF, 0xFF59, 0xFCA0, 0xFCC1, 0xFCC1, 0xFCC1, 0xFCC1, 0xFCC1, 0xFCC1, 0xFCC1, 0xFCC1,
  0xFCC1, 0xFCC1, 0xFCC1, 0xFCC1, 0xFCC1, 0xF4C1, 0xFCC1, 0xF4C1, 0xFCC1, 0xFCC1, 0xFCC1, 0xFCC1, 0xFCC1, 0xFCC1,
  0xFCC1, 0xFCC1, 0xFCC1, 0xFCC1, 0xFCC1, 0xFCC1, 0xFCA0, 0xFCE2, 0xFD46, 0xFDA9, 0xFDEC, 0xFE50, 0xFD46, 0xFCA1,
  0xFCC1, 0xFCC1, 0xFCC1, 0xFC80, 0xFD25, 0xFFFF, 0xFFFF, 0xFFFF, 0xFFFF, 0xFFFF, 0xFF59, 0xFCA0, 0xFCC1, 0xFCC1,
  0xFCC1, 0xFCC1, 0xFCC1, 0xFCC1, 0xFCC1, 0xFCC1, 0xFCC1, 0xFCC1, 0xFCC1, 0xFCC1, 0xF4C1, 0xFCC1, 0xE460, 0xFCC1,
  0xF4C1, 0xFCC1, 0xFCC1, 0xFCC1, 0xFCC1, 0xFCC1, 0xFCC1, 0xFCC1, 0xFCC1, 0xFCC1, 0xFCC1, 0xFCC1, 0xFCC1, 0xFCA0,
  0xFCA0, 0xFC80, 0xFC80, 0xF480, 0xFC80, 0xFC80, 0xFC80, 0xFC80, 0xFCC0, 0xFCC1, 0xFD88, 0xFFFF, 0xFFFF, 0xFFFF,
  0xFFFF, 0xFFFF, 0xFF59, 0xFCA0, 0xFCC1, 0xFCC1, 0xFCC1, 0xFCC1, 0xFCC1, 0xFCC1, 0xFCC1, 0xFCC1, 0xFCC1, 0xFCC1,
  0xFCC1, 0xF4C1, 0xFCC1, 0xE460, 0xBB80, 0xE440, 0xFCC1, 0xF4A1, 0xFCC1, 0xFCC1, 0xFCC1, 0xFCC1, 0xFCC1, 0xFCC1,
  0xFCC1, 0xFCC1, 0xFCC1, 0xFCC1, 0xFCC1, 0xFCC1, 0xFCC1, 0xFCC1, 0xFC80, 0xFCC1, 0xFD46, 0xFE0D, 0xFE92, 0xFF17,
  0xFF7A, 0xFFBC, 0xFFDE, 0xFFFF, 0xFFFF, 0xFFFF, 0xFFFF, 0xFFFF, 0xFF59, 0xFCA0, 0xFCC1, 0xFCC1, 0xFCC1, 0xFCC1,
  0xFCC1, 0xFCC1, 0xFCC1, 0xFCC1, 0xFCC1, 0xFCC1, 0xF4A1, 0xFCC1, 0xE440, 0xBB80, 0xBB80, 0xBB80, 0xE440, 0xFCC1,
  0xF4A1, 0xFCC1, 0xFCC1, 0xFCC1, 0xFCC1, 0xFCC1, 0xFCC1, 0xFCC1, 0xFCC1, 0xFCC1, 0xFCC1, 0xFCC1, 0xFCA0, 0xFCA1,
  0xFE0D, 0xFF59, 0xFFFF, 0xFFFF, 0xFFFF, 0xFFFF, 0xFFFF, 0xFFFF, 0xFFFF, 0xFFFF, 0xFFFF, 0xFFFF, 0xFFFF, 0xFFFF,
  0xFF59, 0xFCA0, 0xFCC1, 0xFCC1, 0xFCC1, 0xFCC1, 0xFCC1, 0xFCC1, 0xFCC1, 0xFCC1, 0xFCC1, 0xF4A1, 0xFCC1, 0xE440,
  0xBB80, 0xBB80, 0xBB80, 0xBB80, 0xBB80, 0xE440, 0xFCC1, 0xF4A1, 0xFCC1, 0xFCC1, 0xFCC1, 0xFCC1, 0xFCC1, 0xFCC1,
  0xFCC1, 0xFCC1, 0xFCC1, 0xFCA0, 0xFD04, 0xFF38, 0xFFFF, 0xFFFF, 0xFFFF, 0xFFFF, 0xFFFF, 0xFFFF, 0xFFFF, 0xFFFF,
  0xFFFF, 0xFFFF, 0xFFFF, 0xFFFF, 0xFFFF, 0xFFFF, 0xFF59, 0xFCA0, 0xFCC1, 0xFCC1, 0xFCC1, 0xFCC1, 0xFCC1, 0xFCC1,
  0xFCC1, 0xFCC1, 0xF4A1, 0xFCC1, 0xE440, 0xBB80, 0xBB80, 0xBB80, 0xBB80, 0xBB80, 0xBB80, 0xBB80, 0xE440, 0xFCC1,
  0xF4A1, 0xFCC1, 0xFCC1, 0xFCC1, 0xFCC1, 0xFCC1, 0xFCC1, 0xFCC1, 0xFCA0, 0xFCE2, 0xFF9B, 0xFFFF, 0xFFFF, 0xFFFF,
  0xFFFF, 0xFFFF, 0xFFFF, 0xFF17, 0xFE50, 0xFDCB, 0xFE0E, 0xFFFF, 0xFFFF, 0xFFFF, 0xFFFF, 0xFFFF, 0xFF59, 0xFCA0,
  0xFCC1, 0xFCC1, 0xFCC1, 0xFCC1, 0xFCC1, 0xFCC1, 0xFCC1, 0xF4A1, 0xFCC1, 0xE440, 0xBB80, 0xBB80, 0xBB80, 0xBB80,
  0xBB80, 0xBB80, 0xBB80, 0xBB80, 0xBB80, 0xE440, 0xFCC1, 0xF4A1, 0xFCC1, 0xFCC1, 0xFCC1, 0xFCC1, 0xFCC1, 0xFCC1,
  0xFC80, 0xFED4, 0xFFFF, 0xFFFF, 0xFFFF, 0xFFFF, 0xFFFF, 0xFF7A, 0xFD46, 0xFC80, 0xFC80, 0xFC60, 0xFD04, 0xFFFF,
  0xFFFF, 0xFFFF, 0xFFFF, 0xFFFF, 0xFF59, 0xFCA0, 0xFCC1, 0xFCC1, 0xFCC1, 0xFCC1, 0xFCC1, 0xFCC1, 0xF4A1, 0xFCC1,
  0xE440, 0xBB80, 0xBB80, 0xBB80, 0xBB80, 0xBB80, 0xBB80, 0xBB80, 0xBB80, 0xBB80, 0xBB80, 0xBB80, 0xE440, 0xFCC1,
  0xF4C1, 0xFCC1, 0xFCC1, 0xFCC1, 0xFCC1, 0xFCA0, 0xFD24, 0xFFFF, 0xFFFF, 0xFFFF, 0xFFFF, 0xFFFF, 0xFFDE, 0xFD25,
  0xFC80, 0xFCC1, 0xFCC1, 0xFCA0, 0xFD46, 0xFFFF, 0xFFFF, 0xFFFF, 0xFFFF, 0xFFFF, 0xFF59, 0xFCA0, 0xFCC1, 0xFCC1,
  0xFCC1, 0xFCC1, 0xFCC1, 0xF4C1, 0xFCC1, 0xE440, 0xBB80, 0xBB80, 0xBB80, 0xBB80, 0xBB80, 0xBB80, 0xBB80, 0xBB80,
  0xBB80, 0xBB80, 0xBB80, 0xBB80, 0xBB80, 0xE440, 0xFCC1, 0xF4C1, 0xFCC1, 0xFCC1, 0xFCC1, 0xFC80, 0xFDEC, 0xFFFF,
  0xFFFF, 0xFFFF, 0xFFFF, 0xFFFF, 0xFF17, 0xFC80, 0xFCC1, 0xFCC1, 0xFCC1, 0xFCA0, 0xFD67, 0xFFFF, 0xFFFF, 0xFFFF,
  0xFFFF, 0xFFFF, 0xFF59, 0xFCA0, 0xFCC1, 0xFCC1, 0xFCC1, 0xFCC1, 0xF4C1, 0xFCC1, 0xE440, 0xBB80, 0xBB80, 0xBB80,
  0xBB80, 0xBB80, 0xBB80, 0xBB80, 0xBB80, 0xBB80, 0xBB80, 0xBB80, 0xBB80, 0xBB80, 0xBB80, 0xE440, 0xFCC1, 0xF4C1,
  0xFCC1, 0xFCC1, 0xFCC1, 0xF480, 0xFE71, 0xFFFF, 0xFFFF, 0xFFFF, 0xFFFF, 0xFFFF, 0xFEB4, 0xFC80, 0xFCC1, 0xFCC1,
  0xFCC1, 0xFC80, 0xFE0D, 0xFFFF, 0xFFFF, 0xFFFF, 0xFFFF, 0xFFFF, 0xFF7B, 0xFCC1, 0xFCC1, 0xFCC1, 0xFCC1, 0xFCC1,
  0xF4C1, 0xFCC1, 0xE440, 0xBB80, 0xBB80, 0xBB80, 0xBB80, 0xBB80, 0xBB80, 0xBB80, 0xBB80, 0xBB80, 0xBB80, 0xBB80,
  0xBB80, 0xBB80, 0xE440, 0xFCC1, 0xF4C1, 0xFCC1, 0xFCC1, 0xFCC1, 0xFCC1, 0xF480, 0xFE92, 0xFFFF, 0xFFFF, 0xFFFF,
  0xFFFF, 0xFFFF, 0xFF17, 0xFC80, 0xFCC1, 0xFCC1, 0xFCC1, 0xFCA0, 0xFF59, 0xFFFF, 0xFFFF, 0xFFFF, 0xFFFF, 0xFFFF,
  0xFFFF, 0xFD25, 0xFCA0, 0xFCC1, 0xFCC1, 0xFCC1, 0xFCC1, 0xF4C1, 0xFCC1, 0xE440, 0xBB80, 0xBB80, 0xBB80, 0xBB80,
  0xBB80, 0xBB80, 0xBB80, 0xBB80, 0xBB80, 0xBB80, 0xBB80, 0xE440, 0xFCC1, 0xF4A1, 0xFCC1, 0xFCC1, 0xFCC1, 0xFCC1,
  0xFCC1, 0xF480, 0xFE4F, 0xFFFF, 0xFFFF, 0xFFFF, 0xFFFF, 0xFFFF, 0xFFDE, 0xFD46, 0xFC60, 0xF480, 0xFC80, 0xFE71,
  0xFFFF, 0xFFFF, 0xFFFF, 0xFFFF, 0xFFFF, 0xFFFF, 0xFFFF, 0xFED4, 0xFC80, 0xFCC1, 0xFCC1, 0xFCC1, 0xFCC1, 0xFCC1,
  0xF4A1, 0xFCC1, 0xE440, 0xBB80, 0xBB80, 0xBB80, 0xBB80, 0xBB80, 0xBB80, 0xBB80, 0xBB80, 0xBB80, 0xE440, 0xFCC1,
  0xF4A1, 0xFCC1, 0xFCC1, 0xFCC1, 0xFCC1, 0xFCC1, 0xFCC1, 0xFC80, 0xFDA9, 0xFFFF, 0xFFFF, 0xFFFF, 0xFFFF, 0xFFFF,
  0xFFFF, 0xFFBD, 0xFE50, 0xFE0E, 0xFF17, 0xFFFF, 0xFFFF, 0xFFFF, 0xFFFF, 0xFFFF, 0xFFFF, 0xFFFF, 0xFFFF, 0xFFFF,
  0xFDEC, 0xFC80, 0xFCC1, 0xFCC1, 0xFCC1, 0xFCC1, 0xFCC1, 0xF4A1, 0xFCC1, 0xE440, 0xBB80, 0xBB80, 0xBB80, 0xBB80,
  0xBB80, 0xBB80, 0xBB80, 0xE440, 0xFCC1, 0xF4A1, 0xFCC1, 0xFCC1, 0xFCC1, 0xFCC1, 0xFCC1, 0xFCC1, 0xFCC1, 0xFCA0,
  0xFCC2, 0xFFBC, 0xFFFF, 0xFFFF, 0xFFFF, 0xFFFF, 0xFFFF, 0xFFFF, 0xFFFF, 0xFFFF, 0xFFFF, 0xFFFF, 0xFFFF, 0xFFFF,
  0xFFFF, 0xFFFF, 0xFFFF, 0xFFFF, 0xFFFF, 0xFFFF, 0xFE50, 0xFC80, 0xFCC1, 0xFCC1, 0xFCC1, 0xFCC1, 0xFCC1, 0xFCC1,
  0xF4A1, 0xFCC1, 0xE440, 0xBB80, 0xBB80, 0xBB80, 0xBB80, 0xBB80, 0xE440, 0xFCC1, 0xF4A1, 0xFCC1, 0xFCC1, 0xFCC1,
  0xFCC1, 0xFCC1, 0xFCC1, 0xFCC1, 0xFCC1, 0xFCC1, 0xFC80, 0xFDCB, 0xFFFF, 0xFFFF, 0xFFFF, 0xFFFF, 0xFFFF, 0xFFFF,
  0xFFFF, 0xFFFE, 0xFFFF, 0xFFFF, 0xFF7B, 0xFD26, 0xFF38, 0xFFFF, 0xFFFF, 0xFFFF, 0xFFFF, 0xFE4F, 0xFCA0, 0xFCC1,
  0xFCC1, 0xFCC1, 0xFCC1, 0xFCC1, 0xFCC1, 0xFCC1, 0xFCC1, 0xF4A1, 0xFCC1, 0xE440, 0xBB80, 0xBB80, 0xBB80, 0xE440,
  0xFCC1, 0xF4A1, 0xFCC1, 0xFCC1, 0xFCC1, 0xFCC1, 0xFCA0, 0xFCA0, 0xFCC1, 0xFCC1, 0xFCC1, 0xFCC1, 0xFCC1, 0xFC80,
  0xFE0D, 0xFFDE, 0xFFFF, 0xFFFF, 0xFFFF, 0xFFFF, 0xFFFF, 0xFFFF, 0xFFFF, 0xFED4, 0xFCE3, 0xF480, 0xFD04, 0xFF9C,
  0xFFFF, 0xFFFF, 0xFDEC, 0xFC80, 0xFCA0, 0xF480, 0xF460, 0xF480, 0xFC80, 0xFCA0, 0xFCC1, 0xFCC1, 0xFCC1, 0xFCC1,
  0xF4A1, 0xFCC1, 0xE440, 0xBB80, 0xE460, 0xFCC1, 0xF4C1, 0xFCC1, 0xFCC1, 0xFCC1, 0xFCC1, 0xFCA0, 0xFD25, 0xFD03,
  0xF480, 0xFCC1, 0xFCC1, 0xFCC1, 0xFCC1, 0xFCC1, 0xFC80, 0xFD25, 0xFE70, 0xFF37, 0xFF7A, 0xFF7A, 0xFF37, 0xFE91,
  0xFD67, 0xFC80, 0xFCA0, 0xFCC1, 0xFC80, 0xFD25, 0xFED4, 0xFD89, 0xF480, 0xFCC1, 0xFD24, 0xFE0D, 0xFE92, 0xFE71,
  0xFE0D, 0xFD04, 0xFCA0, 0xFCC1, 0xFCC1, 0xFCC1, 0xFCC1, 0xF4C1, 0xFCC1, 0xE460, 0xFCC1, 0xF4C1, 0xFCC1, 0xFCC1,
  0xFCC1, 0xFCC1, 0xFCC1, 0xFCA0, 0xFD67, 0xFFBC, 0xFDEC, 0xFCA0, 0xFC80, 0xFCC1, 0xFCC1, 0xFCC1, 0xFCC1, 0xFCA0,
  0xFC80, 0xFCA0, 0xFCA0, 0xFCA0, 0xFCA0, 0xFC80, 0xFC80, 0xFCC1, 0xFCC1, 0xFCC1, 0xFCC1, 0xFCA0, 0xFC80, 0xFCA0,
  0xFCA0, 0xFD88, 0xFF37, 0xFF38, 0xFF17, 0xFF9C, 0xFFFF, 0xFE71, 0xF480, 0xFCC1, 0xFCC1, 0xFCC1, 0xFCC1, 0xFCC1,
  0xF4C1, 0xFCC1, 0xF4C1, 0xFCC1, 0xFCC1, 0xFCC1, 0xFCC1, 0xFCC1, 0xFCC1, 0xFCC1, 0xFC80, 0xFDAA, 0xFFFF, 0xFF38,
  0xFD67, 0xFC80, 0xFC80, 0xFCC1, 0xFCC1, 0xFCC1, 0xFCC1, 0xFCC1, 0xFCC1, 0xFCC1, 0xFCC1, 0xFCC1, 0xFCC1, 0xFCC1,
  0xFCC1, 0xFCC1, 0xFCC1, 0xFCC1, 0xFCC1, 0xFCC1, 0xFCC1, 0xFCC1, 0xF480, 0xFCA0, 0xFCA0, 0xFCC1, 0xFFFF, 0xFE2E,
  0xF480, 0xFCC1, 0xFCC1, 0xFCC1, 0xFCC1, 0xFCC1, 0xFCC1, 0xF4C1, 0xFCC1, 0xFCC1, 0xFCC1, 0xFCC1, 0xFCC1, 0xFCC1,
  0xFCC1, 0xFCC1, 0xFCC1, 0xFC80, 0xFD68, 0xFFDE, 0xFFFF, 0xFEF5, 0xFD68, 0xFCA0, 0xFC80, 0xFCA0, 0xFCC1, 0xFCC1,
  0xFCC1, 0xFCC1, 0xFCC1, 0xFCC1, 0xFCC1, 0xFCC1, 0xFCC1, 0xFCC1, 0xFCC1, 0xFCC1, 0xFCA0, 0xFC80, 0xFC80, 0xFCE3,
  0xFE0E, 0xFFBD, 0xFD89, 0xFD24, 0xFFFF, 0xFD46, 0xFCA0, 0xFCC1, 0xFCC1, 0xFCC1, 0xFCC1, 0xFCC1, 0xFCC1, 0xFCC1,
  0xFCC1, 0xFCC1, 0xFCC1, 0xFCC1, 0xFCC1, 0xFCC1, 0xFCC1, 0xFCC1, 0xFCC1, 0xFCC1, 0xFC80, 0xFD04, 0xFF38, 0xFFFF,
  0xFFFF, 0xFF38, 0xFE0D, 0xFD04, 0xFCA0, 0xFC80, 0xFC80, 0xFC80, 0xFCA0, 0xFCA0, 0xFCA0, 0xFCA0, 0xFC80, 0xFC80,
  0xFC80, 0xFCA0, 0xFD03, 0xFDCA, 0xFED4, 0xFFDE, 0xFFFF, 0xFE71, 0xF440, 0xFE71, 0xFF7A, 0xF480, 0xFCC1, 0xFCC1,
  0xFCC1, 0xFCC1, 0xFCC1, 0xFCC1, 0xFCC1, 0xFCC1, 0xFCC1, 0xFCC1, 0xFCC1, 0xFCC1, 0xFCC1, 0xFCC1, 0xFCC1, 0xFCC1,
  0xFCC1, 0xFCC1, 0xFCC1, 0xFCA0, 0xFCA0, 0xFE2F, 0xFFDE, 0xFFFF, 0xFFFF, 0xFFDE, 0xFF38, 0xFE71, 0xFDEC, 0xFD68,
  0xFD45, 0xFD24, 0xFD25, 0xFD46, 0xFD88, 0xFDEC, 0xFE71, 0xFF17, 0xFFBD, 0xFFFF, 0xFFFF, 0xFF9C, 0xFDA9, 0xFC80,
  0xFCC2, 0xFF59, 0xFD67, 0xFC80, 0xFCC1, 0xFCC1, 0xFCC1, 0xFCC1, 0xFCC1, 0xFCC1, 0xFCC1, 0xFCC1, 0xFCC1, 0xFCC1,
  0xFCC1, 0xFCC1, 0xFCC1, 0xFCC1, 0xFCC1, 0xFCC1, 0xFCC1, 0xFCC1, 0xFCC1, 0xFCC1, 0xFCC1, 0xFC80, 0xFD24, 0xFEB3,
  0xFFDE, 0xFFFF, 0xFFFF, 0xFFFF, 0xFFFF, 0xFFFF, 0xFFFF, 0xFFDE, 0xFFDE, 0xFFFF, 0xFFFF, 0xFFFF, 0xFFFF, 0xFFFF,
  0xFFFF, 0xFFBC, 0xFE50, 0xFCE2, 0xFC80, 0xFCC0, 0xFD03, 0xFD46, 0xFCA0, 0xFCC1, 0xFCC1, 0xFCC1, 0xFCC1, 0xFCC1,
  0xFCC1, 0xFCC1, 0xFCC1, 0xFCC1, 0xFCC1, 0xFCC1, 0xFCC1, 0xFCC1, 0xFCC1, 0xFCC1, 0xFCC1, 0xFCC1, 0xFCC1, 0xFCC1,
  0xFCC1, 0xFCC1, 0xFCC1, 0xFCC1, 0xFCA0, 0xFC80, 0xFD24, 0xFE4F, 0xFF59, 0xFFDE, 0xFFFF, 0xFFFF, 0xFFFF, 0xFFFF,
  0xFFFF, 0xFFFF, 0xFFFF, 0xFFFF, 0xFFDD, 0xFF17, 0xFE0D, 0xFCE3, 0xFC80, 0xFCA0, 0xFCC1, 0xFCC1, 0xFCA0, 0xFCA0,
  0xFCC1, 0xFCC1, 0xFCC1, 0xFCC1, 0xFCC1, 0xFCC1, 0xFCC1, 0xFCC1, 0xFCC1, 0xFCC1, 0xFCC1, 0xFCC1, 0xFCC1, 0xFCC1,
  0xFCC1, 0xFCC1, 0xFCC1, 0xFCC1, 0xFCC1, 0xFCC1, 0xFCC1, 0xFCC1, 0xFCC1, 0xFCC1, 0xFCC1, 0xFCC1, 0xFCA0, 0xF480,
  0xFCA0, 0xFD25, 0xFDCB, 0xFE50, 0xFEB3, 0xFED4, 0xFED4, 0xFE92, 0xFE2E, 0xFDA9, 0xFD04, 0xFCA0, 0xFC80, 0xFCA0,
  0xFCC1, 0xFCC1, 0xFCC1, 0xFCC1, 0xFCC1, 0xFCC1, 0xFCC1, 0xFCC1, 0xFCC1, 0xFCC1, 0xFCC1, 0xFCC1, 0xFCC1, 0xFCC1,
  0xFCC1, 0xFCC1, 0xFCC1, 0xFCC1, 0xFCC1, 0xFCC1, 0xFCC1, 0xFCC1, 0xFCC1, 0xFCC1, 0xFCC1, 0xFCC1, 0xFCC1, 0xFCC1,
  0xFCC1, 0xFCC1, 0xFCC1, 0xFCC1, 0xFCC1, 0xFCC1, 0xFCC1, 0xFCA0, 0xFC80, 0xF480, 0xFCA0, 0xE400, 0xE400, 0xFCA0,
  0xF480, 0xFC80, 0xFCA0, 0xFCC1, 0xFCC1, 0xFCC1, 0xFCC1, 0xFCC1, 0xFCC1, 0xFCC1, 0xFCC1, 0xFCC1, 0xFCC1, 0xFCC1,
  0xFCC1, 0xFCC1, 0xFCC1, 0xFCC1, 0xFCC1, 0xFCC1, 0xFCC1, 0xFCC1, 0xFCC1, 0xFCC1, 0xFCC1, 0xFCC1, 0xFCC1, 0xFCC1,
  0xFCC1, 0xFCC1, 0xFCC1, 0xFCC1, 0xFCC1, 0xFCC1, 0xFCC1, 0xFCC1, 0xFCC1, 0xFCC1, 0xFCC1, 0xFCC1, 0xFCC1, 0xFCC1,
  0xF4C1, 0xFCE1, 0xE461, 0xBB81, 0xBB81, 0xE461, 0xFCE1, 0xF4C1, 0xFCC1, 0xFCC1, 0xFCC1, 0xFCC1, 0xFCC1, 0xFCC1,
  0xFCC1, 0xFCC1, 0xFCC1, 0xFCC1, 0xFCC1, 0xFCC1, 0xFCC1, 0xFCC1, 0xFCC1, 0xFCC1, 0xFCC1, 0xFCC1, 0xFCC1, 0xFCC1,
  0xFCC1, 0xFCC1, 0xFCC1, 0xFCC1, 0xFCC1, 0xFCC1, 0xFCC1, 0xFCC1, 0xFCC1, 0xFCC1, 0xFCC1, 0xFCC1, 0xFCC1, 0xFCC1,
  0xFCC1, 0xFCC1, 0xFCC1, 0xFCC1, 0xFCC1, 0xF4A1, 0xFCC1, 0xE440, 0xBB80, 0xBB80, 0xBB80, 0xBB80, 0xE440, 0xFCC1,
  0xF4A1, 0xFCC1, 0xFCC1, 0xFCC1, 0xFCC1, 0xFCC1, 0xFCC1, 0xFCC1, 0xFCC1, 0xFCC1, 0xFCC1, 0xFCC1, 0xFCC1, 0xFCC1,
  0xFCC1, 0xFCC1, 0xFCC1, 0xFCC1, 0xFCC1, 0xFCC1, 0xFCC1, 0xFCC1, 0xFCC1, 0xFCC1, 0xFCC1, 0xFCC1, 0xFCC1, 0xFCC1,
  0xFCC1, 0xFCC1, 0xFCC1, 0xFCC1, 0xFCC1, 0xFCC1, 0xFCC1, 0xFCC1, 0xFCC1, 0xFCC1, 0xF4A1, 0xFCC1, 0xE440, 0xBB80,
  0xBB80, 0xBB80, 0xBB80, 0xBB80, 0xBB80, 0xE440, 0xFCC1, 0xF4A1, 0xFCC1, 0xFCC1, 0xFCC1, 0xFCC1, 0xFCC1, 0xFCC1,
  0xFCC1, 0xFCC1, 0xFCC1, 0xFCC1, 0xFCC1, 0xFCC1, 0xFCC1, 0xFCC1, 0xFCC1, 0xFCC1, 0xFCC1, 0xFCC1, 0xFCC1, 0xFCC1,
  0xFCC1, 0xFCC1, 0xFCC1, 0xFCC1, 0xFCC1, 0xFCC1, 0xFCC1, 0xFCC1, 0xFCC1, 0xFCC1, 0xFCC1, 0xFCC1, 0xFCC1, 0xFCC1,
  0xFCC1, 0xF4A1, 0xFCC1, 0xE440, 0xBB80, 0xBB80, 0xBB80, 0xBB80, 0xBB80, 0xBB80, 0xBB80, 0xBB80, 0xE440, 0xFCC1,
  0xF4A1, 0xFCC1, 0xFCC1, 0xFCC1, 0xFCC1, 0xFCC1, 0xFCC1, 0xFCC1, 0xFCC1, 0xFCC1, 0xFCC1, 0xFCC1, 0xFCC1, 0xFCC1,
  0xFCC1, 0xFCC1, 0xFCC1, 0xFCC1, 0xFCC1, 0xFCC1, 0xFCC1, 0xFCC1, 0xFCC1, 0xFCC1, 0xFCC1, 0xFCC1, 0xFCC1, 0xFCC1,
  0xFCC1, 0xFCC1, 0xFCC1, 0xFCC1, 0xFCC1, 0xFCC1, 0xF4A1, 0xFCC1, 0xE440, 0xBB80, 0xBB80, 0xBB80, 0xBB80, 0xBB80,
  0xBB80, 0xBB80, 0xBB80, 0xBB80, 0xBB80, 0xE440, 0xFCC1, 0xF4A1, 0xFCC1, 0xFCC1, 0xFCC1, 0xFCC1, 0xFCC1, 0xFCC1,
  0xFCC1, 0xFCC1, 0xFCC1, 0xFCC1, 0xFCC1, 0xFCC1, 0xFCC1, 0xFCC1, 0xFCC1, 0xFCC1, 0xFCC1, 0xFCC1, 0xFCC1, 0xFCC1,
  0xFCC1, 0xFCC1, 0xFCC1, 0xFCC1, 0xFCC1, 0xFCC1, 0xFCC1, 0xFCC1, 0xFCC1, 0xFCC1, 0xFCC1, 0xF4C1, 0xFCC1, 0xE440,
  0xBB80, 0xBB80, 0xBB80, 0xBB80, 0xBB80, 0xBB80, 0xBB80, 0xBB80, 0xBB80, 0xBB80, 0xBB80, 0xBB80, 0xE440, 0xFCC1,
  0xF4C1, 0xFCC1, 0xFCC1, 0xFCC1, 0xFCC1, 0xFCC1, 0xFCC1, 0xFCC1, 0xFCC1, 0xFCC1, 0xFCC1, 0xFCC1, 0xFCC1, 0xFCC1,
  0xFCC1, 0xFCC1, 0xFCC1, 0xFCC1, 0xFCC1, 0xFCC1, 0xFCC1, 0xFCC1, 0xFCC1, 0xFCC1, 0xFCC1, 0xFCC1, 0xFCC1, 0xFCC1,
  0xFCC1, 0xFCC1, 0xF4C1, 0xFCC1, 0xE460, 0xBB80, 0xBB80, 0xBB80, 0xBB80, 0xBB80, 0xBB80, 0xBB80, 0xBB80, 0xBB80,
  0xBB80, 0xBB80, 0xBB80, 0xBB80, 0xBB80, 0xE460, 0xFCC1, 0xF4C1, 0xFCC1, 0xFCC1, 0xFCC1, 0xFCC1, 0xFCC1, 0xFCC1,
  0xFCC1, 0xFCC1, 0xFCC1, 0xFCC1, 0xFCC1, 0xFCC1, 0xFCC1, 0xFCC1,
};

const uint16_t logo_coinx[2304] PROGMEM = {
  0x029F, 0x029F, 0x029F, 0x029F, 0x029F, 0x029F, 0x029F, 0x029F, 0x029F, 0x029F, 0x029F, 0x029F, 0x029F, 0x029F,
  0x029F, 0x02BF, 0x023A, 0x012F, 0x014F, 0x0150, 0x014F, 0x014F, 0x014F, 0x014F, 0x014F, 0x014F, 0x014F, 0x014F,
  0x0150, 0x014F, 0x012F, 0x023A, 0x02BF, 0x029F, 0x029F, 0x029F, 0x029F, 0x029F, 0x029F, 0x029F, 0x029F, 0x029F,
  0x029F, 0x029F, 0x029F, 0x029F, 0x029F, 0x029F, 0x029F, 0x029F, 0x029F, 0x029F, 0x029F, 0x029F, 0x029F, 0x029F,
  0x029F, 0x029F, 0x029F, 0x029F, 0x029F, 0x029F, 0x029F, 0x029F, 0x02BF, 0x0219, 0x014F, 0x014F, 0x0150, 0x014F,
  0x014F, 0x014F, 0x014F, 0x014F, 0x014F, 0x0150, 0x014F, 0x014F, 0x0219, 0x02BF, 0x029F, 0x029F, 0x029F, 0x029F,
  0x029F, 0x029F, 0x029F, 0x029F, 0x029F, 0x029F, 0x029F, 0x029F, 0x029F, 0x029F, 0x029F, 0x029F, 0x029F, 0x029F,
  0x029F, 0x029F, 0x029F, 0x029F, 0x029F, 0x029F, 0x029F, 0x029F, 0x029F, 0x029F, 0x029F, 0x029F, 0x029F, 0x029F,
  0x029F, 0x02BF, 0x023A, 0x012F, 0x014F, 0x0150, 0x014F, 0x014F, 0x014F, 0x014F, 0x0150, 0x014F, 0x012F, 0x023A,
  0x02BF, 0x029F, 0x029F, 0x029F, 0x029F, 0x029F, 0x029F, 0x029F, 0x029F, 0x029F, 0x029F, 0x029F, 0x029F, 0x029F,
  0x029F, 0x029F, 0x029F, 0x029F, 0x029F, 0x029F, 0x029F, 0x029F, 0x029F, 0x029F, 0x029F, 0x029F, 0x029F, 0x029F,
  0x029F, 0x029F, 0x029F, 0x029F, 0x029F, 0x029F, 0x029F, 0x029F, 0x02BF, 0x023A, 0x012F, 0x014F, 0x0150, 0x014F,
  0x014F, 0x0150, 0x014F, 0x012F, 0x023A, 0x02BF, 0x029F, 0x029F, 0x029F, 0x029F, 0x029F, 0x029F, 0x029F, 0x029F,
  0x029F, 0x029F, 0x029F, 0x029F, 0x029F, 0x029F, 0x029F, 0x029F, 0x029F, 0x029F, 0x029F, 0x029F, 0x029F, 0x029F,
  0x029F, 0x029F, 0x029F, 0x029F, 0x029F, 0x029F, 0x029F, 0x029F, 0x029F, 0x029F, 0x029F, 0x029F, 0x029F, 0x029F,
  0x029F, 0x02BF, 0x023A, 0x014F, 0x014F, 0x0150, 0x0150, 0x014F, 0x014F, 0x023A, 0x02BF, 0x029F, 0x029F, 0x029F,
  0x029F, 0x029F, 0x029F, 0x029F, 0x029F, 0x029F, 0x029F, 0x029F, 0x029F, 0x029F, 0x029F, 0x029F, 0x029F, 0x029F,
  0x029F, 0x029F, 0x029F, 0x029F, 0x029F, 0x029F, 0x029F, 0x029F, 0x029F, 0x029F, 0x029F, 0x029F, 0x029F, 0x029F,
  0x029F, 0x029F, 0x029F, 0x029F, 0x029F, 0x029F, 0x029F, 0x029F, 0x02BF, 0x023A, 0x012F, 0x0150, 0x0150, 0x012F,
  0x023A, 0x02BF, 0x029F, 0x029F, 0x029F, 0x029F, 0x029F, 0x029F, 0x029F, 0x029F, 0x029F, 0x029F, 0x029F, 0x029F,
  0x029F, 0x029F, 0x029F, 0x029F, 0x029F, 0x029F, 0x029F, 0x029F, 0x029F, 0x029F, 0x029F, 0x029F, 0x029F, 0x029F,
  0x029F, 0x029F, 0x029F, 0x029F, 0x029F, 0x029F, 0x029F, 0x029F, 0x029F, 0x029F, 0x029F, 0x029F, 0x029F, 0x029F,
  0x029F, 0x02BF, 0x023A, 0x012F, 0x012F, 0x023A, 0x02BF, 0x029F, 0x029F, 0x029F, 0x029F, 0x029F, 0x029F, 0x029F,
  0x029F, 0x029F, 0x029F, 0x029F, 0x029F, 0x029F, 0x029F, 0x029F, 0x029F, 0x029F, 0x029F, 0x029F, 0x029F, 0x029F,
  0x029F, 0x029F, 0x029F, 0x029F, 0x029F, 0x029F, 0x029F, 0x029F, 0x029F, 0x029F, 0x029F, 0x029F, 0x029F, 0x029F,
  0x029F, 0x029F, 0x029F, 0x029F, 0x029F, 0x029F, 0x029F, 0x029F, 0x02BF, 0x0219, 0x0219, 0x02BF, 0x029F, 0x029F,
  0x029F, 0x029F, 0x029F, 0x029F, 0x029F, 0x029F, 0x029F, 0x029F, 0x029F, 0x029F, 0x029F, 0x029F, 0x029F, 0x029F,
  0x029F, 0x029F, 0x029F, 0x029F, 0x029F, 0x029F, 0x029F, 0x029F, 0x029F, 0x029F, 0x029F, 0x029F, 0x029F, 0x029F,
  0x029F, 0x029F, 0x029F, 0x029F, 0x029F, 0x029F, 0x029F, 0x029F, 0x029F, 0x029F, 0x029F, 0x029F, 0x02BF, 0x02BF,
  0x02BF, 0x02BF, 0x02BF, 0x02BF, 0x02BF, 0x02BF, 0x029F, 0x029F, 0x029F, 0x029F, 0x029F, 0x029F, 0x029F, 0x029F,
  0x029F, 0x029F, 0x029F, 0x029F, 0x029F, 0x029F, 0x029F, 0x029F, 0x029F, 0x029F, 0x029F, 0x029F, 0x029F, 0x029F,
  0x029F, 0x029F, 0x029F, 0x029F, 0x029F, 0x029F, 0x029F, 0x029F, 0x029F, 0x029F, 0x029F, 0x029F, 0x029F, 0x029F,
  0x029F, 0x029F, 0x02BF, 0x027F, 0x025F, 0x023F, 0x025F, 0x025F, 0x025F, 0x025F, 0x023F, 0x025F, 0x027F, 0x02BF,
  0x029F, 0x029F, 0x029F, 0x029F, 0x029F, 0x029F, 0x029F, 0x029F, 0x029F, 0x029F, 0x029F, 0x029F, 0x029F, 0x029F,
  0x029F, 0x029F, 0x029F, 0x029F, 0x029F, 0x029F, 0x029F, 0x029F, 0x029F, 0x029F, 0x029F, 0x029F, 0x029F, 0x029F,
  0x029F, 0x029F, 0x029F, 0x029F, 0x029F, 0x029F, 0x02BF, 0x027F, 0x023F, 0x12FF, 0x4C1F, 0x855F, 0xA61F, 0xBE7F,
  0xBE7F, 0xA61F, 0x855F, 0x4C3F, 0x12FF, 0x023F, 0x027F, 0x02BF, 0x029F, 0x029F, 0x029F, 0x029F, 0x029F, 0x029F,
  0x029F, 0x029F, 0x029F, 0x029F, 0x029F, 0x029F, 0x029F, 0x029F, 0x029F, 0x029F, 0x029F, 0x029F, 0x029F, 0x029F,
  0x029F, 0x029F, 0x029F, 0x029F, 0x029F, 0x029F, 0x029F, 0x029F, 0x029F, 0x029F, 0x029F, 0x029F, 0x023F, 0x2B5F,
  0x95BF, 0xEF7F, 0xFFFF, 0xFFFF, 0xFFFF, 0xFFFF, 0xFFFF, 0xFFFF, 0xFFFF, 0xFFFF, 0xEF7F, 0x95BF, 0x2B5F, 0x023F,
  0x029F, 0x02BF, 0x029F, 0x029F, 0x029F, 0x029F, 0x029F, 0x029F, 0x029F, 0x029F, 0x029F, 0x029F, 0x029F, 0x029F,
  0x029F, 0x029F, 0x029F, 0x029F, 0x029F, 0x029F, 0x029F, 0x029F, 0x029F, 0x029F, 0x029F, 0x029F, 0x029F, 0x029F,
  0x029F, 0x02BF, 0x027F, 0x029F, 0x855F, 0xF7DF, 0xFFFF, 0xFFFF, 0xFFFF, 0xFFFF, 0xFFFF, 0xFFFF, 0xFFFF, 0xFFFF,
  0xFFFF, 0xFFFF, 0xFFFF, 0xFFFF, 0xF7DF, 0x855F, 0x027F, 0x027F, 0x02BF, 0x029F, 0x029F, 0x029F, 0x029F, 0x029F,
  0x029F, 0x029F, 0x029F, 0x029F, 0x029F, 0x029F, 0x029F, 0x029F, 0x029F, 0x029F, 0x029F, 0x029F, 0x029F, 0x029F,
  0x029F, 0x029F, 0x029F, 0x029F, 0x029F, 0x029F, 0x02BF, 0x027F, 0x12FF, 0xBE9F, 0xFFFF, 0xFFFF, 0xFFFF, 0xFFFF,
  0xFFFF, 0xFFFF, 0xFFFF, 0xFFFF, 0xFFFF, 0xFFFF, 0xFFFF, 0xFFFF, 0xFFFF, 0xFFFF, 0xFFFF, 0xFFFF, 0xBE9F, 0x12DF,
  0x027F, 0x02BF, 0x029F, 0x029F, 0x029F, 0x029F, 0x029F, 0x029F, 0x029F, 0x029F, 0x029F, 0x029F, 0x029F, 0x029F,
  0x029F, 0x029F, 0x029F, 0x029F, 0x029F, 0x029F, 0x029F, 0x029F, 0x029F, 0x029F, 0x029F, 0x029F, 0x027F, 0x12DF,
  0xD71F, 0xFFFF, 0xFFFF, 0xFFFF, 0xFFFF, 0xFFFF, 0xFFFF, 0xFFFF, 0xFFFF, 0xFFFF, 0xFFFF, 0xFFFF, 0xFFFF, 0xFFFF,
  0xFFFF, 0xFFFF, 0xFFFF, 0xFFFF, 0xFFFF, 0xD71F, 0x12DF, 0x027F, 0x029F, 0x029F, 0x029F, 0x029F, 0x029F, 0x029F,
  0x029F, 0x029F, 0x029F, 0x029F, 0x029F, 0x029F, 0x02BF, 0x029F, 0x029F, 0x029F, 0x029F, 0x029F, 0x029F, 0x029F,
  0x029F, 0x029F, 0x029F, 0x029F, 0x027F, 0xC6BF, 0xFFFF, 0xFFFF, 0xFFFF, 0xFFFF, 0xFFFF, 0xFFFF, 0xFFFF, 0xFFFF,
  0xFFFF, 0xFFFF, 0xFFFF, 0xFFFF, 0xFFFF, 0xFFFF, 0xFFFF, 0xFFFF, 0xFFFF, 0xFFFF, 0xFFFF, 0xFFFF, 0xC6BF, 0x027F,
  0x029F, 0x029F, 0x029F, 0x029F, 0x029F, 0x029F, 0x029F, 0x029F, 0x029F, 0x029F, 0x029F, 0x02BF, 0x023A, 0x02BF,
  0x029F, 0x029F, 0x029F, 0x029F, 0x029F, 0x029F, 0x029F, 0x029F, 0x02BF, 0x023F, 0x855F, 0xFFFF, 0xFFFF, 0xFFFF,
  0xFFFF, 0xFFFF, 0xFFFF, 0xFFFF, 0xFFFF, 0xFFFF, 0xFFFF, 0xFFFF, 0xFFFF, 0xFFFF, 0xFFFF, 0xFFFF, 0xFFFF, 0xFFFF,
  0xFFFF, 0xFFFF, 0xFFFF, 0xFFFF, 0xFFFF, 0x855F, 0x023F, 0x02BF, 0x029F, 0x029F, 0x029F, 0x029F, 0x029F, 0x029F,
  0x029F, 0x029F, 0x02BF, 0x023A, 0x012F, 0x0219, 0x02BF, 0x029F, 0x029F, 0x029F, 0x029F, 0x029F, 0x029F, 0x029F,
  0x027F, 0x235F, 0xFFDF, 0xFFFF, 0xFFFF, 0xFFFF, 0xFFFF, 0xFFFF, 0xFFFF, 0xFFFF, 0xF7DF, 0x9DDF, 0x543F, 0x2B9F,
  0x2B9F, 0x543F, 0x9DDF, 0xF7DF, 0xFFFF, 0xFFFF, 0xFFFF, 0xFFFF, 0xFFFF, 0xFFFF, 0xFFFF, 0xFFDF, 0x235F, 0x027F,
  0x029F, 0x029F, 0x029F, 0x029F, 0x029F, 0x029F, 0x029F, 0x02BF, 0x0219, 0x012F, 0x014F, 0x012F, 0x023A, 0x02BF,
  0x029F, 0x029F, 0x029F, 0x029F, 0x029F, 0x02BF, 0x023F, 0x9DDF, 0xFFFF, 0xFFFF, 0xFFFF, 0xFFFF, 0xFFFF, 0xFFFF,
  0xFFFF, 0xC6DF, 0x2B5F, 0x023F, 0x025F, 0x025F, 0x027F, 0x025F, 0x023F, 0x2B5F, 0xC6BF, 0xFFFF, 0xFFFF, 0xFFFF,
  0xFFFF, 0xFFFF, 0xFFFF, 0xFFFF, 0x95DF, 0x023F, 0x02BF, 0x029F, 0x029F, 0x029F, 0x029F, 0x029F, 0x02BF, 0x023A,
  0x012F, 0x014F, 0x0150, 0x014F, 0x012F, 0x023A, 0x02BF, 0x029F, 0x029F, 0x029F, 0x029F, 0x027F, 0x12FF, 0xEF9F,
  0xFFFF, 0xFFFF, 0xFFFF, 0xFFFF, 0xFFFF, 0xFFFF, 0xCEDF, 0x0A9F, 0x025F, 0x02BF, 0x02BF, 0x029F, 0x029F, 0x02BF,
  0x02BF, 0x025F, 0x0A9F, 0xC6DF, 0xFFFF, 0xFFFF, 0xFFFF, 0xFFFF, 0xFFFF, 0xFFFF, 0xEF9F, 0x12FF, 0x027F, 0x029F,
  0x029F, 0x029F, 0x029F, 0x02BF, 0x023A, 0x012F, 0x014F, 0x0150, 0x014F, 0x0150, 0x014F, 0x012F, 0x023A, 0x02BF,
  0x029F, 0x029F, 0x02BF, 0x025F, 0x4C3F, 0xFFFF, 0xFFFF, 0xFFFF, 0xFFFF, 0xFFFF, 0xFFFF, 0xF7DF, 0x235F, 0x025F,
  0x02BF, 0x029F, 0x029F, 0x029F, 0x029F, 0x029F, 0x029F, 0x02BF, 0x025F, 0x235F, 0xF7BF, 0xFFFF, 0xFFFF, 0xFFFF,
  0xFFFF, 0xFFFF, 0xFFFF, 0x4C1F, 0x025F, 0x02BF, 0x029F, 0x029F, 0x02BF, 0x023A, 0x012F, 0x014F, 0x0150, 0x014F,
  0x014F, 0x014F, 0x0150, 0x014F, 0x012F, 0x023A, 0x02BF, 0x029F, 0x02BF, 0x023F, 0x855F, 0xFFFF, 0xFFFF, 0xFFFF,
  0xFFFF, 0xFFFF, 0xFFFF, 0x9DFF, 0x023F, 0x02BF, 0x029F, 0x029F, 0x029F, 0x029F, 0x029F, 0x029F, 0x029F, 0x029F,
  0x02BF, 0x023F, 0x9DFF, 0xFFFF, 0xFFFF, 0xFFFF, 0xFFFF, 0xFFFF, 0xFFFF, 0x8D7F, 0x023F, 0x02BF, 0x029F, 0x02BF,
  0x023A, 0x012F, 0x014F, 0x0150, 0x014F, 0x014F, 0x014F, 0x014F, 0x014F, 0x0150, 0x014F, 0x012F, 0x023A, 0x02BF,
  0x02BF, 0x025F, 0xAE3F, 0xFFFF, 0xFFFF, 0xFFFF, 0xFFFF, 0xFFFF, 0xFFFF, 0x4C3F, 0x025F, 0x02BF, 0x029F, 0x029F,
  0x029F, 0x029F, 0x029F, 0x029F, 0x029F, 0x029F, 0x02BF, 0x025F, 0x43FF, 0xD71F, 0xD6FF, 0xD71F, 0xD71F, 0xD6FF,
  0xD71F, 0x8D7F, 0x025F, 0x02BF, 0x02BF, 0x023A, 0x012F, 0x014F, 0x0150, 0x014F, 0x014F, 0x014F, 0x014F, 0x014F,
  0x014F, 0x014F, 0x0150, 0x0150, 0x012F, 0x0219, 0x02BF, 0x025F, 0xBE7F, 0xFFFF, 0xFFFF, 0xFFFF, 0xFFFF, 0xFFFF,
  0xFFFF, 0x2B9F, 0x025F, 0x029F, 0x029F, 0x029F, 0x029F, 0x029F, 0x029F, 0x029F, 0x029F, 0x029F, 0x029F, 0x029F,
  0x029F, 0x029F, 0x029F, 0x029F, 0x029F, 0x029F, 0x029F, 0x029F, 0x029F, 0x02BF, 0x0219, 0x012F, 0x0150, 0x0150,
  0x014F, 0x014F, 0x014F, 0x014F, 0x014F, 0x014F, 0x014F, 0x014F, 0x0150, 0x0150, 0x012F, 0x0219, 0x02BF, 0x025F,
  0xBE7F, 0xFFFF, 0xFFFF, 0xFFFF, 0xFFFF, 0xFFFF, 0xFFFF, 0x2B9F, 0x025F, 0x029F, 0x029F, 0x029F, 0x029F, 0x029F,
  0x029F, 0x029F, 0x029F, 0x029F, 0x029F, 0x029F, 0x029F, 0x029F, 0x029F, 0x029F, 0x029F, 0x029F, 0x029F, 0x029F,
  0x029F, 0x02BF, 0x0219, 0x012F, 0x0150, 0x0150, 0x014F, 0x014F, 0x014F, 0x014F, 0x014F, 0x014F, 0x014F, 0x0150,
  0x014F, 0x012F, 0x023A, 0x02BF, 0x02BF, 0x023F, 0xAE3F, 0xFFFF, 0xFFFF, 0xFFFF, 0xFFFF, 0xFFFF, 0xFFFF, 0x4C3F,
  0x025F, 0x02BF, 0x029F, 0x029F, 0x029F, 0x029F, 0x029F, 0x029F, 0x029F, 0x029F, 0x02BF, 0x025F, 0x43FF, 0xD71F,
  0xD6FF, 0xD71F, 0xD71F, 0xD6FF, 0xD71F, 0x8D7F, 0x025F, 0x02BF, 0x02BF, 0x023A, 0x012F, 0x014F, 0x0150, 0x014F,
  0x014F, 0x014F, 0x014F, 0x014F, 0x0150, 0x014F, 0x012F, 0x023A, 0x02BF, 0x029F, 0x02BF, 0x023F, 0x855F, 0xFFFF,
  0xFFFF, 0xFFFF, 0xFFFF, 0xFFFF, 0xFFFF, 0x9DFF, 0x023F, 0x02BF, 0x029F, 0x029F, 0x029F, 0x029F, 0x029F, 0x029F,
  0x029F, 0x029F, 0x02BF, 0x023F, 0x9DFF, 0xFFFF, 0xFFFF, 0xFFFF, 0xFFFF, 0xFFFF, 0xFFFF, 0x8D7F, 0x023F, 0x02BF,
  0x029F, 0x02BF, 0x023A, 0x012F, 0x014F, 0x0150, 0x014F, 0x014F, 0x014F, 0x0150, 0x014F, 0x012F, 0x023A, 0x02BF,
  0x029F, 0x029F, 0x02BF, 0x025F, 0x4C3F, 0xFFFF, 0xFFFF, 0xFFFF, 0xFFFF, 0xFFFF, 0xFFFF, 0xF7DF, 0x235F, 0x025F,
  0x02BF, 0x029F, 0x029F, 0x029F, 0x029F, 0x029F, 0x029F, 0x02BF, 0x025F, 0x235F, 0xF7BF, 0xFFFF, 0xFFFF, 0xFFFF,
  0xFFFF, 0xFFFF, 0xFFFF, 0x4C1F, 0x025F, 0x02BF, 0x029F, 0x029F, 0x02BF, 0x023A, 0x012F, 0x014F, 0x0150, 0x014F,
  0x0150, 0x014F, 0x012F, 0x023A, 0x02BF, 0x029F, 0x029F, 0x029F, 0x029F, 0x027F, 0x12FF, 0xEF9F, 0xFFFF, 0xFFFF,
  0xFFFF, 0xFFFF, 0xFFFF, 0xFFFF, 0xCEDF, 0x0A9F, 0x025F, 0x02BF, 0x02BF, 0x029F, 0x029F, 0x02BF, 0x02BF, 0x025F,
  0x0A9F, 0xC6DF, 0xFFFF, 0xFFFF, 0xFFFF, 0xFFFF, 0xFFFF, 0xFFFF, 0xEF9F, 0x12FF, 0x027F, 0x029F, 0x029F, 0x029F,
  0x029F, 0x02BF, 0x023A, 0x012F, 0x014F, 0x0150, 0x014F, 0x012F, 0x023A, 0x02BF, 0x029F, 0x029F, 0x029F, 0x029F,
  0x029F, 0x02BF, 0x023F, 0x9DDF, 0xFFFF, 0xFFFF, 0xFFFF, 0xFFFF, 0xFFFF, 0xFFFF, 0xFFFF, 0xC6DF, 0x2B5F, 0x023F,
  0x025F, 0x025F, 0x025F, 0x025F, 0x023F, 0x2B5F, 0xC6BF, 0xFFFF, 0xFFFF, 0xFFFF, 0xFFFF, 0xFFFF, 0xFFFF, 0xFFFF,
  0x95BF, 0x023F, 0x02BF, 0x029F, 0x029F, 0x029F, 0x029F, 0x029F, 0x02BF, 0x023A, 0x012F, 0x014F, 0x012F, 0x0219,
  0x02BF, 0x029F, 0x029F, 0x029F, 0x029F, 0x029F, 0x029F, 0x029F, 0x027F, 0x235F, 0xFFDF, 0xFFFF, 0xFFFF, 0xFFFF,
  0xFFFF, 0xFFFF, 0xFFFF, 0xFFFF, 0xF7DF, 0x9DDF, 0x543F, 0x2B9F, 0x2B9F, 0x543F, 0x9DDF, 0xF7DF, 0xFFFF, 0xFFFF,
  0xFFFF, 0xFFFF, 0xFFFF, 0xFFFF, 0xFFFF, 0xFFDF, 0x235F, 0x027F, 0x029F, 0x029F, 0x029F, 0x029F, 0x029F, 0x029F,
  0x029F, 0x02BF, 0x0219, 0x012F, 0x023A, 0x02BF, 0x029F, 0x029F, 0x029F, 0x029F, 0x029F, 0x029F, 0x029F, 0x029F,
  0x02BF, 0x023F, 0x855F, 0xFFFF, 0xFFFF, 0xFFFF, 0xFFFF, 0xFFFF, 0xFFFF, 0xFFFF, 0xFFFF, 0xFFFF, 0xFFFF, 0xFFFF,
  0xFFFF, 0xFFFF, 0xFFFF, 0xFFFF, 0xFFFF, 0xFFFF, 0xFFFF, 0xFFFF, 0xFFFF, 0xFFFF, 0xFFFF, 0x855F, 0x023F, 0x02BF,
  0x029F, 0x029F, 0x029F, 0x029F, 0x029F, 0x029F, 0x029F, 0x029F, 0x02BF, 0x023A, 0x02BF, 0x029F, 0x029F, 0x029F,
  0x029F, 0x029F, 0x029F, 0x029F, 0x029F, 0x029F, 0x029F, 0x029F, 0x027F, 0xC6BF, 0xFFFF, 0xFFFF, 0xFFFF, 0xFFFF,
  0xFFFF, 0xFFFF, 0xFFFF, 0xFFFF, 0xFFFF, 0xFFFF, 0xFFFF, 0xFFFF, 0xFFFF, 0xFFFF, 0xFFFF, 0xFFFF, 0xFFFF, 0xFFFF,
  0xFFFF, 0xFFFF, 0xC6BF, 0x027F, 0x029F, 0x029F, 0x029F, 0x029F, 0x029F, 0x029F, 0x029F, 0x029F, 0x029F, 0x029F,
  0x029F, 0x02BF, 0x029F, 0x029F, 0x029F, 0x029F, 0x029F, 0x029F, 0x029F, 0x029F, 0x029F, 0x029F, 0x029F, 0x029F,
  0x027F, 0x12DF, 0xD71F, 0xFFFF, 0xFFFF, 0xFFFF, 0xFFFF, 0xFFFF, 0xFFFF, 0xFFFF, 0xFFFF, 0xFFFF, 0xFFFF, 0xFFFF,
  0xFFFF, 0xFFFF, 0xFFFF, 0xFFFF, 0xFFFF, 0xFFFF, 0xFFFF, 0xD71F, 0x12DF, 0x027F, 0x029F, 0x029F, 0x029F, 0x029F,
  0x029F, 0x029F, 0x029F, 0x029F, 0x029F, 0x029F, 0x029F, 0x029F, 0x029F, 0x029F, 0x029F, 0x029F, 0x029F, 0x029F,
  0x029F, 0x029F, 0x029F, 0x029F, 0x029F, 0x029F, 0x02BF, 0x027F, 0x12FF, 0xBE9F, 0xFFFF, 0xFFFF, 0xFFFF, 0xFFFF,
  0xFFFF, 0xFFFF, 0xFFFF, 0xFFFF, 0xFFFF, 0xFFFF, 0xFFFF, 0xFFFF, 0xFFFF, 0xFFFF, 0xFFFF, 0xFFFF, 0xBE9F, 0x12DF,
  0x027F, 0x02BF, 0x029F, 0x029F, 0x029F, 0x029F, 0x029F, 0x029F, 0x029F, 0x029F, 0x029F, 0x029F, 0x029F, 0x029F,
  0x029F, 0x029F, 0x029F, 0x029F, 0x029F, 0x029F, 0x029F, 0x029F, 0x029F, 0x029F, 0x029F, 0x029F, 0x029F, 0x02BF,
  0x027F, 0x027F, 0x855F, 0xF7DF, 0xFFFF, 0xFFFF, 0xFFFF, 0xFFFF, 0xFFFF, 0xFFFF, 0xFFFF, 0xFFFF, 0xFFFF, 0xFFFF,
  0xFFFF, 0xFFFF, 0xF7DF, 0x853F, 0x027F, 0x027F, 0x02BF, 0x029F, 0x029F, 0x029F, 0x029F, 0x029F, 0x029F, 0x029F,
  0x029F, 0x029F, 0x029F, 0x029F, 0x029F, 0x029F, 0x029F, 0x029F, 0x029F, 0x029F, 0x029F, 0x029F, 0x029F, 0x029F,
  0x029F, 0x029F, 0x029F, 0x029F, 0x029F, 0x029F, 0x029F, 0x029F, 0x023F, 0x2B5F, 0x95BF, 0xEF7F, 0xFFFF, 0xFFFF,
  0xFFFF, 0xFFFF, 0xFFFF, 0xFFFF, 0xFFFF, 0xFFFF, 0xEF7F, 0x95BF, 0x2B5F, 0x023F, 0x029F, 0x029F, 0x029F, 0x029F,
  0x029F, 0x029F, 0x029F, 0x029F, 0x029F, 0x029F, 0x029F, 0x029F, 0x029F, 0x029F, 0x029F, 0x029F, 0x029F, 0x029F,
  0x029F, 0x029F, 0x029F, 0x029F, 0x029F, 0x029F, 0x029F, 0x029F, 0x029F, 0x029F, 0x029F, 0x029F, 0x029F, 0x029F,
  0x02BF, 0x027F, 0x023F, 0x12FF, 0x4C1F, 0x855F, 0xA61F, 0xBE7F, 0xBE7F, 0xA61F, 0x855F, 0x4C1F, 0x12FF, 0x023F,
  0x027F, 0x02BF, 0x029F, 0x029F, 0x029F, 0x029F, 0x029F, 0x029F, 0x029F, 0x029F, 0x029F, 0x029F, 0x029F, 0x029F,
  0x029F, 0x029F, 0x029F, 0x029F, 0x029F, 0x029F, 0x029F, 0x029F, 0x029F, 0x029F, 0x029F, 0x029F, 0x029F, 0x029F,
  0x029F, 0x029F, 0x029F, 0x029F, 0x029F, 0x029F, 0x029F, 0x029F, 0x02BF, 0x027F, 0x025F, 0x023F, 0x023F, 0x025F,
  0x025F, 0x023F, 0x023F, 0x025F, 0x027F, 0x02BF, 0x029F, 0x029F, 0x029F, 0x029F, 0x029F, 0x029F, 0x029F, 0x029F,
  0x029F, 0x029F, 0x029F, 0x029F, 0x029F, 0x029F, 0x029F, 0x029F, 0x029F, 0x029F, 0x029F, 0x029F, 0x029F, 0x029F,
  0x029F, 0x029F, 0x029F, 0x029F, 0x029F, 0x029F, 0x029F, 0x029F, 0x029F, 0x029F, 0x029F, 0x029F, 0x029F, 0x029F,
  0x029F, 0x029F, 0x02BF, 0x02BF, 0x02BF, 0x02BF, 0x02BF, 0x02BF, 0x02BF, 0x02BF, 0x029F, 0x029F, 0x029F, 0x029F,
  0x029F, 0x029F, 0x029F, 0x029F, 0x029F, 0x029F, 0x029F, 0x029F, 0x029F, 0x029F, 0x029F, 0x029F, 0x029F, 0x029F,
  0x029F, 0x029F, 0x029F, 0x029F, 0x029F, 0x029F, 0x029F, 0x029F, 0x029F, 0x029F, 0x029F, 0x029F, 0x029F, 0x029F,
  0x029F, 0x029F, 0x029F, 0x029F, 0x029F, 0x029F, 0x029F, 0x029F, 0x029F, 0x029F, 0x02BF, 0x0219, 0x0219, 0x02BF,
  0x029F, 0x029F, 0x029F, 0x029F, 0x029F, 0x029F, 0x029F, 0x029F, 0x029F, 0x029F, 0x029F, 0x029F, 0x029F, 0x029F,
  0x029F, 0x029F, 0x029F, 0x029F, 0x029F, 0x029F, 0x029F, 0x029F, 0x029F, 0x029F, 0x029F, 0x029F, 0x029F, 0x029F,
  0x029F, 0x029F, 0x029F, 0x029F, 0x029F, 0x029F, 0x029F, 0x029F, 0x029F, 0x029F, 0x029F, 0x029F, 0x029F, 0x029F,
  0x029F, 0x02BF, 0x023A, 0x012F, 0x012F, 0x023A, 0x02BF, 0x029F, 0x029F, 0x029F, 0x029F, 0x029F, 0x029F, 0x029F,
  0x029F, 0x029F, 0x029F, 0x029F, 0x029F, 0x029F, 0x029F, 0x029F, 0x029F, 0x029F, 0x029F, 0x029F, 0x029F, 0x029F,
  0x029F, 0x029F, 0x029F, 0x029F, 0x029F, 0x029F, 0x029F, 0x029F, 0x029F, 0x029F, 0x029F, 0x029F, 0x029F, 0x029F,
  0x029F, 0x029F, 0x029F, 0x029F, 0x029F, 0x029F, 0x02BF, 0x023A, 0x012F, 0x0150, 0x0150, 0x012F, 0x023A, 0x02BF,
  0x029F, 0x029F, 0x029F, 0x029F, 0x029F, 0x029F, 0x029F, 0x029F, 0x029F, 0x029F, 0x029F, 0x029F, 0x029F, 0x029F,
  0x029F, 0x029F, 0x029F, 0x029F, 0x029F, 0x029F, 0x029F, 0x029F, 0x029F, 0x029F, 0x029F, 0x029F, 0x029F, 0x029F,
  0x029F, 0x029F, 0x029F, 0x029F, 0x029F, 0x029F, 0x029F, 0x029F, 0x029F, 0x029F, 0x029F, 0x02BF, 0x023A, 0x014F,
  0x014F, 0x0150, 0x0150, 0x014F, 0x014F, 0x023A, 0x02BF, 0x029F, 0x029F, 0x029F, 0x029F, 0x029F, 0x029F, 0x029F,
  0x029F, 0x029F, 0x029F, 0x029F, 0x029F, 0x029F, 0x029F, 0x029F, 0x029F, 0x029F, 0x029F, 0x029F, 0x029F, 0x029F,
  0x029F, 0x029F, 0x029F, 0x029F, 0x029F, 0x029F, 0x029F, 0x029F, 0x029F, 0x029F, 0x029F, 0x029F, 0x029F, 0x029F,
  0x029F, 0x029F, 0x02BF, 0x023A, 0x012F, 0x014F, 0x0150, 0x014F, 0x014F, 0x0150, 0x014F, 0x012F, 0x023A, 0x02BF,
  0x029F, 0x029F, 0x029F, 0x029F, 0x029F, 0x029F, 0x029F, 0x029F, 0x029F, 0x029F, 0x029F, 0x029F, 0x029F, 0x029F,
  0x029F, 0x029F, 0x029F, 0x029F, 0x029F, 0x029F, 0x029F, 0x029F, 0x029F, 0x029F, 0x029F, 0x029F, 0x029F, 0x029F,
  0x029F, 0x029F, 0x029F, 0x029F, 0x029F, 0x029F, 0x029F, 0x02BF, 0x023A, 0x012F, 0x014F, 0x0150, 0x014F, 0x014F,
  0x014F, 0x014F, 0x0150, 0x014F, 0x012F, 0x023A, 0x02BF, 0x029F, 0x029F, 0x029F, 0x029F, 0x029F, 0x029F, 0x029F,
  0x029F, 0x029F, 0x029F, 0x029F, 0x029F, 0x029F, 0x029F, 0x029F, 0x029F, 0x029F, 0x029F, 0x029F, 0x029F, 0x029F,
  0x029F, 0x029F, 0x029F, 0x029F, 0x029F, 0x029F, 0x029F, 0x029F, 0x029F, 0x029F, 0x029F, 0x029F, 0x02BF, 0x0219,
  0x014F, 0x014F, 0x0150, 0x014F, 0x014F, 0x014F, 0x014F, 0x014F, 0x014F, 0x0150, 0x014F, 0x014F, 0x0219, 0x02BF,
  0x029F, 0x029F, 0x029F, 0x029F, 0x029F, 0x029F, 0x029F, 0x029F, 0x029F, 0x029F, 0x029F, 0x029F, 0x029F, 0x029F,
  0x029F, 0x029F, 0x029F, 0x029F, 0x029F, 0x029F, 0x029F, 0x029F, 0x029F, 0x029F, 0x029F, 0x029F, 0x029F, 0x029F,
  0x029F, 0x029F, 0x029F, 0x02BF, 0x023A, 0x012F, 0x014F, 0x0150, 0x014F, 0x014F, 0x014F, 0x014F, 0x014F, 0x014F,
  0x014F, 0x014F, 0x0150, 0x014F, 0x012F, 0x023A, 0x02BF, 0x029F, 0x029F, 0x029F, 0x029F, 0x029F, 0x029F, 0x029F,
  0x029F, 0x029F, 0x029F, 0x029F, 0x029F, 0x029F, 0x029F, 0x029F,
};

const uint16_t logo_crclx[2304] PROGMEM = {
  0x18C3, 0x18C3, 0x18C3, 0x18C3, 0x18C3, 0x18C3, 0x18C3, 0x18C3, 0x18C3, 0x18C3, 0x18C3, 0x18C3, 0x18C3, 0x18C3,
  0x18C3, 0x18C3, 0x10A2, 0x0861, 0x0861, 0x0861, 0x0861, 0x0861, 0x0861, 0x0861, 0x0861, 0x0861, 0x0861, 0x0861,
  0x0861, 0x0861, 0x0861, 0x10A2, 0x18C3, 0x18C3, 0x18C3, 0x18C3, 0x18C3, 0x18C3, 0x18C3, 0x18C3, 0x18C3, 0x18C3,
  0x18C3, 0x18C3, 0x18C3, 0x18C3, 0x18C3, 0x18C3, 0x18C3, 0x18C3, 0x18C3, 0x18C3, 0x18C3, 0x18C3, 0x18C3, 0x18C3,
  0x18C3, 0x18C3, 0x18C3, 0x18C3, 0x18C3, 0x18C3, 0x18C3, 0x18C3, 0x18C3, 0x10A2, 0x0861, 0x0861, 0x0861, 0x0861,
  0x0861, 0x0861, 0x0861, 0x0861, 0x0861, 0x0861, 0x0861, 0x0861, 0x10A2, 0x18C3, 0x18C3, 0x18C3, 0x18C3, 0x18C3,
  0x18C3, 0x18C3, 0x18C3, 0x18C3, 0x18C3, 0x18C3, 0x18C3, 0x18C3, 0x18C3, 0x18C3, 0x18C3, 0x18C3, 0x18C3, 0x18C3,
  0x18C3, 0x18C3, 0x18C3, 0x18C3, 0x18C3, 0x18C3, 0x18C3, 0x18C3, 0x18C3, 0x18C3, 0x18C3, 0x18C3, 0x18C3, 0x18C3,
  0x18C3, 0x18C3, 0x10A2, 0x0861, 0x0861, 0x0861, 0x0861, 0x0861, 0x0861, 0x0861, 0x0861, 0x0861, 0x0861, 0x10A2,
  0x18C3, 0x18C3, 0x18C3, 0x18C3, 0x18C3, 0x18C3, 0x18C3, 0x18C3, 0x18C3, 0x18C3, 0x18C3, 0x18C3, 0x18C3, 0x18C3,
  0x18C3, 0x18C3, 0x18C3, 0x18C3, 0x18C3, 0x18C3, 0x18C3, 0x18C3, 0x18C3, 0x18C3, 0x18C3, 0x18C3, 0x18C3, 0x18C3,
  0x18C3, 0x18C3, 0x18C3, 0x18C3, 0x18C3, 0x18C3, 0x18C3, 0x18C3, 0x18C3, 0x10A2, 0x0861, 0x0861, 0x0861, 0x0861,
  0x0861, 0x0861, 0x0861, 0x0861, 0x10A2, 0x18C3, 0x18C3, 0x18C3, 0x18C3, 0x18C3, 0x18C3, 0x18C3, 0x18C3, 0x18C3,
  0x18C3, 0x18C3, 0x18C3, 0x18C3, 0x18C3, 0x18C3, 0x18C3, 0x18C3, 0x18C3, 0x18C3, 0x18C3, 0x18C3, 0x18C3, 0x18C3,
  0x18C3, 0x18C3, 0x18C3, 0x18C3, 0x18C3, 0x18C3, 0x18C3, 0x18C3, 0x18C3, 0x18C3, 0x18C3, 0x18C3, 0x18C3, 0x18C3,
  0x18C3, 0x18C3, 0x10A2, 0x0861, 0x0861, 0x0861, 0x0861, 0x0861, 0x0861, 0x10A2, 0x18C3, 0x18C3, 0x18C3, 0x18C3,
  0x18C3, 0x18C3, 0x18C3, 0x18C3, 0x18C3, 0x18C3, 0x18C3, 0x18C3, 0x18C3, 0x18C3, 0x18C3, 0x18C3, 0x18C3, 0x18C3,
  0x18C3, 0x18C3, 0x18C3, 0x18C3, 0x18C3, 0x18C3, 0x18C3, 0x18C3, 0x18C3, 0x18C3, 0x18C3, 0x18C3, 0x18C3, 0x18C3,
  0x18C3, 0x18C3, 0x18C3, 0x18C3, 0x18C3, 0x18C3, 0x18C3, 0x18C3, 0x18C3, 0x10A2, 0x0861, 0x0861, 0x0861, 0x0861,
  0x10A2, 0x18C3, 0x18C3, 0x18C3, 0x18C3, 0x18C3, 0x18C3, 0x18C3, 0x18C3, 0x18C3, 0x18C3, 0x18C3, 0x18C3, 0x18C3,
  0x18C3, 0x18C3, 0x18C3, 0x18C3, 0x18C3, 0x18C3, 0x18C3, 0x18C3, 0x18C3, 0x18C3, 0x18C3, 0x18C3, 0x18C3, 0x18C3,
  0x18C3, 0x18C3, 0x18C3, 0x18C3, 0x18C3, 0x18C3, 0x18C3, 0x18C3, 0x18C3, 0x18C3, 0x18C3, 0x18C3, 0x18C3, 0x18C3,
  0x18C3, 0x18C3, 0x10A2, 0x0861, 0x0861, 0x10A2, 0x18C3, 0x18C3, 0x18C3, 0x18C3, 0x18C3, 0x18C3, 0x18C3, 0x18C3,
  0x18C3, 0x18C3, 0x18C3, 0x18C3, 0x18C3, 0x18C3, 0x18C3, 0x18C3, 0x18C3, 0x18C3, 0x18C3, 0x18C3, 0x18C3, 0x18C3,
  0x18C3, 0x18C3, 0x18C3, 0x18C3, 0x18C3, 0x18C3, 0x18C3, 0x18C3, 0x18C3, 0x18C3, 0x18C3, 0x18C3, 0x18C3, 0x18C3,
  0x18C3, 0x18C3, 0x18C3, 0x18C3, 0x18C3, 0x18C3, 0x18C3, 0x18C3, 0x18C3, 0x10A2, 0x10A2, 0x18C3, 0x18C3, 0x18C3,
  0x18C3, 0x18C3, 0x18C3, 0x18C3, 0x18C3, 0x18C3, 0x18C3, 0x18C3, 0x18C3, 0x18C3, 0x18C3, 0x18C3, 0x18C3, 0x18C3,
  0x18C3, 0x18C3, 0x18C3, 0x18C3, 0x18C3, 0x18C3, 0x18C3, 0x18C3, 0x18C3, 0x18C3, 0x18C3, 0x18C3, 0x18C3, 0x18C3,
  0x18C3, 0x18C3, 0x18C3, 0x18C3, 0x18C3, 0x18C3, 0x18C3, 0x18C3, 0x18C3, 0x18C3, 0x18C3, 0x18C3, 0x18E3, 0x18E3,
  0x18E3, 0x18E3, 0x18E3, 0x18E3, 0x18E3, 0x18E3, 0x18C3, 0x18C3, 0x18C3, 0x18C3, 0x18C3, 0x18C3, 0x18C3, 0x18C3,
  0x18C3, 0x18C3, 0x18C3, 0x18C3, 0x18C3, 0x18C3, 0x18C3, 0x18C3, 0x18C3, 0x18C3, 0x18C3, 0x18C3, 0x18C3, 0x18C3,
  0x18C3, 0x18C3, 0x18C3, 0x18C3, 0x18C3, 0x18C3, 0x18C3, 0x18C3, 0x18C3, 0x18C3, 0x18C3, 0x18C3, 0x18C3, 0x18C3,
  0x18C3, 0x18C3, 0x18E3, 0x18C3, 0x1082, 0x1041, 0x1062, 0x1062, 0x1062, 0x1062, 0x1042, 0x1082, 0x18C3, 0x18E3,
  0x18C3, 0x18C3, 0x18C3, 0x18C3, 0x18C3, 0x18C3, 0x18C3, 0x18C3, 0x18C3, 0x18C3, 0x18C3, 0x18C3, 0x18C3, 0x18C3,
  0x18C3, 0x18C3, 0x18C3, 0x18C3, 0x18C3, 0x18C3, 0x18C3, 0x18C3, 0x18C3, 0x18C3, 0x18C3, 0x18C3, 0x18C3, 0x18C3,
  0x18C3, 0x18C3, 0x18C3, 0x18C3, 0x18C3, 0x18C3, 0x18E3, 0x18A2, 0x1061, 0x1903, 0x2A68, 0x33AB, 0x3CAE, 0x450F,
  0x450F, 0x3C8D, 0x338A, 0x2226, 0x18E3, 0x1042, 0x18A3, 0x18E3, 0x18C3, 0x18C3, 0x18C3, 0x18C3, 0x18C3, 0x18C3,
  0x18C3, 0x18C3, 0x18C3, 0x18C3, 0x18C3, 0x18C3, 0x18C3, 0x18C3, 0x18C3, 0x18C3, 0x18C3, 0x18C3, 0x18C3, 0x18C3,
  0x18C3, 0x18C3, 0x18C3, 0x18C3, 0x18C3, 0x18C3, 0x18C3, 0x18C3, 0x18C3, 0x18C3, 0x18C3, 0x18C3, 0x1061, 0x2165,
  0x3C2E, 0x5654, 0x5736, 0x5777, 0x5756, 0x5756, 0x5775, 0x5775, 0x5775, 0x5754, 0x4E31, 0x33EB, 0x1924, 0x1062,
  0x18E3, 0x18C3, 0x18C3, 0x18C3, 0x18C3, 0x18C3, 0x18C3, 0x18C3, 0x18C3, 0x18C3, 0x18C3, 0x18C3, 0x18C3, 0x18C3,
  0x18C3, 0x18C3, 0x18C3, 0x18C3, 0x18C3, 0x18C3, 0x18C3, 0x18C3, 0x18C3, 0x18C3, 0x18C3, 0x18C3, 0x18C3, 0x18C3,
  0x18C3, 0x18E3, 0x18A2, 0x1882, 0x3BAC, 0x56D7, 0x5F78, 0x5717, 0x5737, 0x5F57, 0x5F77, 0x5756, 0x5756, 0x5776,
  0x5755, 0x5734, 0x5754, 0x5795, 0x4EB2, 0x2B29, 0x1062, 0x18A3, 0x18C3, 0x18C3, 0x18C3, 0x18C3, 0x18C3, 0x18C3,
  0x18C3, 0x18C3, 0x18C3, 0x18C3, 0x18C3, 0x18C3, 0x18C3, 0x18C3, 0x18C3, 0x18C3, 0x18C3, 0x18C3, 0x18C3, 0x18C3,
  0x18C3, 0x18C3, 0x18C3, 0x18C3, 0x18C3, 0x18C3, 0x18E3, 0x18A2, 0x18E3, 0x4D32, 0x5F79, 0x5EF7, 0x5F38, 0x5F58,
  0x4E34, 0x44AF, 0x338B, 0x2B09, 0x2B09, 0x33AB, 0x44EF, 0x4EB3, 0x5755, 0x4EF3, 0x5754, 0x5794, 0x3CAC, 0x18E3,
  0x18C3, 0x18C3, 0x18C3, 0x18C3, 0x18C3, 0x18C3, 0x18C3, 0x18C3, 0x18C3, 0x18C3, 0x18C3, 0x18C3, 0x18C3, 0x18C3,
  0x18C3, 0x18C3, 0x18C3, 0x18C3, 0x18C3, 0x18C3, 0x18C3, 0x18C3, 0x18C3, 0x18C3, 0x18C3, 0x18C3, 0x18A2, 0x18E3,
  0x4DB4, 0x5F7A, 0x5ED7, 0x5F59, 0x4DD4, 0x2AA9, 0x18E3, 0x1062, 0x1062, 0x1082, 0x1082, 0x1062, 0x1882, 0x18C3,
  0x3C2C, 0x5775, 0x4EF3, 0x5733, 0x5774, 0x21C6, 0x1082, 0x18E3, 0x18C3, 0x18C3, 0x18C3, 0x18C3, 0x18C3, 0x18C3,
  0x18C3, 0x18C3, 0x18C3, 0x18C3, 0x18C3, 0x18C3, 0x18C3, 0x18C3, 0x18C3, 0x18C3, 0x18C3, 0x18C3, 0x18C3, 0x18C3,
  0x18C3, 0x18C3, 0x18C3, 0x18C3, 0x1882, 0x4D33, 0x675B, 0x5ED8, 0x5F39, 0x3BEE, 0x18A2, 0x1082, 0x18C3, 0x1882,
  0x1062, 0x1062, 0x1062, 0x1082, 0x1062, 0x2185, 0x4E32, 0x5734, 0x5734, 0x5754, 0x2AA8, 0x1041, 0x2146, 0x18C3,
  0x18C3, 0x18C3, 0x18C3, 0x18C3, 0x18C3, 0x18C3, 0x18C3, 0x18C3, 0x18C3, 0x18C3, 0x18C3, 0x18C3, 0x10A2, 0x18C3,
  0x18C3, 0x18C3, 0x18C3, 0x18C3, 0x18C3, 0x18C3, 0x18C3, 0x18C3, 0x18E3, 0x1061, 0x3B8D, 0x677C, 0x5ED9, 0x5F3A,
  0x332B, 0x1041, 0x18E3, 0x18A2, 0x18A2, 0x2A28, 0x3BCC, 0x3C8F, 0x3C6E, 0x336B, 0x2A68, 0x4E74, 0x5776, 0x5715,
  0x5755, 0x2AC8, 0x1000, 0x324B, 0x661E, 0x32AD, 0x1061, 0x18E3, 0x18C3, 0x18C3, 0x18C3, 0x18C3, 0x18C3, 0x18C3,
  0x18C3, 0x18C3, 0x18C3, 0x10A2, 0x0861, 0x10A2, 0x18C3, 0x18C3, 0x18C3, 0x18C3, 0x18C3, 0x18C3, 0x18C3, 0x18C3,
  0x18A2, 0x2165, 0x5EBA, 0x5EDA, 0x675B, 0x3BEE, 0x1041, 0x1904, 0x1062, 0x2A07, 0x4DB3, 0x5F38, 0x5F58, 0x5F58,
  0x5F58, 0x5F57, 0x5F57, 0x5716, 0x5715, 0x5735, 0x2AC9, 0x1020, 0x29E8, 0x65FF, 0x663F, 0x5D5C, 0x18E4, 0x18C3,
  0x18C3, 0x18C3, 0x18C3, 0x18C3, 0x18C3, 0x18C3, 0x18C3, 0x18C3, 0x10A2, 0x0861, 0x0861, 0x0861, 0x10A2, 0x18C3,
  0x18C3, 0x18C3, 0x18C3, 0x18C3, 0x18C3, 0x18E3, 0x1061, 0x4410, 0x675C, 0x671B, 0x55B5, 0x18A2, 0x18E3, 0x1062,
  0x32EA, 0x5F39, 0x5F39, 0x5EF8, 0x5F58, 0x5F58, 0x5F58, 0x5F57, 0x56F6, 0x5716, 0x5736, 0x2AC9, 0x1062, 0x18C3,
  0x2145, 0x657D, 0x65DF, 0x6E5F, 0x3AEF, 0x1061, 0x18E3, 0x18C3, 0x18C3, 0x18C3, 0x18C3, 0x18C3, 0x18C3, 0x10A2,
  0x0861, 0x0861, 0x0861, 0x0861, 0x0861, 0x10A2, 0x18C3, 0x18C3, 0x18C3, 0x18C3, 0x18C3, 0x18C3, 0x1904, 0x5E39,
  0x66FB, 0x673C, 0x2A8A, 0x1082, 0x18A2, 0x2A28, 0x5F3A, 0x5EF9, 0x5F19, 0x5EF8, 0x44D1, 0x338C, 0x33AC, 0x4531,
  0x5F37, 0x5F37, 0x2AC9, 0x1020, 0x10A2, 0x18E3, 0x1060, 0x3B0F, 0x6E3F, 0x661F, 0x54F9, 0x18A2, 0x18C3, 0x18C3,
  0x18C3, 0x18C3, 0x18C3, 0x18C3, 0x10A2, 0x0861, 0x0861, 0x0861, 0x0861, 0x0861, 0x0861, 0x0861, 0x10A2, 0x18C3,
  0x18C3, 0x18C3, 0x18E3, 0x1082, 0x2A49, 0x671C, 0x671C, 0x55F7, 0x18C3, 0x18C3, 0x18A3, 0x55D5, 0x5F3A, 0x5F19,
  0x5636, 0x21C6, 0x1061, 0x1061, 0x1061, 0x1062, 0x2A88, 0x2A89, 0x0800, 0x3A8C, 0x4B72, 0x10A2, 0x18A2, 0x2145,
  0x659E, 0x6DFF, 0x65DF, 0x2187, 0x10A2, 0x18C3, 0x18C3, 0x18C3, 0x18C3, 0x10A2, 0x0861, 0x0861, 0x0861, 0x0861,
  0x0861, 0x0861, 0x0861, 0x0861, 0x0861, 0x10A2, 0x18C3, 0x18C3, 0x18E3, 0x1061, 0x3B8E, 0x673D, 0x673D, 0x4471,
  0x1061, 0x1082, 0x2A69, 0x673B, 0x5ED9, 0x5EF9, 0x21C7, 0x1041, 0x18E3, 0x18E3, 0x18E3, 0x18E3, 0x1882, 0x1041,
  0x3A6C, 0x7DBF, 0x7DDF, 0x2167, 0x18A2, 0x10A2, 0x5478, 0x6DFF, 0x6E1F, 0x328C, 0x1081, 0x18E3, 0x18C3, 0x18C3,
  0x10A2, 0x0861, 0x0861, 0x0861, 0x0861, 0x0861, 0x0861, 0x0861, 0x0861, 0x0861, 0x0861, 0x0861, 0x10A2, 0x18C3,
  0x18E3, 0x1061, 0x4472, 0x673E, 0x673D, 0x3B4D, 0x1081, 0x1061, 0x440F, 0x673C, 0x673B, 0x44B2, 0x1061, 0x18E3,
  0x18C3, 0x18C3, 0x18C3, 0x18C3, 0x18E3, 0x10A1, 0x6457, 0x7DBF, 0x7DDF, 0x3AAD, 0x1081, 0x1081, 0x4B93, 0x761F,
  0x6E1F, 0x4351, 0x1061, 0x18E3, 0x18C3, 0x10A2, 0x0861, 0x0861, 0x0861, 0x0861, 0x0861, 0x0861, 0x0861, 0x0861,
  0x0861, 0x0861, 0x0861, 0x0861, 0x0861, 0x10A2, 0x18E3, 0x1061, 0x4CD4, 0x671E, 0x671D, 0x32CB, 0x1082, 0x1082,
  0x4CD3, 0x673C, 0x673C, 0x334C, 0x1061, 0x18E3, 0x18C3, 0x18C3, 0x18C3, 0x18C3, 0x18E3, 0x1061, 0x4B51, 0x85BF,
  0x7DDF, 0x4B31, 0x1081, 0x1081, 0x4310, 0x75FF, 0x761F, 0x4393, 0x1061, 0x18E3, 0x10A2, 0x0861, 0x0861, 0x0861,
  0x0861, 0x0861, 0x0861, 0x0861, 0x0861, 0x0861, 0x0861, 0x0861, 0x0861, 0x0861, 0x0861, 0x10A2, 0x18E3, 0x1061,
  0x4CD4, 0x6F1E, 0x671E, 0x32CB, 0x1082, 0x1082, 0x4CD3, 0x673C, 0x673C, 0x3B6D, 0x1061, 0x18E3, 0x18C3, 0x18C3,
  0x18C3, 0x18C3, 0x18E3, 0x1081, 0x5352, 0x85BF, 0x85BF, 0x4B10, 0x1081, 0x1081, 0x4330, 0x75FF, 0x75FF, 0x4B92,
  0x1061, 0x18E3, 0x10A2, 0x0861, 0x0861, 0x0861, 0x0861, 0x0861, 0x0861, 0x0861, 0x0861, 0x0861, 0x0861, 0x0861,
  0x0861, 0x0861, 0x10A2, 0x18C3, 0x18E3, 0x1061, 0x4C73, 0x6F1F, 0x6F3E, 0x3B4E, 0x1081, 0x1061, 0x4410, 0x671C,
  0x675D, 0x4471, 0x1061, 0x18E4, 0x18C3, 0x18C3, 0x18C3, 0x18C3, 0x18E3, 0x10A2, 0x6C79, 0x859F, 0x85BF, 0x3A6D,
  0x1081, 0x1081, 0x4B93, 0x75FF, 0x75FF, 0x4330, 0x1061, 0x18E3, 0x18C3, 0x10A2, 0x0861, 0x0861, 0x0861, 0x0861,
  0x0861, 0x0861, 0x0861, 0x0861, 0x0861, 0x0861, 0x0861, 0x10A2, 0x18C3, 0x18C3, 0x18E3, 0x1061, 0x3B6F, 0x6F1F,
  0x6F1F, 0x4C93, 0x1081, 0x1082, 0x2A29, 0x6F9F, 0x5E18, 0x2186, 0x1061, 0x10A1, 0x18C3, 0x18E3, 0x18E3, 0x18C3,
  0x0840, 0x428D, 0x8D9F, 0x855F, 0x7D5E, 0x2146, 0x18A2, 0x10A2, 0x6478, 0x7DDF, 0x75DF, 0x324C, 0x1081, 0x18E3,
  0x18C3, 0x18C3, 0x10A2, 0x0861, 0x0861, 0x0861, 0x0861, 0x0861, 0x0861, 0x0861, 0x0861, 0x0861, 0x10A2, 0x18C3,
  0x18C3, 0x18C3, 0x18E3, 0x1081, 0x2A29, 0x6EFF, 0x66FE, 0x5E1A, 0x18E4, 0x18C3, 0x18C3, 0x3BCF, 0x21A6, 0x0820,
  0x52D0, 0x424D, 0x10A2, 0x1081, 0x1081, 0x10A2, 0x428D, 0x855E, 0x853E, 0x8DBF, 0x5B94, 0x1081, 0x18C2, 0x2166,
  0x757E, 0x759F, 0x757E, 0x2166, 0x10A2, 0x18C3, 0x18C3, 0x18C3, 0x18C3, 0x10A2, 0x0861, 0x0861, 0x0861, 0x0861,
  0x0861, 0x0861, 0x0861, 0x10A2, 0x18C3, 0x18C3, 0x18C3, 0x18C3, 0x18C3, 0x18C3, 0x18E3, 0x5DFB, 0x66DE, 0x6F1F,
  0x32EC, 0x1041, 0x18E3, 0x1061, 0x1060, 0x6312, 0xA55F, 0x9D3F, 0x7C39, 0x6353, 0x6374, 0x7C7A, 0x957F, 0x8D3E,
  0x8D7F, 0x7CDC, 0x2104, 0x18C3, 0x1061, 0x4B31, 0x85DF, 0x7DBF, 0x6478, 0x10A2, 0x18C3, 0x18C3, 0x18C3, 0x18C3,
  0x18C3, 0x18C3, 0x10A2, 0x0861, 0x0861, 0x0861, 0x0861, 0x0861, 0x10A2, 0x18C3, 0x18C3, 0x18C3, 0x18C3, 0x18C3,
  0x18C3, 0x18E3, 0x1061, 0x43D1, 0x6F3F, 0x66DE, 0x5E1A, 0x1904, 0x18C3, 0x10A1, 0x6312, 0xA53F, 0x94DE, 0x94FE,
  0x9D1F, 0x9D5F, 0x9D5F, 0x953F, 0x8D1F, 0x959F, 0x7CDB, 0x2967, 0x10A2, 0x18A2, 0x2145, 0x7D3D, 0x7D7F, 0x85DF,
  0x3A8D, 0x1081, 0x18E3, 0x18C3, 0x18C3, 0x18C3, 0x18C3, 0x18C3, 0x18C3, 0x10A2, 0x0861, 0x0861, 0x0861, 0x10A2,
  0x18C3, 0x18C3, 0x18C3, 0x18C3, 0x18C3, 0x18C3, 0x18C3, 0x18C3, 0x18A2, 0x2145, 0x665D, 0x6F5F, 0x5E1B, 0x2125,
  0x1061, 0x62F2, 0xAD1F, 0x9CBE, 0xA4FF, 0x9CFF, 0x9D3F, 0x9D3F, 0x9D5F, 0x9D5F, 0x8CFD, 0x5B73, 0x2104, 0x10A2,
  0x18C3, 0x1081, 0x6437, 0x859F, 0x859F, 0x6CBA, 0x18C3, 0x18C3, 0x18C3, 0x18C3, 0x18C3, 0x18C3, 0x18C3, 0x18C3,
  0x18C3, 0x18C3, 0x10A2, 0x0861, 0x10A2, 0x18C3, 0x18C3, 0x18C3, 0x18C3, 0x18C3, 0x18C3, 0x18C3, 0x18C3, 0x18C3,
  0x18E3, 0x1061, 0x3B6F, 0x661B, 0x2145, 0x0840, 0x6AF2, 0xAD1F, 0x9CBE, 0xAD3F, 0x7BB7, 0x2946, 0x422C, 0x52D0,
  0x52D0, 0x422C, 0x2125, 0x1081, 0x18C3, 0x18A2, 0x1081, 0x5BB4, 0x8D9F, 0x853E, 0x859F, 0x320A, 0x1081, 0x18E3,
  0x18C3, 0x18C3, 0x18C3, 0x18C3, 0x18C3, 0x18C3, 0x18C3, 0x18C3, 0x18C3, 0x10A2, 0x18C3, 0x18C3, 0x18C3, 0x18C3,
  0x18C3, 0x18C3, 0x18C3, 0x18C3, 0x18C3, 0x18C3, 0x18C3, 0x18C3, 0x18C3, 0x18E3, 0x1081, 0x6AF2, 0xB4FF, 0xA49E,
  0xACDF, 0x7375, 0x10A2, 0x10A2, 0x10A2, 0x1081, 0x1081, 0x10A2, 0x18C2, 0x18C2, 0x1081, 0x2125, 0x6C17, 0x957F,
  0x851E, 0x8DBF, 0x5331, 0x1081, 0x18E3, 0x18C3, 0x18C3, 0x18C3, 0x18C3, 0x18C3, 0x18C3, 0x18C3, 0x18C3, 0x18C3,
  0x18C3, 0x18C3, 0x18C3, 0x18C3, 0x18C3, 0x18C3, 0x18C3, 0x18C3, 0x18C3, 0x18C3, 0x18C3, 0x18C3, 0x18C3, 0x18C3,
  0x18E3, 0x1081, 0x41EA, 0xC51F, 0xAC9E, 0xA49E, 0xACDF, 0x5AB0, 0x2104, 0x10A2, 0x1081, 0x1081, 0x1081, 0x1081,
  0x10A2, 0x2946, 0x52F0, 0x8CFD, 0x955F, 0x8D1E, 0x959F, 0x5B73, 0x1081, 0x18C3, 0x18C3, 0x18C3, 0x18C3, 0x18C3,
  0x18C3, 0x18C3, 0x18C3, 0x18C3, 0x18C3, 0x18C3, 0x18C3, 0x18C3, 0x18C3, 0x18C3, 0x18C3, 0x18C3, 0x18C3, 0x18C3,
  0x18C3, 0x18C3, 0x18C3, 0x18C3, 0x18C3, 0x18C3, 0x18C3, 0x18C3, 0x18C3, 0x62B1, 0xB4BF, 0xB4BF, 0xA49E, 0xACFF,
  0x9C9D, 0x7BB7, 0x6312, 0x5AB0, 0x5AB0, 0x6333, 0x7BF8, 0x94FE, 0x9D5F, 0x951F, 0x953F, 0x955F, 0x5311, 0x1081,
  0x18C3, 0x18C3, 0x18C3, 0x18C3, 0x18C3, 0x18C3, 0x18C3, 0x18C3, 0x18C3, 0x18C3, 0x18C3, 0x18C3, 0x18C3, 0x18C3,
  0x18C3, 0x18C3, 0x18C3, 0x18C3, 0x18C3, 0x18C3, 0x18C3, 0x18C3, 0x18C3, 0x18C3, 0x18C3, 0x18C3, 0x18C3, 0x18C3,
  0x18C3, 0x0881, 0x41CA, 0x9C1A, 0xB4DF, 0xACDF, 0xACBF, 0xACFF, 0xACFF, 0xAD1F, 0xA51F, 0xA51F, 0x9D1F, 0x9D1F,
  0x9D1F, 0x9D5F, 0x7C7A, 0x39EA, 0x1081, 0x18C3, 0x18C3, 0x18C3, 0x18C3, 0x18C3, 0x18C3, 0x18C3, 0x18C3, 0x18C3,
  0x18C3, 0x18C3, 0x18C3, 0x18C3, 0x18C3, 0x18C3, 0x18C3, 0x18C3, 0x18C3, 0x18C3, 0x18C3, 0x18C3, 0x18C3, 0x18C3,
  0x18C3, 0x18C3, 0x18C3, 0x18C3, 0x18C3, 0x18C3, 0x18C3, 0x18E3, 0x1081, 0x18C3, 0x524E, 0x8BD8, 0xAC9E, 0xACDF,
  0xACFF, 0xACFF, 0xAD1F, 0xA51F, 0xA51F, 0x9CDE, 0x7BF8, 0x4A6D, 0x18C3, 0x1081, 0x18E3, 0x18C3, 0x18C3, 0x18C3,
  0x18C3, 0x18C3, 0x18C3, 0x18C3, 0x18C3, 0x18C3, 0x18C3, 0x18C3, 0x18C3, 0x18C3, 0x18C3, 0x18C3, 0x18C3, 0x18C3,
  0x18C3, 0x18C3, 0x18C3, 0x18C3, 0x18C3, 0x18C3, 0x18C3, 0x18C3, 0x18C3, 0x18C3, 0x18C3, 0x18C3, 0x18C3, 0x18C3,
  0x18E3, 0x18C3, 0x1081, 0x10A2, 0x2967, 0x4A0C, 0x5AB0, 0x62F2, 0x6312, 0x5AB0, 0x420C, 0x2946, 0x10A2, 0x1081,
  0x18C3, 0x18E3, 0x18C3, 0x18C3, 0x18C3, 0x18C3, 0x18C3, 0x18C3, 0x18C3, 0x18C3, 0x18C3, 0x18C3, 0x18C3, 0x18C3,
  0x18C3, 0x18C3, 0x18C3, 0x18C3, 0x18C3, 0x18C3, 0x18C3, 0x18C3, 0x18C3, 0x18C3, 0x18C3, 0x18C3, 0x18C3, 0x18C3,
  0x18C3, 0x18C3, 0x18C3, 0x18C3, 0x18C3, 0x18C3, 0x18C3, 0x18C3, 0x18E3, 0x18C3, 0x10A2, 0x1081, 0x1081, 0x1081,
  0x1081, 0x1081, 0x1081, 0x10A2, 0x18C3, 0x18E3, 0x18C3, 0x18C3, 0x18C3, 0x18C3, 0x18C3, 0x18C3, 0x18C3, 0x18C3,
  0x18C3, 0x18C3, 0x18C3, 0x18C3, 0x18C3, 0x18C3, 0x18C3, 0x18C3, 0x18C3, 0x18C3, 0x18C3, 0x18C3, 0x18C3, 0x18C3,
  0x18C3, 0x18C3, 0x18C3, 0x18C3, 0x18C3, 0x18C3, 0x18C3, 0x18C3, 0x18C3, 0x18C3, 0x18C3, 0x18C3, 0x18C3, 0x18C3,
  0x18C3, 0x18C3, 0x18C3, 0x18E3, 0x18E3, 0x18E3, 0x18E3, 0x18E3, 0x18E3, 0x18C3, 0x18C3, 0x18C3, 0x18C3, 0x18C3,
  0x18C3, 0x18C3, 0x18C3, 0x18C3, 0x18C3, 0x18C3, 0x18C3, 0x18C3, 0x18C3, 0x18C3, 0x18C3, 0x18C3, 0x18C3, 0x18C3,
  0x18C3, 0x18C3, 0x18C3, 0x18C3, 0x18C3, 0x18C3, 0x18C3, 0x18C3, 0x18C3, 0x18C3, 0x18C3, 0x18C3, 0x18C3, 0x18C3,
  0x18C3, 0x18C3, 0x18C3, 0x18C3, 0x18C3, 0x18C3, 0x18C3, 0x18C3, 0x18C3, 0x18C3, 0x18C3, 0x10A2, 0x10A2, 0x18C3,
  0x18C3, 0x18C3, 0x18C3, 0x18C3, 0x18C3, 0x18C3, 0x18C3, 0x18C3, 0x18C3, 0x18C3, 0x18C3, 0x18C3, 0x18C3, 0x18C3,
  0x18C3, 0x18C3, 0x18C3, 0x18C3, 0x18C3, 0x18C3, 0x18C3, 0x18C3, 0x18C3, 0x18C3, 0x18C3, 0x18C3, 0x18C3, 0x18C3,
  0x18C3, 0x18C3, 0x18C3, 0x18C3, 0x18C3, 0x18C3, 0x18C3, 0x18C3, 0x18C3, 0x18C3, 0x18C3, 0x18C3, 0x18C3, 0x18C3,
  0x18C3, 0x18C3, 0x10A2, 0x0861, 0x0861, 0x10A2, 0x18C3, 0x18C3, 0x18C3, 0x18C3, 0x18C3, 0x18C3, 0x18C3, 0x18C3,
  0x18C3, 0x18C3, 0x18C3, 0x18C3, 0x18C3, 0x18C3, 0x18C3, 0x18C3, 0x18C3, 0x18C3, 0x18C3, 0x18C3, 0x18C3, 0x18C3,
  0x18C3, 0x18C3, 0x18C3, 0x18C3, 0x18C3, 0x18C3, 0x18C3, 0x18C3, 0x18C3, 0x18C3, 0x18C3, 0x18C3, 0x18C3, 0x18C3,
  0x18C3, 0x18C3, 0x18C3, 0x18C3, 0x18C3, 0x18C3, 0x18C3, 0x10A2, 0x0861, 0x0861, 0x0861, 0x0861, 0x10A2, 0x18C3,
  0x18C3, 0x18C3, 0x18C3, 0x18C3, 0x18C3, 0x18C3, 0x18C3, 0x18C3, 0x18C3, 0x18C3, 0x18C3, 0x18C3, 0x18C3, 0x18C3,
  0x18C3, 0x18C3, 0x18C3, 0x18C3, 0x18C3, 0x18C3, 0x18C3, 0x18C3, 0x18C3, 0x18C3, 0x18C3, 0x18C3, 0x18C3, 0x18C3,
  0x18C3, 0x18C3, 0x18C3, 0x18C3, 0x18C3, 0x18C3, 0x18C3, 0x18C3, 0x18C3, 0x18C3, 0x18C3, 0x18C3, 0x10A2, 0x0861,
  0x0861, 0x0861, 0x0861, 0x0861, 0x0861, 0x10A2, 0x18C3, 0x18C3, 0x18C3, 0x18C3, 0x18C3, 0x18C3, 0x18C3, 0x18C3,
  0x18C3, 0x18C3, 0x18C3, 0x18C3, 0x18C3, 0x18C3, 0x18C3, 0x18C3, 0x18C3, 0x18C3, 0x18C3, 0x18C3, 0x18C3, 0x18C3,
  0x18C3, 0x18C3, 0x18C3, 0x18C3, 0x18C3, 0x18C3, 0x18C3, 0x18C3, 0x18C3, 0x18C3, 0x18C3, 0x18C3, 0x18C3, 0x18C3,
  0x18C3, 0x18C3, 0x18C3, 0x10A2, 0x0861, 0x0861, 0x0861, 0x0861, 0x0861, 0x0861, 0x0861, 0x0861, 0x10A2, 0x18C3,
  0x18C3, 0x18C3, 0x18C3, 0x18C3, 0x18C3, 0x18C3, 0x18C3, 0x18C3, 0x18C3, 0x18C3, 0x18C3, 0x18C3, 0x18C3, 0x18C3,
  0x18C3, 0x18C3, 0x18C3, 0x18C3, 0x18C3, 0x18C3, 0x18C3, 0x18C3, 0x18C3, 0x18C3, 0x18C3, 0x18C3, 0x18C3, 0x18C3,
  0x18C3, 0x18C3, 0x18C3, 0x18C3, 0x18C3, 0x18C3, 0x18C3, 0x18C3, 0x10A2, 0x0861, 0x0861, 0x0861, 0x0861, 0x0861,
  0x0861, 0x0861, 0x0861, 0x0861, 0x0861, 0x10A2, 0x18C3, 0x18C3, 0x18C3, 0x18C3, 0x18C3, 0x18C3, 0x18C3, 0x18C3,
  0x18C3, 0x18C3, 0x18C3, 0x18C3, 0x18C3, 0x18C3, 0x18C3, 0x18C3, 0x18C3, 0x18C3, 0x18C3, 0x18C3, 0x18C3, 0x18C3,
  0x18C3, 0x18C3, 0x18C3, 0x18C3, 0x18C3, 0x18C3, 0x18C3, 0x18C3, 0x18C3, 0x18C3, 0x18C3, 0x18C3, 0x18C3, 0x10A2,
  0x0861, 0x0861, 0x0861, 0x0861, 0x0861, 0x0861, 0x0861, 0x0861, 0x0861, 0x0861, 0x0861, 0x0861, 0x10A2, 0x18C3,
  0x18C3, 0x18C3, 0x18C3, 0x18C3, 0x18C3, 0x18C3, 0x18C3, 0x18C3, 0x18C3, 0x18C3, 0x18C3, 0x18C3, 0x18C3, 0x18C3,
  0x18C3, 0x18C3, 0x18C3, 0x18C3, 0x18C3, 0x18C3, 0x18C3, 0x18C3, 0x18C3, 0x18C3, 0x18C3, 0x18C3, 0x18C3, 0x18C3,
  0x18C3, 0x18C3, 0x18C3, 0x18C3, 0x10A2, 0x0861, 0x0861, 0x0861, 0x0861, 0x0861, 0x0861, 0x0861, 0x0861, 0x0861,
  0x0861, 0x0861, 0x0861, 0x0861, 0x0861, 0x10A2, 0x18C3, 0x18C3, 0x18C3, 0x18C3, 0x18C3, 0x18C3, 0x18C3, 0x18C3,
  0x18C3, 0x18C3, 0x18C3, 0x18C3, 0x18C3, 0x18C3, 0x18C3, 0x18C3,
};

const uint16_t logo_googlx[2304] PROGMEM = {
  0xF79F, 0xF79F, 0xF79F, 0xF79F, 0xF79F, 0xF79F, 0xF79F, 0xF79F, 0xF79F, 0xF79F, 0xF79F, 0xF79F, 0xF79F, 0xF79F,
  0xEF9F, 0xF7BF, 0xDF1C, 0xB5B7, 0xB5B7, 0xB5B7, 0xB5B7, 0xB5B7, 0xB5B7, 0xB5B7, 0xB5B7, 0xB5B7, 0xB5B7, 0xB5B7,
  0xB5B7, 0xB5B7, 0xB5B7, 0xDF1C, 0xF7BF, 0xEF9F, 0xF79F, 0xF79F, 0xF79F, 0xF79F, 0xF79F, 0xF79F, 0xF79F, 0xF79F,
  0xF79F, 0xF79F, 0xF79F, 0xF79F, 0xF79F, 0xF79F, 0xF79F, 0xF79F, 0xF79F, 0xF79F, 0xF79F, 0xF79F, 0xF79F, 0xF79F,
  0xF79F, 0xF79F, 0xF79F, 0xF79F, 0xF79F, 0xF79F, 0xF79F, 0xEF9F, 0xF7BF, 0xDEFC, 0xB5B7, 0xB5B7, 0xB5B7, 0xB5B7,
  0xB5B7, 0xB5B7, 0xB5B7, 0xB5B7, 0xB5B7, 0xB5B7, 0xB5B7, 0xB5B7, 0xDEFC, 0xF7BF, 0xEF9F, 0xF79F, 0xF79F, 0xF79F,
  0xF79F, 0xF79F, 0xF79F, 0xF79F, 0xF79F, 0xF79F, 0xF79F, 0xF79F, 0xF79F, 0xF79F, 0xF79F, 0xF79F, 0xF79F, 0xF79F,
  0xF79F, 0xF79F, 0xF79F, 0xF79F, 0xF79F, 0xF79F, 0xF79F, 0xF79F, 0xF79F, 0xF79F, 0xF79F, 0xF79F, 0xF79F, 0xF79F,
  0xEF9F, 0xF7DF, 0xDEFC, 0xB5B7, 0xB5B7, 0xB5B7, 0xB5B7, 0xB5B7, 0xB5B7, 0xB5B7, 0xB5B7, 0xB5B7, 0xB5B7, 0xDEFC,
  0xF7DF, 0xEF9F, 0xF79F, 0xF79F, 0xF79F, 0xF79F, 0xF79F, 0xF79F, 0xF79F, 0xF79F, 0xF79F, 0xF79F, 0xF79F, 0xF79F,
  0xF79F, 0xF79F, 0xF79F, 0xF79F, 0xF79F, 0xF79F, 0xF79F, 0xF79F, 0xF79F, 0xF79F, 0xF79F, 0xF79F, 0xF79F, 0xF79F,
  0xF79F, 0xF79F, 0xF79F, 0xF79F, 0xF79F, 0xF79F, 0xF79F, 0xEF9F, 0xF7BF, 0xDEFC, 0xB5B7, 0xB5B7, 0xB5B7, 0xB5B7,
  0xB5B7, 0xB5B7, 0xB5B7, 0xB5B7, 0xDEFC, 0xF7BF, 0xEF9F, 0xF79F, 0xF79F, 0xF79F, 0xF79F, 0xF79F, 0xF79F, 0xF79F,
  0xF79F, 0xF79F, 0xF79F, 0xF79F, 0xF79F, 0xF79F, 0xF79F, 0xF79F, 0xF79F, 0xF79F, 0xF79F, 0xF79F, 0xF79F, 0xF79F,
  0xF79F, 0xF79F, 0xF79F, 0xF79F, 0xF79F, 0xF79F, 0xF79F, 0xF79F, 0xF79F, 0xF79F, 0xF79F, 0xF79F, 0xF79F, 0xF79F,
  0xEF9F, 0xF7DF, 0xDEFC, 0xB5B7, 0xB5B7, 0xB5B7, 0xB5B7, 0xB5B7, 0xB5B7, 0xDEFC, 0xF7DF, 0xEF9F, 0xF79F, 0xF79F,
  0xF79F, 0xF79F, 0xF79F, 0xF79F, 0xF79F, 0xF79F, 0xF79F, 0xF79F, 0xF79F, 0xF79F, 0xF79F, 0xF79F, 0xF79F, 0xF79F,
  0xF79F, 0xF79F, 0xF79F, 0xF79F, 0xF79F, 0xF79F, 0xF79F, 0xF79F, 0xF79F, 0xF79F, 0xF79F, 0xF79F, 0xF79F, 0xF79F,
  0xF79F, 0xF79F, 0xF79F, 0xF79F, 0xF79F, 0xF79F, 0xF79F, 0xEF9F, 0xF7DF, 0xDEFC, 0xB5B7, 0xB5B7, 0xB5B7, 0xB5B7,
  0xDEFC, 0xF7DF, 0xEF9F, 0xF79F, 0xF79F, 0xF79F, 0xF79F, 0xF79F, 0xF79F, 0xF79F, 0xF79F, 0xF79F, 0xF79F, 0xF79F,
  0xF79F, 0xF79F, 0xF79F, 0xF79F, 0xF79F, 0xF79F, 0xF79F, 0xF79F, 0xF79F, 0xF79F, 0xF79F, 0xF79F, 0xF79F, 0xF79F,
  0xF79F, 0xF79F, 0xF79F, 0xF79F, 0xF79F, 0xF79F, 0xF79F, 0xF79F, 0xF79F, 0xF79F, 0xF79F, 0xF79F, 0xF79F, 0xF79F,
  0xEF9F, 0xF7DF, 0xDEFC, 0xB5B7, 0xB5B7, 0xDEFC, 0xF7DF, 0xEF9F, 0xF79F, 0xF79F, 0xF79F, 0xF79F, 0xF79F, 0xF79F,
  0xF79F, 0xF79F, 0xF79F, 0xF79F, 0xF79F, 0xF79F, 0xF79F, 0xF79F, 0xF79F, 0xF79F, 0xF79F, 0xF79F, 0xF79F, 0xF79F,
  0xF79F, 0xF79F, 0xF79F, 0xF79F, 0xF79F, 0xF79F, 0xF79F, 0xF79F, 0xF79F, 0xF79F, 0xF79F, 0xF79F, 0xF79F, 0xF79F,
  0xF79F, 0xF79F, 0xF79F, 0xF79F, 0xF79F, 0xF79F, 0xF79F, 0xEF9F, 0xF7DF, 0xDEFC, 0xDEFC, 0xF7DF, 0xEF9F, 0xF79F,
  0xF79F, 0xF79F, 0xF79F, 0xF79F, 0xF79F, 0xF79F, 0xF79F, 0xF79F, 0xF79F, 0xF79F, 0xF79F, 0xF79F, 0xF79F, 0xF79F,
  0xF79F, 0xF79F, 0xF79F, 0xF79F, 0xF79F, 0xF79F, 0xF79F, 0xF79F, 0xF79F, 0xF79F, 0xF79F, 0xF79F, 0xF79F, 0xF79F,
  0xF79F, 0xF79F, 0xF79F, 0xF79F, 0xF79F, 0xF79F, 0xF79F, 0xF79F, 0xF79F, 0xF79F, 0xF79F, 0xF79F, 0xF79E, 0xF77E,
  0xEF7E, 0xF79F, 0xF79F, 0xEF7E, 0xF77E, 0xF79E, 0xF79F, 0xF79F, 0xF79F, 0xF79F, 0xF79F, 0xF79F, 0xF79F, 0xF79F,
  0xF79F, 0xF79F, 0xF79F, 0xF79F, 0xF79F, 0xF79F, 0xF79F, 0xF79F, 0xF79F, 0xF79F, 0xF79F, 0xF79F, 0xF79F, 0xF79F,
  0xF79F, 0xF79F, 0xF79F, 0xF79F, 0xF79F, 0xF79F, 0xF79F, 0xF79F, 0xF79F, 0xF79F, 0xF79F, 0xF79F, 0xF79F, 0xF79F,
  0xF79F, 0xF79F, 0xF79E, 0xF7BF, 0xF7FF, 0xEFFF, 0xF7FF, 0xEFFF, 0xEFFF, 0xF7FF, 0xF7FF, 0xF7FF, 0xF7BF, 0xF77E,
  0xF79F, 0xF79F, 0xF79F, 0xF79F, 0xF79F, 0xF79F, 0xF79F, 0xF79F, 0xF79F, 0xF79F, 0xF79F, 0xF79F, 0xF79F, 0xF79F,
  0xF79F, 0xF79F, 0xF79F, 0xF79F, 0xF79F, 0xF79F, 0xF79F, 0xF79F, 0xF79F, 0xF79F, 0xF79F, 0xF79F, 0xF79F, 0xF79F,
  0xF79F, 0xF79F, 0xF79F, 0xF79F, 0xF79F, 0xF79F, 0xF79E, 0xF7DF, 0xF7FF, 0xF75D, 0xF5B7, 0xF450, 0xF34C, 0xF2EA,
  0xF2EA, 0xF36C, 0xF471, 0xF5F8, 0xF77E, 0xF7FF, 0xF7BF, 0xF79E, 0xF79F, 0xF79F, 0xF79F, 0xF79F, 0xF79F, 0xF79F,
  0xF79F, 0xF79F, 0xF79F, 0xF79F, 0xF79F, 0xF79F, 0xF79F, 0xF79F, 0xF79F, 0xF79F, 0xF79F, 0xF79F, 0xF79F, 0xF79F,
  0xF79F, 0xF79F, 0xF79F, 0xF79F, 0xF79F, 0xF79F, 0xF79F, 0xF79F, 0xF79F, 0xF79F, 0xF79F, 0xF79F, 0xF7FF, 0xF6BA,
  0xF38D, 0xF143, 0xF060, 0xF820, 0xF020, 0xF040, 0xF040, 0xF020, 0xF020, 0xF060, 0xF184, 0xF40F, 0xF71C, 0xF7FF,
  0xF79F, 0xF79F, 0xF79F, 0xF79F, 0xF79F, 0xF79F, 0xF79F, 0xF79F, 0xF79F, 0xF79F, 0xF79F, 0xF79F, 0xF79F, 0xF79F,
  0xF79F, 0xF79F, 0xF79F, 0xF79F, 0xF79F, 0xF79F, 0xF79F, 0xF79F, 0xF79F, 0xF79F, 0xF79F, 0xF79F, 0xF79F, 0xF79F,
  0xF79F, 0xF79F, 0xF7DF, 0xF7BF, 0xF40F, 0xF0C1, 0xF040, 0xF080, 0xF0C0, 0xF0C0, 0xF0C0, 0xF0C1, 0xF0C1, 0xF0C0,
  0xF0C0, 0xF0C0, 0xF080, 0xF020, 0xF102, 0xF4D2, 0xF7FF, 0xF7DF, 0xF79F, 0xF79F, 0xF79F, 0xF79F, 0xF79F, 0xF79F,
  0xF79F, 0xF79F, 0xF79F, 0xF79F, 0xF79F, 0xF79F, 0xF79F, 0xF79F, 0xF79F, 0xF79F, 0xF79F, 0xF79F, 0xF79F, 0xF79F,
  0xF79F, 0xF79F, 0xF79F, 0xF79F, 0xF79F, 0xF79F, 0xF79F, 0xF7DF, 0xF75D, 0xF288, 0xF020, 0xF0A0, 0xF0E1, 0xF0C0,
  0xF0C0, 0xF0C0, 0xF0A0, 0xF080, 0xF080, 0xF0A0, 0xF0C0, 0xF0C0, 0xF0C0, 0xF0C0, 0xF080, 0xF020, 0xF32B, 0xF73D,
  0xF7BF, 0xF79F, 0xF79F, 0xF79F, 0xF79F, 0xF79F, 0xF79F, 0xF79F, 0xF79F, 0xF79F, 0xF79F, 0xF79F, 0xF79F, 0xF79F,
  0xEF9F, 0xF79F, 0xF79F, 0xF79F, 0xF79F, 0xF79F, 0xF79F, 0xF79F, 0xF79F, 0xF79F, 0xF79F, 0xF79F, 0xF7BF, 0xF75D,
  0xF2E5, 0xF920, 0xF161, 0xF0E0, 0xF0C0, 0xF0A0, 0xF020, 0xF040, 0xF0E1, 0xF143, 0xF143, 0xF0C1, 0xF040, 0xF040,
  0xF0A0, 0xF0C0, 0xF0C0, 0xF0C0, 0xF800, 0xF596, 0xF7FF, 0xF79E, 0xF79F, 0xF79F, 0xF79F, 0xF79F, 0xF79F, 0xF79F,
  0xF79F, 0xF79F, 0xF79F, 0xF79F, 0xF79F, 0xEF9F, 0xF7BF, 0xEF9F, 0xF79F, 0xF79F, 0xF79F, 0xF79F, 0xF79F, 0xF79F,
  0xF79F, 0xF79F, 0xF79F, 0xF79F, 0xF7BF, 0xF427, 0xFA60, 0xFA60, 0xF9E0, 0xF9A0, 0xF8E0, 0xF101, 0xF34C, 0xF596,
  0xF6DB, 0xF75D, 0xF75D, 0xF6BB, 0xF555, 0xF2CA, 0xF080, 0xF060, 0xF0C0, 0xF040, 0xF4F3, 0xF7FF, 0xF79F, 0xF79F,
  0xF79F, 0xF79F, 0xF79F, 0xF79F, 0xF79F, 0xF79F, 0xF79F, 0xF79F, 0xF79F, 0xF79F, 0xEF9F, 0xF7BF, 0xDEFC, 0xF7BF,
  0xEF9F, 0xF79F, 0xF79F, 0xF79F, 0xF79F, 0xF79F, 0xF79F, 0xF79F, 0xF79E, 0xEFFF, 0xF5AF, 0xFB40, 0xFB60, 0xFB00,
  0xFAC0, 0xFA00, 0xF348, 0xF6BA, 0xF7FF, 0xF7FF, 0xF7DF, 0xF7BF, 0xF7BF, 0xF7DF, 0xF7FF, 0xF7FF, 0xF618, 0xF1A5,
  0xF000, 0xF4D2, 0xF7FF, 0xF79F, 0xF79F, 0xF79F, 0xF79F, 0xF79F, 0xF79F, 0xF79F, 0xF79F, 0xF79F, 0xF79F, 0xF79F,
  0xF79F, 0xEF9F, 0xF7BF, 0xDEFC, 0xB5B7, 0xDEFC, 0xF7DF, 0xEF9F, 0xF79F, 0xF79F, 0xF79F, 0xF79F, 0xF79F, 0xF79F,
  0xF7BF, 0xF73B, 0xFC41, 0xFBE0, 0xFBC0, 0xFBA0, 0xFB00, 0xF48B, 0xEFDF, 0xF7DF, 0xF77E, 0xF79E, 0xF79F, 0xF79F,
  0xF79F, 0xF79F, 0xF79E, 0xF77E, 0xF7FF, 0xF6FC, 0xF555, 0xF7FF, 0xF79E, 0xF79F, 0xF79F, 0xF79F, 0xF79F, 0xF79F,
  0xF79F, 0xF79F, 0xF79F, 0xF79F, 0xF79F, 0xF79F, 0xEF9F, 0xF7DF, 0xDEFC, 0xB5B7, 0xB5B7, 0xB5B7, 0xDEFC, 0xF7DF,
  0xEF9F, 0xF79F, 0xF79F, 0xF79F, 0xF79F, 0xF79E, 0xEFDF, 0xFE0D, 0xFC60, 0xFC60, 0xFC40, 0xFBC0, 0xFCA8, 0xEFDF,
  0xF7BF, 0xF79E, 0xF79F, 0xF79F, 0xF79F, 0xF79F, 0xF79F, 0xF79F, 0xF79F, 0xF79F, 0xF79E, 0xF7BF, 0xF7FF, 0xF79F,
  0xF79F, 0xF79F, 0xF79F, 0xF79F, 0xF79F, 0xF79F, 0xF79F, 0xF79F, 0xF79F, 0xF79F, 0xF79F, 0xEF9F, 0xF7DF, 0xDEFC,
  0xB5B7, 0xB5B7, 0xB5D7, 0xB5B7, 0xB5B7, 0xDEFC, 0xF7DF, 0xEF9F, 0xF79F, 0xF79F, 0xF79F, 0xF7BF, 0xF77D, 0xFD43,
  0xFCE0, 0xFCE0, 0xFCA0, 0xFC61, 0xF73B, 0xEFBF, 0xF79E, 0xF79F, 0xF79F, 0xF79F, 0xF79F, 0xF79F, 0xF79F, 0xF79F,
  0xF79F, 0xF79F, 0xF79F, 0xF79F, 0xF79E, 0xF79F, 0xF79F, 0xF79F, 0xF79F, 0xF79F, 0xF79F, 0xF79F, 0xF79F, 0xF79F,
  0xF79F, 0xF79F, 0xEF9F, 0xF7DF, 0xDEFC, 0xB5B7, 0xB5B7, 0xB5D7, 0xB5B7, 0xB5B7, 0xB5B7, 0xB5B7, 0xDEFC, 0xF7BF,
  0xEF9F, 0xF79F, 0xF79E, 0xEFBF, 0xF6F6, 0xFCE0, 0xFD00, 0xFD20, 0xFCC0, 0xFDEC, 0xEFDF, 0xF79E, 0xF79F, 0xF79F,
  0xF79F, 0xF79F, 0xF79F, 0xF79F, 0xEF9F, 0xEF9F, 0xEF9F, 0xEF9F, 0xEF9F, 0xEF9F, 0xEF9F, 0xEF9F, 0xEF9F, 0xEF9F,
  0xEF9F, 0xEF9F, 0xEF9F, 0xEF9F, 0xF79F, 0xF79F, 0xF79F, 0xEF9F, 0xF7BF, 0xDEFC, 0xB5B7, 0xB5B7, 0xB5B7, 0xB5B7,
  0xB5B7, 0xB5B7, 0xB5B7, 0xB5B7, 0xB5B7, 0xDEFC, 0xF7DF, 0xEF9F, 0xF79E, 0xEFDF, 0xF670, 0xFD00, 0xFD40, 0xFD20,
  0xFD00, 0xF6F6, 0xEFBF, 0xF79E, 0xF79F, 0xF79F, 0xF79F, 0xF79F, 0xF79F, 0xF79F, 0xFFDF, 0xFFDF, 0xFFDF, 0xFFDF,
  0xFFDF, 0xFFDF, 0xFFDF, 0xFFDF, 0xFFDF, 0xFFDF, 0xFFDF, 0xFFDF, 0xFFDF, 0xF7BF, 0xEF9F, 0xF79F, 0xEF9F, 0xF7DF,
  0xDEFC, 0xB5B7, 0xB5B7, 0xB5B7, 0xB5B7, 0xB5B7, 0xB5B7, 0xB5B7, 0xB5B7, 0xB5B7, 0xB5B7, 0xB5B7, 0xDEFC, 0xF7DF,
  0xF79E, 0xEFBF, 0xFE2B, 0xFD40, 0xFD61, 0xFD40, 0xFD61, 0xF77C, 0xF7BF, 0xF79F, 0xF79F, 0xF79F, 0xF79F, 0xEF9F,
  0xF7BF, 0xE77F, 0x5D7E, 0x4D5E, 0x555E, 0x555E, 0x555E, 0x555E, 0x555E, 0x555E, 0x555E, 0x555E, 0x555E, 0x555E,
  0x4D3E, 0x861E, 0xFFBF, 0xEF9F, 0xF7DF, 0xDEFC, 0xB5B7, 0xB5B7, 0xB5B7, 0xB5B7, 0xB5B7, 0xB5B7, 0xB5B7, 0xB5B7,
  0xB5B7, 0xB5B7, 0xB5B7, 0xB5B7, 0xB5B7, 0xDEFC, 0xF7BF, 0xEFBF, 0xFE29, 0xFD60, 0xFDA1, 0xFD80, 0xFDC4, 0xF79E,
  0xF7BF, 0xF79F, 0xF79F, 0xF79F, 0xF79F, 0xEF9F, 0xF7BF, 0xE77F, 0x147D, 0x043D, 0x043D, 0x043D, 0x043D, 0x043D,
  0x043D, 0x043D, 0x043D, 0x043D, 0x043D, 0x045D, 0x03FD, 0x659E, 0xFFDF, 0xEFBF, 0xDEFC, 0xB5B7, 0xB5B7, 0xB5B7,
  0xB5B7, 0xB5B7, 0xB5B7, 0xB5B7, 0xB5B7, 0xB5B7, 0xB5B7, 0xB5B7, 0xB5B7, 0xB5B7, 0xB5B7, 0xDEFC, 0xF7BF, 0xEFBF,
  0xFE49, 0xFDA0, 0xFDC1, 0xFDA0, 0xFDE4, 0xF79E, 0xF7BF, 0xF79F, 0xF79F, 0xF79F, 0xF79F, 0xEF9F, 0xF7BF, 0xE77F,
  0x24BD, 0x147D, 0x147D, 0x147D, 0x147D, 0x147D, 0x147D, 0x147D, 0x147D, 0x147D, 0x147D, 0x147D, 0x043D, 0x7DFE,
  0xFFDF, 0xEFBF, 0xDEFC, 0xB5B7, 0xB5B7, 0xB5B7, 0xB5B7, 0xB5B7, 0xB5B7, 0xB5B7, 0xB5B7, 0xB5B7, 0xB5B7, 0xB5B7,
  0xB5B7, 0xB5B7, 0xDEFC, 0xF7DF, 0xF79E, 0xEFBF, 0xFE8B, 0xFDC0, 0xFDE1, 0xFDC0, 0xFDE1, 0xF77C, 0xF7BF, 0xF79F,
  0xF79F, 0xF79F, 0xF79F, 0xEF9F, 0xF7BF, 0xE77F, 0x147D, 0x041D, 0x043D, 0x043D, 0x043D, 0x043D, 0x043D, 0x043D,
  0x0C5D, 0x147D, 0x147D, 0x147D, 0x043D, 0x8E3E, 0xFFDF, 0xEF9F, 0xF7DF, 0xDEFC, 0xB5B7, 0xB5B7, 0xB5B7, 0xB5B7,
  0xB5B7, 0xB5B7, 0xB5B7, 0xB5B7, 0xB5B7, 0xB5B7, 0xB5B7, 0xDEFC, 0xF7DF, 0xEF9F, 0xF79E, 0xEFBF, 0xF6F0, 0xFDE0,
  0xFE01, 0xFE01, 0xFDE0, 0xF736, 0xEFBF, 0xF79E, 0xF79F, 0xF79F, 0xF79F, 0xEF9F, 0xF7BF, 0xE77F, 0x7DFE, 0x6DBE,
  0x75DE, 0x75DE, 0x75DE, 0x75DE, 0x6DBE, 0x75DE, 0x34FD, 0x0C5D, 0x147D, 0x147D, 0x043D, 0xB6BE, 0xFFDF, 0xEF9F,
  0xEF9F, 0xF7DF, 0xDEFC, 0xB5B7, 0xB5B7, 0xB5B7, 0xB5B7, 0xB5B7, 0xB5B7, 0xB5B7, 0xB5B7, 0xB5B7, 0xDEFC, 0xF7BF,
  0xEF9F, 0xF79F, 0xF79E, 0xEFBF, 0xF736, 0xFE20, 0xFE41, 0xFE21, 0xFE00, 0xF6AC, 0xF7BF, 0xEF9E, 0xF79F, 0xF79F,
  0xF79F, 0xF79F, 0xF79F, 0xF79F, 0xFFDF, 0xFFDF, 0xFFDF, 0xFFDF, 0xFFDF, 0xFFDF, 0xFFDF, 0xFFDF, 0x3D5B, 0x047B,
  0x149C, 0x0C7D, 0x1C9D, 0xDF5F, 0xF7BF, 0xEF9F, 0xF79F, 0xEF9F, 0xF7BF, 0xDEFC, 0xB5B7, 0xB5B7, 0xB5B7, 0xB5B7,
  0xB5D7, 0xB5B7, 0xB5B7, 0xDEFC, 0xF7DF, 0xEF9F, 0xF79F, 0xF79F, 0xF79F, 0xF79F, 0xF79D, 0xFE43, 0xF600, 0xEE01,
  0xDE01, 0xCE02, 0xEF7B, 0xF7BF, 0xEF9E, 0xF79F, 0xF79F, 0xF79F, 0xF79F, 0xF79F, 0xEF9F, 0xEF9F, 0xEF9F, 0xEF9F,
  0xEF9F, 0xE79F, 0xFFDF, 0x9E9C, 0x04B8, 0x0CD9, 0x0CDA, 0x047B, 0x4D7C, 0xFFBF, 0xEF9F, 0xF79F, 0xF79F, 0xF79F,
  0xEF9F, 0xF7DF, 0xDEFC, 0xB5B7, 0xB5B7, 0xB5D7, 0xB5B7, 0xB5B7, 0xDEFC, 0xF7DF, 0xEF9F, 0xF79F, 0xF79F, 0xF79F,
  0xF79F, 0xF79E, 0xF7BF, 0xEEAD, 0xD5E0, 0xCE02, 0xBE02, 0xADE1, 0xB669, 0xF7BF, 0xF79F, 0xEF9E, 0xF79F, 0xF79F,
  0xF79F, 0xF79F, 0xF79F, 0xF79F, 0xF79F, 0xF79F, 0xEF9F, 0xFFBF, 0xDF7E, 0x1D57, 0x0517, 0x0D18, 0x0CF8, 0x04B9,
  0xA6BD, 0xFFDF, 0xEF9F, 0xF79F, 0xF79F, 0xF79F, 0xF79F, 0xEF9F, 0xF7DF, 0xDEFC, 0xB5B7, 0xB5B7, 0xB5B7, 0xDEFC,
  0xF7DF, 0xEF9F, 0xF79F, 0xF79F, 0xF79F, 0xF79F, 0xF79F, 0xF79F, 0xF7BF, 0xEF7B, 0xB603, 0xA603, 0x9E03, 0x8E04,
  0x75E2, 0x9E8E, 0xFFBF, 0xFFBF, 0xEF9E, 0xEF9F, 0xEF9F, 0xEF9F, 0xEF9F, 0xEF9F, 0xEF9F, 0xEF9F, 0xFFBF, 0xE79E,
  0x35D6, 0x0534, 0x0D55, 0x0D36, 0x0516, 0x2D78, 0xF79F, 0xF79F, 0xF79F, 0xF79F, 0xF79F, 0xF79F, 0xF79F, 0xF79F,
  0xEF9F, 0xF7DF, 0xDEFC, 0xB5B7, 0xDEFC, 0xF7BF, 0xEF9F, 0xF79F, 0xF79F, 0xF79F, 0xF79F, 0xF79F, 0xF79F, 0xF79F,
  0xEF9E, 0xF7BF, 0xC6D1, 0x7DC1, 0x7E05, 0x6DE5, 0x5DE5, 0x45C4, 0x564D, 0xC75B, 0xFFBF, 0xFFBF, 0xF7BF, 0xF7BF,
  0xF7BF, 0xF7BF, 0xFFBF, 0xFFBF, 0xBF3B, 0x2DF1, 0x0591, 0x0593, 0x0573, 0x0D74, 0x0534, 0xAEFC, 0xFFBF, 0xEF9F,
  0xF79F, 0xF79F, 0xF79F, 0xF79F, 0xF79F, 0xF79F, 0xF79F, 0xEF9F, 0xF7BF, 0xDEFC, 0xF7BF, 0xEF9F, 0xF79F, 0xF79F,
  0xF79F, 0xF79F, 0xF79F, 0xF79F, 0xF79F, 0xF79F, 0xF79F, 0xF79F, 0xF7BF, 0x864B, 0x4DC4, 0x4DE6, 0x3DE6, 0x25E8,
  0x05C7, 0x05E8, 0x5E70, 0xAF18, 0xD77C, 0xE79E, 0xE79E, 0xD77C, 0xA718, 0x4E52, 0x05AD, 0x05AE, 0x05D0, 0x05B1,
  0x0DB2, 0x0571, 0x6E78, 0xFFDF, 0xEF9F, 0xF79F, 0xF79F, 0xF79F, 0xF79F, 0xF79F, 0xF79F, 0xF79F, 0xF79F, 0xF79F,
  0xEF9F, 0xF7BF, 0xEF9F, 0xF79F, 0xF79F, 0xF79F, 0xF79F, 0xF79F, 0xF79F, 0xF79F, 0xF79F, 0xF79F, 0xF79F, 0xEF9F,
  0xF7BF, 0xE79D, 0x562A, 0x15C5, 0x1DE8, 0x05E8, 0x05E8, 0x05E8, 0x05C6, 0x05C7, 0x05E8, 0x160A, 0x160A, 0x05EA,
  0x05AA, 0x05AB, 0x05CD, 0x05CE, 0x05AF, 0x0DB1, 0x0590, 0x4E56, 0xF7BF, 0xF79F, 0xEF9F, 0xF79F, 0xF79F, 0xF79F,
  0xF79F, 0xF79F, 0xF79F, 0xF79F, 0xF79F, 0xF79F, 0xF79F, 0xEF9F, 0xF79F, 0xF79F, 0xF79F, 0xF79F, 0xF79F, 0xF79F,
  0xF79F, 0xF79F, 0xF79F, 0xF79F, 0xF79F, 0xF79F, 0xEF9F, 0xF7BF, 0xE79D, 0x464D, 0x05C6, 0x05E8, 0x05E8, 0x05E8,
  0x05E8, 0x05E8, 0x05E8, 0x05C7, 0x05C8, 0x05C9, 0x05CB, 0x05CC, 0x05CD, 0x05CE, 0x05AF, 0x058F, 0x5E76, 0xF7BF,
  0xF7BF, 0xEF9F, 0xF79F, 0xF79F, 0xF79F, 0xF79F, 0xF79F, 0xF79F, 0xF79F, 0xF79F, 0xF79F, 0xF79F, 0xF79F, 0xF79F,
  0xF79F, 0xF79F, 0xF79F, 0xF79F, 0xF79F, 0xF79F, 0xF79F, 0xF79F, 0xF79F, 0xF79F, 0xF79F, 0xF79F, 0xF79F, 0xEF9F,
  0xF7BF, 0xF7BF, 0x7ED3, 0x0DE8, 0x05C6, 0x05C8, 0x05E8, 0x05E8, 0x05E8, 0x05E8, 0x05E8, 0x05E9, 0x05CA, 0x05CB,
  0x05AC, 0x058C, 0x15D0, 0x96D9, 0xFFBF, 0xF79F, 0xEF9F, 0xF79F, 0xF79F, 0xF79F, 0xF79F, 0xF79F, 0xF79F, 0xF79F,
  0xF79F, 0xF79F, 0xF79F, 0xF79F, 0xF79F, 0xF79F, 0xF79F, 0xF79F, 0xF79F, 0xF79F, 0xF79F, 0xF79F, 0xF79F, 0xF79F,
  0xF79F, 0xF79F, 0xF79F, 0xF79F, 0xF79F, 0xF79F, 0xEF9F, 0xF79F, 0xFFBF, 0xD77C, 0x6E91, 0x1E0A, 0x05C7, 0x05C6,
  0x05C6, 0x05C7, 0x05C7, 0x05C7, 0x05A8, 0x05CA, 0x260E, 0x7EB6, 0xDF7D, 0xFFBF, 0xEF9F, 0xEF9F, 0xF79F, 0xF79F,
  0xF79F, 0xF79F, 0xF79F, 0xF79F, 0xF79F, 0xF79F, 0xF79F, 0xF79F, 0xF79F, 0xF79F, 0xF79F, 0xF79F, 0xF79F, 0xF79F,
  0xF79F, 0xF79F, 0xF79F, 0xF79F, 0xF79F, 0xF79F, 0xF79F, 0xF79F, 0xF79F, 0xF79F, 0xF79F, 0xF79F, 0xF79F, 0xEF9F,
  0xEF9E, 0xFFBF, 0xFFBF, 0xE79D, 0xAF18, 0x7ED3, 0x5E90, 0x4E6F, 0x4E6F, 0x5E91, 0x86D5, 0xBF3A, 0xEF9E, 0xFFBF,
  0xF7BF, 0xEF9F, 0xF79F, 0xF79F, 0xF79F, 0xF79F, 0xF79F, 0xF79F, 0xF79F, 0xF79F, 0xF79F, 0xF79F, 0xF79F, 0xF79F,
  0xF79F, 0xF79F, 0xF79F, 0xF79F, 0xF79F, 0xF79F, 0xF79F, 0xF79F, 0xF79F, 0xF79F, 0xF79F, 0xF79F, 0xF79F, 0xF79F,
  0xF79F, 0xF79F, 0xF79F, 0xF79F, 0xF79F, 0xF79F, 0xF79F, 0xEF9F, 0xEF9E, 0xF7BF, 0xFFBF, 0xFFBF, 0xFFBF, 0xFFBF,
  0xFFBF, 0xFFBF, 0xFFBF, 0xFFBF, 0xF79F, 0xEF9F, 0xEF9F, 0xF79F, 0xF79F, 0xF79F, 0xF79F, 0xF79F, 0xF79F, 0xF79F,
  0xF79F, 0xF79F, 0xF79F, 0xF79F, 0xF79F, 0xF79F, 0xF79F, 0xF79F, 0xF79F, 0xF79F, 0xF79F, 0xF79F, 0xF79F, 0xF79F,
  0xF79F, 0xF79F, 0xF79F, 0xF79F, 0xF79F, 0xF79F, 0xF79F, 0xF79F, 0xF79F, 0xF79F, 0xF79F, 0xF79F, 0xF79F, 0xF79F,
  0xF79F, 0xEF9F, 0xEF9F, 0xEF9E, 0xEF9E, 0xF7BF, 0xF7BF, 0xEF9E, 0xEF9E, 0xEF9F, 0xEF9F, 0xF79F, 0xF79F, 0xF79F,
  0xF79F, 0xF79F, 0xF79F, 0xF79F, 0xF79F, 0xF79F, 0xF79F, 0xF79F, 0xF79F, 0xF79F, 0xF79F, 0xF79F, 0xF79F, 0xF79F,
  0xF79F, 0xF79F, 0xF79F, 0xF79F, 0xF79F, 0xF79F, 0xF79F, 0xF79F, 0xF79F, 0xF79F, 0xF79F, 0xF79F, 0xF79F, 0xF79F,
  0xF79F, 0xF79F, 0xF79F, 0xF79F, 0xF79F, 0xF79F, 0xF79F, 0xF79F, 0xF79F, 0xEF9F, 0xF7DF, 0xDEFC, 0xDEFC, 0xF7DF,
  0xEF9F, 0xF79F, 0xF79F, 0xF79F, 0xF79F, 0xF79F, 0xF79F, 0xF79F, 0xF79F, 0xF79F, 0xF79F, 0xF79F, 0xF79F, 0xF79F,
  0xF79F, 0xF79F, 0xF79F, 0xF79F, 0xF79F, 0xF79F, 0xF79F, 0xF79F, 0xF79F, 0xF79F, 0xF79F, 0xF79F, 0xF79F, 0xF79F,
  0xF79F, 0xF79F, 0xF79F, 0xF79F, 0xF79F, 0xF79F, 0xF79F, 0xF79F, 0xF79F, 0xF79F, 0xF79F, 0xF79F, 0xF79F, 0xF79F,
  0xEF9F, 0xF7DF, 0xDEFC, 0xB5B7, 0xB5B7, 0xDEFC, 0xF7DF, 0xEF9F, 0xF79F, 0xF79F, 0xF79F, 0xF79F, 0xF79F, 0xF79F,
  0xF79F, 0xF79F, 0xF79F, 0xF79F, 0xF79F, 0xF79F, 0xF79F, 0xF79F, 0xF79F, 0xF79F, 0xF79F, 0xF79F, 0xF79F, 0xF79F,
  0xF79F, 0xF79F, 0xF79F, 0xF79F, 0xF79F, 0xF79F, 0xF79F, 0xF79F, 0xF79F, 0xF79F, 0xF79F, 0xF79F, 0xF79F, 0xF79F,
  0xF79F, 0xF79F, 0xF79F, 0xF79F, 0xF79F, 0xEF9F, 0xF7DF, 0xDEFC, 0xB5B7, 0xB5B7, 0xB5B7, 0xB5B7, 0xDEFC, 0xF7DF,
  0xEF9F, 0xF79F, 0xF79F, 0xF79F, 0xF79F, 0xF79F, 0xF79F, 0xF79F, 0xF79F, 0xF79F, 0xF79F, 0xF79F, 0xF79F, 0xF79F,
  0xF79F, 0xF79F, 0xF79F, 0xF79F, 0xF79F, 0xF79F, 0xF79F, 0xF79F, 0xF79F, 0xF79F, 0xF79F, 0xF79F, 0xF79F, 0xF79F,
  0xF79F, 0xF79F, 0xF79F, 0xF79F, 0xF79F, 0xF79F, 0xF79F, 0xF79F, 0xF79F, 0xF79F, 0xEF9F, 0xF7DF, 0xDEFC, 0xB5B7,
  0xB5B7, 0xB5B7, 0xB5B7, 0xB5B7, 0xB5B7, 0xDEFC, 0xF7DF, 0xEF9F, 0xF79F, 0xF79F, 0xF79F, 0xF79F, 0xF79F, 0xF79F,
  0xF79F, 0xF79F, 0xF79F, 0xF79F, 0xF79F, 0xF79F, 0xF79F, 0xF79F, 0xF79F, 0xF79F, 0xF79F, 0xF79F, 0xF79F, 0xF79F,
  0xF79F, 0xF79F, 0xF79F, 0xF79F, 0xF79F, 0xF79F, 0xF79F, 0xF79F, 0xF79F, 0xF79F, 0xF79F, 0xF79F, 0xF79F, 0xF79F,
  0xF79F, 0xEF9F, 0xF7BF, 0xDEFC, 0xB5B7, 0xB5B7, 0xB5B7, 0xB5B7, 0xB5B7, 0xB5B7, 0xB5B7, 0xB5B7, 0xDEFC, 0xF7BF,
  0xEF9F, 0xF79F, 0xF79F, 0xF79F, 0xF79F, 0xF79F, 0xF79F, 0xF79F, 0xF79F, 0xF79F, 0xF79F, 0xF79F, 0xF79F, 0xF79F,
  0xF79F, 0xF79F, 0xF79F, 0xF79F, 0xF79F, 0xF79F, 0xF79F, 0xF79F, 0xF79F, 0xF79F, 0xF79F, 0xF79F, 0xF79F, 0xF79F,
  0xF79F, 0xF79F, 0xF79F, 0xF79F, 0xF79F, 0xF79F, 0xEF9F, 0xF7DF, 0xDEFC, 0xB5B7, 0xB5B7, 0xB5B7, 0xB5B7, 0xB5B7,
  0xB5B7, 0xB5B7, 0xB5B7, 0xB5B7, 0xB5B7, 0xDEFC, 0xF7DF, 0xEF9F, 0xF79F, 0xF79F, 0xF79F, 0xF79F, 0xF79F, 0xF79F,
  0xF79F, 0xF79F, 0xF79F, 0xF79F, 0xF79F, 0xF79F, 0xF79F, 0xF79F, 0xF79F, 0xF79F, 0xF79F, 0xF79F, 0xF79F, 0xF79F,
  0xF79F, 0xF79F, 0xF79F, 0xF79F, 0xF79F, 0xF79F, 0xF79F, 0xF79F, 0xF79F, 0xF79F, 0xF79F, 0xEF9F, 0xF7BF, 0xDEFC,
  0xB5B7, 0xB5B7, 0xB5B7, 0xB5B7, 0xB5B7, 0xB5B7, 0xB5B7, 0xB5B7, 0xB5B7, 0xB5B7, 0xB5B7, 0xB5B7, 0xDEFC, 0xF7BF,
  0xEF9F, 0xF79F, 0xF79F, 0xF79F, 0xF79F, 0xF79F, 0xF79F, 0xF79F, 0xF79F, 0xF79F, 0xF79F, 0xF79F, 0xF79F, 0xF79F,
  0xF79F, 0xF79F, 0xF79F, 0xF79F, 0xF79F, 0xF79F, 0xF79F, 0xF79F, 0xF79F, 0xF79F, 0xF79F, 0xF79F, 0xF79F, 0xF79F,
  0xF79F, 0xF79F, 0xEF9F, 0xF7BF, 0xDF1C, 0xB5B7, 0xB5B7, 0xB5B7, 0xB5B7, 0xB5B7, 0xB5B7, 0xB5B7, 0xB5B7, 0xB5B7,
  0xB5B7, 0xB5B7, 0xB5B7, 0xB5B7, 0xB5B7, 0xDF1C, 0xF7BF, 0xEF9F, 0xF79F, 0xF79F, 0xF79F, 0xF79F, 0xF79F, 0xF79F,
  0xF79F, 0xF79F, 0xF79F, 0xF79F, 0xF79F, 0xF79F, 0xF79F, 0xF79F,
};

const uint16_t logo_hoodx[2304] PROGMEM = {
  0xCFE0, 0xCFE0, 0xCFE0, 0xCFE0, 0xCFE0, 0xCFE0, 0xCFE0, 0xCFE0, 0xCFE0, 0xCFE0, 0xCFE0, 0xCFE0, 0xCFE0, 0xCFE0,
  0xCFE0, 0xCFE0, 0xAEA0, 0x63C0, 0x63E0, 0x6400, 0x6400, 0x6400, 0x6400, 0x6400, 0x6400, 0x6400, 0x6400, 0x6400,
  0x6400, 0x63E0, 0x63C0, 0xAEA0, 0xCFE0, 0xCFE0, 0xCFE0, 0xCFE0, 0xCFE0, 0xCFE0, 0xCFE0, 0xCFE0, 0xCFE0, 0xCFE0,
  0xCFE0, 0xCFE0, 0xCFE0, 0xCFE0, 0xCFE0, 0xCFE0, 0xCFE0, 0xCFE0, 0xCFE0, 0xCFE0, 0xCFE0, 0xCFE0, 0xCFE0, 0xCFE0,
  0xCFE0, 0xCFE0, 0xCFE0, 0xCFE0, 0xCFE0, 0xCFE0, 0xCFE0, 0xCFE0, 0xD7E0, 0xA680, 0x63C0, 0x63E0, 0x6400, 0x6400,
  0x6400, 0x6400, 0x6400, 0x6400, 0x6400, 0x6400, 0x63E0, 0x63C0, 0xA680, 0xD7E0, 0xCFE0, 0xCFE0, 0xCFE0, 0xCFE0,
  0xCFE0, 0xCFE0, 0xCFE0, 0xCFE0, 0xCFE0, 0xCFE0, 0xCFE0, 0xCFE0, 0xCFE0, 0xCFE0, 0xCFE0, 0xCFE0, 0xCFE0, 0xCFE0,
  0xCFE0, 0xCFE0, 0xCFE0, 0xCFE0, 0xCFE0, 0xCFE0, 0xCFE0, 0xCFE0, 0xCFE0, 0xCFE0, 0xCFE0, 0xCFE0, 0xCFE0, 0xCFE0,
  0xCFE0, 0xD7E0, 0xA680, 0x63C0, 0x6400, 0x6400, 0x6400, 0x6400, 0x6400, 0x6400, 0x6400, 0x6400, 0x63C0, 0xA680,
  0xD7E0, 0xCFE0, 0xCFE0, 0xCFE0, 0xCFE0, 0xCFE0, 0xCFE0, 0xCFE0, 0xCFE0, 0xCFE0, 0xCFE0, 0xCFE0, 0xCFE0, 0xCFE0,
  0xCFE0, 0xCFE0, 0xCFE0, 0xCFE0, 0xCFE0, 0xCFE0, 0xCFE0, 0xCFE0, 0xCFE0, 0xCFE0, 0xCFE0, 0xCFE0, 0xCFE0, 0xCFE0,
  0xCFE0, 0xCFE0, 0xCFE0, 0xCFE0, 0xCFE0, 0xCFE0, 0xCFE0, 0xCFE0, 0xD7E0, 0xA680, 0x63C0, 0x63E0, 0x6400, 0x6400,
  0x6400, 0x6400, 0x63E0, 0x63C0, 0xA680, 0xD7E0, 0xCFE0, 0xCFE0, 0xCFE0, 0xCFE0, 0xCFE0, 0xCFE0, 0xCFE0, 0xCFE0,
  0xCFE0, 0xCFE0, 0xCFE0, 0xCFE0, 0xCFE0, 0xCFE0, 0xCFE0, 0xCFE0, 0xCFE0, 0xCFE0, 0xCFE0, 0xCFE0, 0xCFE0, 0xCFE0,
  0xCFE0, 0xCFE0, 0xCFE0, 0xCFE0, 0xCFE0, 0xCFE0, 0xCFE0, 0xCFE0, 0xCFE0, 0xCFE0, 0xCFE0, 0xCFE0, 0xCFE0, 0xCFE0,
  0xCFE0, 0xD7E0, 0xA680, 0x63C0, 0x63E0, 0x6400, 0x6400, 0x63E0, 0x63C0, 0xA680, 0xD7E0, 0xCFE0, 0xCFE0, 0xCFE0,
  0xCFE0, 0xCFE0, 0xCFE0, 0xCFE0, 0xCFE0, 0xCFE0, 0xCFE0, 0xCFE0, 0xCFE0, 0xCFE0, 0xCFE0, 0xCFE0, 0xCFE0, 0xCFE0,
  0xCFE0, 0xCFE0, 0xCFE0, 0xCFE0, 0xCFE0, 0xCFE0, 0xCFE0, 0xCFE0, 0xCFE0, 0xCFE0, 0xCFE0, 0xCFE0, 0xCFE0, 0xCFE0,
  0xCFE0, 0xCFE0, 0xCFE0, 0xCFE0, 0xCFE0, 0xCFE0, 0xCFE0, 0xCFE0, 0xD7E0, 0xA680, 0x63C0, 0x6400, 0x6400, 0x63C0,
  0xA680, 0xD7E0, 0xCFE0, 0xCFE0, 0xCFE0, 0xCFE0, 0xCFE0, 0xCFE0, 0xCFE0, 0xCFE0, 0xCFE0, 0xCFE0, 0xCFE0, 0xCFE0,
  0xCFE0, 0xCFE0, 0xCFE0, 0xCFE0, 0xCFE0, 0xCFE0, 0xCFE0, 0xCFE0, 0xCFE0, 0xCFE0, 0xCFE0, 0xCFE0, 0xCFE0, 0xCFE0,
  0xCFE0, 0xCFE0, 0xCFE0, 0xCFE0, 0xCFE0, 0xCFE0, 0xCFE0, 0xCFE0, 0xCFE0, 0xCFE0, 0xCFE0, 0xCFE0, 0xCFE0, 0xCFE0,
  0xCFE0, 0xD7E0, 0xA680, 0x63C0, 0x63C0, 0xA680, 0xD7E0, 0xCFE0, 0xCFE0, 0xCFE0, 0xCFE0, 0xCFE0, 0xCFE0, 0xCFE0,
  0xCFE0, 0xCFE0, 0xCFE0, 0xCFE0, 0xCFE0, 0xCFE0, 0xCFE0, 0xCFE0, 0xCFE0, 0xCFE0, 0xCFE0, 0xCFE0, 0xCFE0, 0xCFE0,
  0xCFE0, 0xCFE0, 0xCFE0, 0xCFE0, 0xCFE0, 0xCFE0, 0xCFE0, 0xCFE0, 0xCFE0, 0xCFE0, 0xCFE0, 0xCFE0, 0xCFE0, 0xCFE0,
  0xCFE0, 0xCFE0, 0xCFE0, 0xCFE0, 0xCFE0, 0xCFE0, 0xCFE0, 0xCFE0, 0xD7E0, 0xA660, 0xA660, 0xD7E0, 0xCFE0, 0xCFE0,
  0xCFE0, 0xCFE0, 0xCFE0, 0xCFE0, 0xCFE0, 0xCFE0, 0xCFE0, 0xCFE0, 0xCFE0, 0xCFE0, 0xCFE0, 0xCFE0, 0xCFE0, 0xCFE0,
  0xCFE0, 0xCFE0, 0xCFE0, 0xCFE0, 0xCFE0, 0xCFE0, 0xCFE0, 0xCFE0, 0xCFE0, 0xCFE0, 0xCFE0, 0xCFE0, 0xCFE0, 0xCFE0,
  0xCFE0, 0xCFE0, 0xCFE0, 0xCFE0, 0xCFE0, 0xCFE0, 0xCFE0, 0xCFE0, 0xCFE0, 0xCFE0, 0xCFE0, 0xCFE0, 0xCFE0, 0xCFE0,
  0xCFE0, 0xCFE0, 0xCFE0, 0xCFE0, 0xCFE0, 0xCFE0, 0xD7E0, 0xD7E0, 0xD7E0, 0xD7E0, 0xD7E0, 0xCFE0, 0xCFE0, 0xCFE0,
  0xCFE0, 0xCFE0, 0xCFE0, 0xCFE0, 0xCFE0, 0xCFE0, 0xCFE0, 0xCFE0, 0xCFE0, 0xCFE0, 0xCFE0, 0xCFE0, 0xCFE0, 0xCFE0,
  0xCFE0, 0xCFE0, 0xCFE0, 0xCFE0, 0xCFE0, 0xCFE0, 0xCFE0, 0xCFE0, 0xCFE0, 0xCFE0, 0xCFE0, 0xCFE0, 0xCFE0, 0xCFE0,
  0xCFE0, 0xCFE0, 0xCFE0, 0xCFE0, 0xCFE0, 0xCFE0, 0xCFE0, 0xCFE0, 0xCFE0, 0xCFE0, 0xD7E0, 0xBF60, 0x9E00, 0x8D40,
  0x84E0, 0x8D20, 0x9DE0, 0xC760, 0xCFE0, 0xCFE0, 0xCFE0, 0xCFE0, 0xCFE0, 0xCFE0, 0xCFE0, 0xCFE0, 0xCFE0, 0xCFE0,
  0xCFE0, 0xCFE0, 0xCFE0, 0xCFE0, 0xCFE0, 0xCFE0, 0xCFE0, 0xCFE0, 0xCFE0, 0xCFE0, 0xCFE0, 0xCFE0, 0xCFE0, 0xCFE0,
  0xCFE0, 0xCFE0, 0xCFE0, 0xCFE0, 0xCFE0, 0xCFE0, 0xCFE0, 0xCFE0, 0xCFE0, 0xCFE0, 0xCFE0, 0xCFE0, 0xCFE0, 0xCFE0,
  0xCFE0, 0xD7E0, 0x7440, 0x2101, 0x1081, 0x1041, 0x1041, 0x1041, 0x1061, 0x2100, 0xA620, 0xD7E0, 0xCFE0, 0xCFE0,
  0xCFE0, 0xCFE0, 0xCFE0, 0xCFE0, 0xCFE0, 0xCFE0, 0xCFE0, 0xCFE0, 0xCFE0, 0xCFE0, 0xCFE0, 0xCFE0, 0xCFE0, 0xCFE0,
  0xCFE0, 0xCFE0, 0xCFE0, 0xCFE0, 0xCFE0, 0xCFE0, 0xCFE0, 0xCFE0, 0xCFE0, 0xCFE0, 0xCFE0, 0xCFE0, 0xCFE0, 0xCFE0,
  0xCFE0, 0xCFE0, 0xCFE0, 0xCFE0, 0xCFE0, 0xCFE0, 0xCFE0, 0x5B20, 0x0801, 0x18A1, 0x18C1, 0x18C1, 0x18C1, 0x18C1,
  0x20E1, 0x0821, 0x4A80, 0xD7E0, 0xCFE0, 0xCFE0, 0xCFE0, 0xCFE0, 0xCFE0, 0xCFE0, 0xCFE0, 0xCFE0, 0xCFE0, 0xCFE0,
  0xCFE0, 0xCFE0, 0xCFE0, 0xCFE0, 0xCFE0, 0xCFE0, 0xCFE0, 0xCFE0, 0xCFE0, 0xCFE0, 0xCFE0, 0xCFE0, 0xCFE0, 0xCFE0,
  0xCFE0, 0xCFE0, 0xCFE0, 0xCFE0, 0xCFE0, 0xCFE0, 0xCFE0, 0xCFE0, 0xCFE0, 0xCFE0, 0xCFE0, 0xCFC0, 0x52C1, 0x1041,
  0x20E1, 0x18E1, 0x18C1, 0x18C1, 0x18C1, 0x18C1, 0x18C1, 0x18A1, 0x2921, 0xBF60, 0xCFE0, 0xCFE0, 0xCFE0, 0xCFE0,
  0xCFE0, 0xCFE0, 0xCFE0, 0xCFE0, 0xCFE0, 0xCFE0, 0xCFE0, 0xCFE0, 0xCFE0, 0xCFE0, 0xCFE0, 0xCFE0, 0xCFE0, 0xCFE0,
  0xCFE0, 0xCFE0, 0xCFE0, 0xCFE0, 0xCFE0, 0xCFE0, 0xCFE0, 0xCFE0, 0xCFE0, 0xCFE0, 0xCFE0, 0xCFE0, 0xCFE0, 0xCFE0,
  0xCFE0, 0xCFE0, 0xC740, 0x4240, 0x0801, 0x1881, 0x1061, 0x1061, 0x1061, 0x18A1, 0x18C1, 0x18C1, 0x18C1, 0x18A1,
  0x20C1, 0xB6C0, 0xCFE0, 0xCFE0, 0xCFE0, 0xCFE0, 0xCFE0, 0xCFE0, 0xCFE0, 0xCFE0, 0xCFE0, 0xCFE0, 0xCFE0, 0xCFE0,
  0xCFE0, 0xCFE0, 0xCFE0, 0xCFE0, 0xCFE0, 0xCFE0, 0xCFE0, 0xCFE0, 0xCFE0, 0xCFE0, 0xCFE0, 0xCFE0, 0xCFE0, 0xCFE0,
  0xCFE0, 0xCFE0, 0xCFE0, 0xCFE0, 0xCFE0, 0xCFE0, 0xCFC0, 0xD7E0, 0x84A1, 0x39A2, 0x4A81, 0x4A41, 0x4A61, 0x4A41,
  0x4A42, 0x2942, 0x1881, 0x18C1, 0x18C1, 0x18C1, 0x20C1, 0xAEC0, 0xD7E0, 0xCFE0, 0xCFE0, 0xCFE0, 0xCFE0, 0xCFE0,
  0xCFE0, 0xCFE0, 0xCFE0, 0xCFE0, 0xCFE0, 0xCFE0, 0xCFE0, 0xCFE0, 0xCFE0, 0xCFE0, 0xCFE0, 0xCFE0, 0xCFE0, 0xCFE0,
  0xCFE0, 0xCFE0, 0xCFE0, 0xCFE0, 0xCFE0, 0xCFE0, 0xCFE0, 0xCFE0, 0xCFE0, 0xCFE0, 0xCFE0, 0xCFE0, 0xCFE0, 0xC7C0,
  0xC7A0, 0xCFE0, 0xC7C0, 0xCFE0, 0xC7C0, 0xCFC0, 0xDFE0, 0x9E00, 0x1861, 0x18C1, 0x18C1, 0x18A1, 0x20E1, 0xB700,
  0xCFE0, 0xCFE0, 0xCFE0, 0xCFE0, 0xCFE0, 0xCFE0, 0xCFE0, 0xCFE0, 0xCFE0, 0xCFE0, 0xCFE0, 0xCFE0, 0xAEA0, 0xD7E0,
  0xCFE0, 0xCFE0, 0xCFE0, 0xCFE0, 0xCFE0, 0xCFE0, 0xCFE0, 0xCFE0, 0xCFE0, 0xCFE0, 0xCFE0, 0xCFE0, 0xCFE0, 0xCFE0,
  0xCFE0, 0xCFE0, 0xC7C0, 0xD7E0, 0x84C0, 0x2941, 0x31A1, 0x2981, 0x31A1, 0x2961, 0x31C1, 0xB720, 0xDFE0, 0xA680,
  0x18A1, 0x18C1, 0x18C1, 0x1881, 0x3161, 0xC7C0, 0xCFE0, 0xCFE0, 0xCFE0, 0xCFE0, 0xCFE0, 0xCFE0, 0xCFE0, 0xCFE0,
  0xCFE0, 0xCFE0, 0xD7E0, 0xAEA0, 0x63C0, 0xA680, 0xD7E0, 0xCFE0, 0xCFE0, 0xCFE0, 0xCFE0, 0xCFE0, 0xCFE0, 0xCFE0,
  0xCFE0, 0xCFE0, 0xCFE0, 0xCFE0, 0xCFE0, 0xCFE0, 0xCFE0, 0xC7E0, 0xD7E0, 0x9DE0, 0x1061, 0x1081, 0x1881, 0x1881,
  0x1881, 0x1041, 0x9DC0, 0xC7A0, 0xAE60, 0xAEA0, 0x1881, 0x18C1, 0x20E1, 0x1001, 0x84E0, 0xD7E0, 0xCFE0, 0xCFE0,
  0xCFE0, 0xCFE0, 0xCFE0, 0xCFE0, 0xCFE0, 0xCFE0, 0xCFE0, 0xD7E0, 0xA680, 0x63C0, 0x63E0, 0x63C0, 0xA680, 0xD7E0,
  0xCFE0, 0xCFE0, 0xCFE0, 0xCFE0, 0xCFE0, 0xCFE0, 0xCFE0, 0xCFE0, 0xCFE0, 0xCFE0, 0xCFE0, 0xCFE0, 0xCFE0, 0xD7E0,
  0xB6E0, 0x20E1, 0x18A1, 0x18E1, 0x18C1, 0x18E1, 0x1021, 0x8D20, 0xE7E0, 0x4A80, 0x6BC1, 0xB700, 0x1061, 0x20E1,
  0x1022, 0x5B01, 0xD7E0, 0xCFE0, 0xCFE0, 0xCFE0, 0xCFE0, 0xCFE0, 0xCFE0, 0xCFE0, 0xCFE0, 0xCFE0, 0xD7E0, 0xA680,
  0x63C0, 0x63E0, 0x6400, 0x63E0, 0x63C0, 0xA680, 0xD7E0, 0xCFE0, 0xCFE0, 0xCFE0, 0xCFE0, 0xCFE0, 0xCFE0, 0xCFE0,
  0xCFE0, 0xCFE0, 0xCFE0, 0xCFE0, 0xCFE0, 0xCFA0, 0x39E1, 0x1061, 0x18E1, 0x18A1, 0x18E1, 0x1022, 0x6BE0, 0xE7E0,
  0x7440, 0x0001, 0x7C81, 0xB6E0, 0x1881, 0x1861, 0x39A1, 0xC780, 0xCFE0, 0xCFE0, 0xCFE0, 0xCFE0, 0xCFE0, 0xCFE0,
  0xCFE0, 0xCFE0, 0xCFE0, 0xD7E0, 0xA680, 0x63C0, 0x63E0, 0x6400, 0x6400, 0x6400, 0x63E0, 0x63C0, 0xA680, 0xD7E0,
  0xCFE0, 0xCFE0, 0xCFE0, 0xCFE0, 0xCFE0, 0xCFE0, 0xCFE0, 0xCFE0, 0xCFE0, 0xCFE0, 0xD7E0, 0x5B20, 0x1021, 0x20E1,
  0x18A1, 0x18E1, 0x1042, 0x4A81, 0xDFE0, 0x9580, 0x1061, 0x1041, 0x7C61, 0xB700, 0x1861, 0x20A1, 0xAEA0, 0xD7E0,
  0xCFE0, 0xCFE0, 0xCFE0, 0xCFE0, 0xCFE0, 0xCFE0, 0xCFE0, 0xCFE0, 0xD7E0, 0xA680, 0x63C0, 0x63E0, 0x6400, 0x6400,
  0x6400, 0x6400, 0x6400, 0x6400, 0x63C0, 0xA680, 0xD7E0, 0xCFE0, 0xCFE0, 0xCFE0, 0xCFE0, 0xCFE0, 0xCFE0, 0xCFE0,
  0xCFE0, 0xD7E0, 0x7C80, 0x1021, 0x18E1, 0x18C1, 0x18C1, 0x1881, 0x2921, 0xC760, 0xB6E0, 0x20C1, 0x18C1, 0x1021,
  0x7C61, 0xB700, 0x1001, 0x8D20, 0xD7E0, 0xC7C0, 0xCFE0, 0xCFE0, 0xCFE0, 0xCFE0, 0xCFE0, 0xCFE0, 0xCFE0, 0xD7E0,
  0xA680, 0x63C0, 0x6400, 0x6400, 0x6400, 0x6400, 0x6400, 0x6400, 0x6400, 0x6400, 0x63E0, 0x63C0, 0xA680, 0xD7E0,
  0xCFE0, 0xCFE0, 0xCFE0, 0xCFE0, 0xCFE0, 0xCFE0, 0xCFE0, 0xB720, 0x20C1, 0x18A1, 0x18C1, 0x18C1, 0x18C1, 0x1841,
  0x9DE0, 0xD7E0, 0x3A01, 0x1061, 0x2101, 0x1021, 0x7C61, 0xA680, 0x6341, 0xD7E0, 0xCFE0, 0xCFE0, 0xCFE0, 0xCFE0,
  0xCFE0, 0xCFE0, 0xCFE0, 0xCFE0, 0xD7E0, 0xA680, 0x63C0, 0x63E0, 0x6400, 0x6400, 0x6400, 0x6400, 0x6400, 0x6400,
  0x6400, 0x6400, 0x6400, 0x6400, 0x63C0, 0xA660, 0xCFE0, 0xCFE0, 0xCFE0, 0xCFE0, 0xCFE0, 0xCFE0, 0xD7E0, 0x9DE0,
  0x1061, 0x18C1, 0x18A1, 0x18E1, 0x1021, 0x63A0, 0xE7E0, 0x6BE0, 0x0821, 0x20E1, 0x18C1, 0x1021, 0x7421, 0xCFC0,
  0xC7C0, 0xCFE0, 0xCFE0, 0xCFE0, 0xCFE0, 0xCFE0, 0xCFE0, 0xCFE0, 0xCFE0, 0xCFE0, 0xA660, 0x63C0, 0x6400, 0x6400,
  0x6400, 0x6400, 0x6400, 0x6400, 0x6400, 0x6400, 0x6400, 0x6400, 0x6400, 0x6400, 0x63C0, 0xA660, 0xCFE0, 0xCFE0,
  0xCFE0, 0xCFE0, 0xCFE0, 0xCFE0, 0xD7E0, 0x9DE0, 0x1061, 0x18C1, 0x18C1, 0x1882, 0x3181, 0xCFC0, 0xA620, 0x1061,
  0x18C1, 0x18C1, 0x18E1, 0x1022, 0x6BE1, 0xDFE0, 0xCFE0, 0xCFE0, 0xCFE0, 0xCFE0, 0xCFE0, 0xCFE0, 0xCFE0, 0xCFE0,
  0xCFE0, 0xCFE0, 0xA660, 0x63C0, 0x6400, 0x6400, 0x6400, 0x6400, 0x6400, 0x6400, 0x6400, 0x6400, 0x6400, 0x6400,
  0x63E0, 0x63C0, 0xA680, 0xD7E0, 0xCFE0, 0xCFE0, 0xCFE0, 0xCFE0, 0xCFE0, 0xCFE0, 0xD7E0, 0x9DE0, 0x1061, 0x18C1,
  0x18C1, 0x1041, 0x9DE0, 0xD7C0, 0x31A1, 0x1061, 0x18C1, 0x18C1, 0x18E1, 0x1021, 0x8D40, 0xD7E0, 0xCFC0, 0xCFE0,
  0xCFE0, 0xCFE0, 0xCFE0, 0xCFE0, 0xCFE0, 0xCFE0, 0xCFE0, 0xCFE0, 0xD7E0, 0xA680, 0x63C0, 0x63E0, 0x6400, 0x6400,
  0x6400, 0x6400, 0x6400, 0x6400, 0x6400, 0x6400, 0x63C0, 0xA680, 0xD7E0, 0xCFE0, 0xCFE0, 0xCFE0, 0xCFE0, 0xCFE0,
  0xCFE0, 0xCFE0, 0xD7E0, 0x9DE0, 0x1061, 0x20E1, 0x1041, 0x5301, 0xE7E0, 0x6C00, 0x0821, 0x20E1, 0x18C1, 0x18C1,
  0x1042, 0x4A41, 0xCFE0, 0xCFE0, 0xCFE0, 0xCFE0, 0xCFE0, 0xCFE0, 0xCFE0, 0xCFE0, 0xCFE0, 0xCFE0, 0xCFE0, 0xCFE0,
  0xCFE0, 0xD7E0, 0xA680, 0x63C0, 0x6400, 0x6400, 0x6400, 0x6400, 0x6400, 0x6400, 0x63E0, 0x63C0, 0xA680, 0xD7E0,
  0xCFE0, 0xCFE0, 0xCFE0, 0xCFE0, 0xCFE0, 0xCFE0, 0xCFE0, 0xCFE0, 0xD7E0, 0x9DE0, 0x1061, 0x18C1, 0x20C1, 0xBF20,
  0xB6C0, 0x1881, 0x18C1, 0x18C1, 0x18C1, 0x18C1, 0x1881, 0xAE80, 0xD7E0, 0xCFE0, 0xCFE0, 0xCFE0, 0xCFE0, 0xCFE0,
  0xCFE0, 0xCFE0, 0xCFE0, 0xCFE0, 0xCFE0, 0xCFE0, 0xCFE0, 0xCFE0, 0xD7E0, 0xA680, 0x63C0, 0x63E0, 0x6400, 0x6400,
  0x6400, 0x63E0, 0x63C0, 0xA680, 0xD7E0, 0xCFE0, 0xCFE0, 0xCFE0, 0xCFE0, 0xCFE0, 0xCFE0, 0xCFE0, 0xCFE0, 0xCFE0,
  0xD7E0, 0x9E00, 0x1881, 0x1021, 0x7420, 0xDFE0, 0x4AA0, 0x1041, 0x18E1, 0x18C1, 0x20E1, 0x1021, 0x6BC0, 0xD7E0,
  0xC7E0, 0xCFE0, 0xCFE0, 0xCFE0, 0xCFE0, 0xCFE0, 0xCFE0, 0xCFE0, 0xCFE0, 0xCFE0, 0xCFE0, 0xCFE0, 0xCFE0, 0xCFE0,
  0xCFE0, 0xD7E0, 0xA680, 0x63C0, 0x63E0, 0x6400, 0x63E0, 0x63C0, 0xA680, 0xD7E0, 0xCFE0, 0xCFE0, 0xCFE0, 0xCFE0,
  0xCFE0, 0xCFE0, 0xCFE0, 0xCFE0, 0xCFE0, 0xCFC0, 0xD7E0, 0x8D60, 0x1021, 0x2941, 0xCFA0, 0x9DE0, 0x1041, 0x20E1,
  0x18E1, 0x18C1, 0x1022, 0x2941, 0xC780, 0xCFE0, 0xCFE0, 0xCFE0, 0xCFE0, 0xCFE0, 0xCFE0, 0xCFE0, 0xCFE0, 0xCFE0,
  0xCFE0, 0xCFE0, 0xCFE0, 0xCFE0, 0xCFE0, 0xCFE0, 0xCFE0, 0xCFE0, 0xD7E0, 0xA680, 0x63C0, 0x63E0, 0x63C0, 0xA680,
  0xD7E0, 0xCFE0, 0xCFE0, 0xCFE0, 0xCFE0, 0xCFE0, 0xCFE0, 0xCFE0, 0xCFE0, 0xCFE0, 0xCFE0, 0xCFE0, 0xD7E0, 0x5300,
  0x0001, 0x84C0, 0xDFE0, 0x39E0, 0x1061, 0x1062, 0x1022, 0x20C2, 0x4221, 0xA640, 0xD7E0, 0xCFE0, 0xCFE0, 0xCFE0,
  0xCFE0, 0xCFE0, 0xCFE0, 0xCFE0, 0xCFE0, 0xCFE0, 0xCFE0, 0xCFE0, 0xCFE0, 0xCFE0, 0xCFE0, 0xCFE0, 0xCFE0, 0xCFE0,
  0xCFE0, 0xD7E0, 0xA680, 0x63C0, 0xAEA0, 0xD7E0, 0xCFE0, 0xCFE0, 0xCFE0, 0xCFE0, 0xCFE0, 0xCFE0, 0xCFE0, 0xCFE0,
  0xCFE0, 0xCFE0, 0xCFE0, 0xCFE0, 0xBF40, 0x20C1, 0x2921, 0xCFC0, 0x7CC0, 0x0002, 0x2922, 0x52A1, 0x84C1, 0xB6C0,
  0xCFE0, 0xD7E0, 0xCFE0, 0xCFE0, 0xCFE0, 0xCFE0, 0xCFE0, 0xCFE0, 0xCFE0, 0xCFE0, 0xCFE0, 0xCFE0, 0xCFE0, 0xCFE0,
  0xCFE0, 0xCFE0, 0xCFE0, 0xCFE0, 0xCFE0, 0xCFE0, 0xCFE0, 0xCFE0, 0xD7E0, 0xAEA0, 0xCFE0, 0xCFE0, 0xCFE0, 0xCFE0,
  0xCFE0, 0xCFE0, 0xCFE0, 0xCFE0, 0xCFE0, 0xCFE0, 0xCFE0, 0xCFE0, 0xCFC0, 0xD7E0, 0x8D40, 0x0001, 0x7CA0, 0xDFE0,
  0x7420, 0x8D21, 0xBF40, 0xD7E0, 0xD7E0, 0xCFE0, 0xCFE0, 0xCFE0, 0xCFE0, 0xCFE0, 0xCFE0, 0xCFE0, 0xCFE0, 0xCFE0,
  0xCFE0, 0xCFE0, 0xCFE0, 0xCFE0, 0xCFE0, 0xCFE0, 0xCFE0, 0xCFE0, 0xCFE0, 0xCFE0, 0xCFE0, 0xCFE0, 0xCFE0, 0xCFE0,
  0xCFE0, 0xCFE0, 0xCFE0, 0xCFE0, 0xCFE0, 0xCFE0, 0xCFE0, 0xCFE0, 0xCFE0, 0xCFE0, 0xCFE0, 0xCFE0, 0xCFE0, 0xCFE0,
  0xCFE0, 0xD7E0, 0x4A80, 0x20C1, 0xC780, 0xCFE0, 0xD7E0, 0xD7E0, 0xCFE0, 0xCFE0, 0xCFC0, 0xCFE0, 0xCFE0, 0xCFE0,
  0xCFE0, 0xCFE0, 0xCFE0, 0xCFE0, 0xCFE0, 0xCFE0, 0xCFE0, 0xCFE0, 0xCFE0, 0xCFE0, 0xCFE0, 0xCFE0, 0xCFE0, 0xCFE0,
  0xCFE0, 0xCFE0, 0xCFE0, 0xCFE0, 0xCFE0, 0xCFE0, 0xCFE0, 0xCFE0, 0xCFE0, 0xCFE0, 0xCFE0, 0xCFE0, 0xCFE0, 0xCFE0,
  0xCFE0, 0xCFE0, 0xCFE0, 0xCFE0, 0xCFE0, 0xCFE0, 0xCFE0, 0xBF40, 0x1861, 0x6BE0, 0xD7E0, 0xCFC0, 0xCFE0, 0xCFE0,
  0xCFE0, 0xCFE0, 0xCFE0, 0xCFE0, 0xCFE0, 0xCFE0, 0xCFE0, 0xCFE0, 0xCFE0, 0xCFE0, 0xCFE0, 0xCFE0, 0xCFE0, 0xCFE0,
  0xCFE0, 0xCFE0, 0xCFE0, 0xCFE0, 0xCFE0, 0xCFE0, 0xCFE0, 0xCFE0, 0xCFE0, 0xCFE0, 0xCFE0, 0xCFE0, 0xCFE0, 0xCFE0,
  0xCFE0, 0xCFE0, 0xCFE0, 0xCFE0, 0xCFE0, 0xCFE0, 0xCFE0, 0xCFE0, 0xCFE0, 0xCFE0, 0xCFE0, 0xCFC0, 0xD7E0, 0x8520,
  0x1020, 0xB700, 0xCFE0, 0xCFE0, 0xCFE0, 0xCFE0, 0xCFE0, 0xCFE0, 0xCFE0, 0xCFE0, 0xCFE0, 0xCFE0, 0xCFE0, 0xCFE0,
  0xCFE0, 0xCFE0, 0xCFE0, 0xCFE0, 0xCFE0, 0xCFE0, 0xCFE0, 0xCFE0, 0xCFE0, 0xCFE0, 0xCFE0, 0xCFE0, 0xCFE0, 0xCFE0,
  0xCFE0, 0xCFE0, 0xCFE0, 0xCFE0, 0xCFE0, 0xCFE0, 0xCFE0, 0xCFE0, 0xCFE0, 0xCFE0, 0xCFE0, 0xCFE0, 0xCFE0, 0xCFE0,
  0xCFE0, 0xCFE0, 0xCFE0, 0xCFE0, 0xD7E0, 0x4A80, 0x4A60, 0xD7E0, 0xCFE0, 0xCFE0, 0xCFE0, 0xCFE0, 0xCFE0, 0xCFE0,
  0xCFE0, 0xCFE0, 0xCFE0, 0xCFE0, 0xCFE0, 0xCFE0, 0xCFE0, 0xCFE0, 0xCFE0, 0xCFE0, 0xCFE0, 0xCFE0, 0xCFE0, 0xCFE0,
  0xCFE0, 0xCFE0, 0xCFE0, 0xCFE0, 0xCFE0, 0xCFE0, 0xCFE0, 0xCFE0, 0xCFE0, 0xCFE0, 0xCFE0, 0xCFE0, 0xCFE0, 0xCFE0,
  0xCFE0, 0xCFE0, 0xCFE0, 0xCFE0, 0xCFE0, 0xCFE0, 0xCFE0, 0xCFE0, 0xCFE0, 0xCFE0, 0xBF60, 0x1860, 0x95C0, 0xD7E0,
  0xCFE0, 0xCFE0, 0xCFE0, 0xCFE0, 0xCFE0, 0xCFE0, 0xCFE0, 0xCFE0, 0xCFE0, 0xCFE0, 0xCFE0, 0xCFE0, 0xCFE0, 0xCFE0,
  0xCFE0, 0xCFE0, 0xCFE0, 0xCFE0, 0xCFE0, 0xCFE0, 0xCFE0, 0xCFE0, 0xCFE0, 0xCFE0, 0xCFE0, 0xCFE0, 0xCFE0, 0xCFE0,
  0xCFE0, 0xCFE0, 0xCFE0, 0xCFE0, 0xCFE0, 0xCFE0, 0xCFE0, 0xCFE0, 0xCFE0, 0xCFE0, 0xCFE0, 0xCFE0, 0xCFE0, 0xCFE0,
  0xCFE0, 0xCFE0, 0xBF60, 0x8D20, 0xC7E0, 0xCFE0, 0xCFE0, 0xCFE0, 0xCFE0, 0xCFE0, 0xCFE0, 0xCFE0, 0xCFE0, 0xCFE0,
  0xCFE0, 0xCFE0, 0xCFE0, 0xCFE0, 0xCFE0, 0xCFE0, 0xCFE0, 0xCFE0, 0xCFE0, 0xCFE0, 0xCFE0, 0xCFE0, 0xCFE0, 0xCFE0,
  0xCFE0, 0xCFE0, 0xCFE0, 0xCFE0, 0xCFE0, 0xCFE0, 0xCFE0, 0xCFE0, 0xCFE0, 0xCFE0, 0xCFE0, 0xCFE0, 0xCFE0, 0xCFE0,
  0xCFE0, 0xCFE0, 0xCFE0, 0xCFE0, 0xCFE0, 0xCFE0, 0xCFE0, 0xCFE0, 0xCFE0, 0xD7E0, 0xCFE0, 0xCFE0, 0xCFE0, 0xCFE0,
  0xCFE0, 0xCFE0, 0xCFE0, 0xCFE0, 0xCFE0, 0xCFE0, 0xCFE0, 0xCFE0, 0xCFE0, 0xCFE0, 0xCFE0, 0xCFE0, 0xCFE0, 0xCFE0,
  0xCFE0, 0xCFE0, 0xCFE0, 0xCFE0, 0xCFE0, 0xCFE0, 0xCFE0, 0xCFE0, 0xCFE0, 0xCFE0, 0xCFE0, 0xCFE0, 0xCFE0, 0xCFE0,
  0xCFE0, 0xCFE0, 0xCFE0, 0xCFE0, 0xCFE0, 0xCFE0, 0xCFE0, 0xCFE0, 0xCFE0, 0xCFE0, 0xCFE0, 0xCFE0, 0xCFE0, 0xCFE0,
  0xCFE0, 0xCFE0, 0xCFE0, 0xCFE0, 0xCFE0, 0xCFE0, 0xCFE0, 0xCFE0, 0xCFE0, 0xCFE0, 0xD7E0, 0xA660, 0xA660, 0xD7E0,
  0xCFE0, 0xCFE0, 0xCFE0, 0xCFE0, 0xCFE0, 0xCFE0, 0xCFE0, 0xCFE0, 0xCFE0, 0xCFE0, 0xCFE0, 0xCFE0, 0xCFE0, 0xCFE0,
  0xCFE0, 0xCFE0, 0xCFE0, 0xCFE0, 0xCFE0, 0xCFE0, 0xCFE0, 0xCFE0, 0xCFE0, 0xCFE0, 0xCFE0, 0xCFE0, 0xCFE0, 0xCFE0,
  0xCFE0, 0xCFE0, 0xCFE0, 0xCFE0, 0xCFE0, 0xCFE0, 0xCFE0, 0xCFE0, 0xCFE0, 0xCFE0, 0xCFE0, 0xCFE0, 0xCFE0, 0xCFE0,
  0xCFE0, 0xD7E0, 0xA680, 0x63C0, 0x63C0, 0xA680, 0xD7E0, 0xCFE0, 0xCFE0, 0xCFE0, 0xCFE0, 0xCFE0, 0xCFE0, 0xCFE0,
  0xCFE0, 0xCFE0, 0xCFE0, 0xCFE0, 0xCFE0, 0xCFE0, 0xCFE0, 0xCFE0, 0xCFE0, 0xCFE0, 0xCFE0, 0xCFE0, 0xCFE0, 0xCFE0,
  0xCFE0, 0xCFE0, 0xCFE0, 0xCFE0, 0xCFE0, 0xCFE0, 0xCFE0, 0xCFE0, 0xCFE0, 0xCFE0, 0xCFE0, 0xCFE0, 0xCFE0, 0xCFE0,
  0xCFE0, 0xCFE0, 0xCFE0, 0xCFE0, 0xCFE0, 0xCFE0, 0xD7E0, 0xA680, 0x63C0, 0x6400, 0x6400, 0x63C0, 0xA680, 0xD7E0,
  0xCFE0, 0xCFE0, 0xCFE0, 0xCFE0, 0xCFE0, 0xCFE0, 0xCFE0, 0xCFE0, 0xCFE0, 0xCFE0, 0xCFE0, 0xCFE0, 0xCFE0, 0xCFE0,
  0xCFE0, 0xCFE0, 0xCFE0, 0xCFE0, 0xCFE0, 0xCFE0, 0xCFE0, 0xCFE0, 0xCFE0, 0xCFE0, 0xCFE0, 0xCFE0, 0xCFE0, 0xCFE0,
  0xCFE0, 0xCFE0, 0xCFE0, 0xCFE0, 0xCFE0, 0xCFE0, 0xCFE0, 0xCFE0, 0xCFE0, 0xCFE0, 0xCFE0, 0xD7E0, 0xA680, 0x63C0,
  0x63E0, 0x6400, 0x6400, 0x63E0, 0x63C0, 0xA680, 0xD7E0, 0xCFE0, 0xCFE0, 0xCFE0, 0xCFE0, 0xCFE0, 0xCFE0, 0xCFE0,
  0xCFE0, 0xCFE0, 0xCFE0, 0xCFE0, 0xCFE0, 0xCFE0, 0xCFE0, 0xCFE0, 0xCFE0, 0xCFE0, 0xCFE0, 0xCFE0, 0xCFE0, 0xCFE0,
  0xCFE0, 0xCFE0, 0xCFE0, 0xCFE0, 0xCFE0, 0xCFE0, 0xCFE0, 0xCFE0, 0xCFE0, 0xCFE0, 0xCFE0, 0xCFE0, 0xCFE0, 0xCFE0,
  0xCFE0, 0xCFE0, 0xD7E0, 0xA680, 0x63C0, 0x63E0, 0x6400, 0x6400, 0x6400, 0x6400, 0x63E0, 0x63C0, 0xA680, 0xD7E0,
  0xCFE0, 0xCFE0, 0xCFE0, 0xCFE0, 0xCFE0, 0xCFE0, 0xCFE0, 0xCFE0, 0xCFE0, 0xCFE0, 0xCFE0, 0xCFE0, 0xCFE0, 0xCFE0,
  0xCFE0, 0xCFE0, 0xCFE0, 0xCFE0, 0xCFE0, 0xCFE0, 0xCFE0, 0xCFE0, 0xCFE0, 0xCFE0, 0xCFE0, 0xCFE0, 0xCFE0, 0xCFE0,
  0xCFE0, 0xCFE0, 0xCFE0, 0xCFE0, 0xCFE0, 0xCFE0, 0xCFE0, 0xD7E0, 0xA680, 0x63C0, 0x6400, 0x6400, 0x6400, 0x6400,
  0x6400, 0x6400, 0x6400, 0x6400, 0x63C0, 0xA680, 0xD7E0, 0xCFE0, 0xCFE0, 0xCFE0, 0xCFE0, 0xCFE0, 0xCFE0, 0xCFE0,
  0xCFE0, 0xCFE0, 0xCFE0, 0xCFE0, 0xCFE0, 0xCFE0, 0xCFE0, 0xCFE0, 0xCFE0, 0xCFE0, 0xCFE0, 0xCFE0, 0xCFE0, 0xCFE0,
  0xCFE0, 0xCFE0, 0xCFE0, 0xCFE0, 0xCFE0, 0xCFE0, 0xCFE0, 0xCFE0, 0xCFE0, 0xCFE0, 0xCFE0, 0xCFE0, 0xD7E0, 0xA680,
  0x63C0, 0x63E0, 0x6400, 0x6400, 0x6400, 0x6400, 0x6400, 0x6400, 0x6400, 0x6400, 0x63E0, 0x63C0, 0xA680, 0xD7E0,
  0xCFE0, 0xCFE0, 0xCFE0, 0xCFE0, 0xCFE0, 0xCFE0, 0xCFE0, 0xCFE0, 0xCFE0, 0xCFE0, 0xCFE0, 0xCFE0, 0xCFE0, 0xCFE0,
  0xCFE0, 0xCFE0, 0xCFE0, 0xCFE0, 0xCFE0, 0xCFE0, 0xCFE0, 0xCFE0, 0xCFE0, 0xCFE0, 0xCFE0, 0xCFE0, 0xCFE0, 0xCFE0,
  0xCFE0, 0xCFE0, 0xCFE0, 0xCFE0, 0xAEA0, 0x63C0, 0x63E0, 0x6400, 0x6400, 0x6400, 0x6400, 0x6400, 0x6400, 0x6400,
  0x6400, 0x6400, 0x6400, 0x63E0, 0x63C0, 0xAEA0, 0xCFE0, 0xCFE0, 0xCFE0, 0xCFE0, 0xCFE0, 0xCFE0, 0xCFE0, 0xCFE0,
  0xCFE0, 0xCFE0, 0xCFE0, 0xCFE0, 0xCFE0, 0xCFE0, 0xCFE0, 0xCFE0,
};

const uint16_t logo_metax[2304] PROGMEM = {
  0xFFFF, 0xFFFF, 0xFFFF, 0xFFFF, 0xFFFF, 0xFFFF, 0xFFFF, 0xFFFF, 0xFFFF, 0xFFFF, 0xFFFF, 0xFFFF, 0xFFFF, 0xFFFF,
  0xFFFF, 0xFFFF, 0xEF5D, 0xBDF7, 0xC618, 0xC618, 0xC618, 0xC618, 0xC618, 0xC618, 0xC618, 0xC618, 0xC618, 0xC618,
  0xC618, 0xC618, 0xBDF7, 0xEF5D, 0xFFFF, 0xFFFF, 0xFFFF, 0xFFFF, 0xFFFF, 0xFFFF, 0xFFFF, 0xFFFF, 0xFFFF, 0xFFFF,
  0xFFFF, 0xFFFF, 0xFFFF, 0xFFFF, 0xFFFF, 0xFFFF, 0xFFFF, 0xFFFF, 0xFFFF, 0xFFFF, 0xFFFF, 0xFFFF, 0xFFFF, 0xFFFF,
  0xFFFF, 0xFFFF, 0xFFFF, 0xFFFF, 0xFFFF, 0xFFFF, 0xFFFF, 0xFFFF, 0xFFFF, 0xEF5D, 0xBDF7, 0xC618, 0xC618, 0xC618,
  0xC618, 0xC618, 0xC618, 0xC618, 0xC618, 0xC618, 0xC618, 0xBDF7, 0xEF5D, 0xFFFF, 0xFFFF, 0xFFFF, 0xFFFF, 0xFFFF,
  0xFFFF, 0xFFFF, 0xFFFF, 0xFFFF, 0xFFFF, 0xFFFF, 0xFFFF, 0xFFFF, 0xFFFF, 0xFFFF, 0xFFFF, 0xFFFF, 0xFFFF, 0xFFFF,
  0xFFFF, 0xFFFF, 0xFFFF, 0xFFFF, 0xFFFF, 0xFFFF, 0xFFFF, 0xFFFF, 0xFFFF, 0xFFFF, 0xFFFF, 0xFFFF, 0xFFFF, 0xFFFF,
  0xFFFF, 0xFFFF, 0xEF5D, 0xBDF7, 0xC618, 0xC618, 0xC618, 0xC618, 0xC618, 0xC618, 0xC618, 0xC618, 0xBDF7, 0xEF5D,
  0xFFFF, 0xFFFF, 0xFFFF, 0xFFFF, 0xFFFF, 0xFFFF, 0xFFFF, 0xFFFF, 0xFFFF, 0xFFFF, 0xFFFF, 0xFFFF, 0xFFFF, 0xFFFF,
  0xFFFF, 0xFFFF, 0xFFFF, 0xFFFF, 0xFFFF, 0xFFFF, 0xFFFF, 0xFFFF, 0xFFFF, 0xFFFF, 0xFFFF, 0xFFFF, 0xFFFF, 0xFFFF,
  0xFFFF, 0xFFFF, 0xFFFF, 0xFFFF, 0xFFFF, 0xFFFF, 0xFFFF, 0xFFFF, 0xFFFF, 0xEF5D, 0xBDF7, 0xC618, 0xC618, 0xC618,
  0xC618, 0xC618, 0xC618, 0xBDF7, 0xEF5D, 0xFFFF, 0xFFFF, 0xFFFF, 0xFFFF, 0xFFFF, 0xFFFF, 0xFFFF, 0xFFFF, 0xFFFF,
  0xFFFF, 0xFFFF, 0xFFFF, 0xFFFF, 0xFFFF, 0xFFFF, 0xFFFF, 0xFFFF, 0xFFFF, 0xFFFF, 0xFFFF, 0xFFFF, 0xFFFF, 0xFFFF,
  0xFFFF, 0xFFFF, 0xFFFF, 0xFFFF, 0xFFFF, 0xFFFF, 0xFFFF, 0xFFFF, 0xFFFF, 0xFFFF, 0xFFFF, 0xFFFF, 0xFFFF, 0xFFFF,
  0xFFFF, 0xFFFF, 0xEF5D, 0xBDF7, 0xC618, 0xC618, 0xC618, 0xC618, 0xBDF7, 0xEF5D, 0xFFFF, 0xFFFF, 0xFFFF, 0xFFFF,
  0xFFFF, 0xFFFF, 0xFFFF, 0xFFFF, 0xFFFF, 0xFFFF, 0xFFFF, 0xFFFF, 0xFFFF, 0xFFFF, 0xFFFF, 0xFFFF, 0xFFFF, 0xFFFF,
  0xFFFF, 0xFFFF, 0xFFFF, 0xFFFF, 0xFFFF, 0xFFFF, 0xFFFF, 0xFFFF, 0xFFFF, 0xFFFF, 0xFFFF, 0xFFFF, 0xFFFF, 0xFFFF,
  0xFFFF, 0xFFFF, 0xFFFF, 0xFFFF, 0xFFFF, 0xFFFF, 0xFFFF, 0xFFFF, 0xFFFF, 0xEF5D, 0xBDF7, 0xC618, 0xC618, 0xBDF7,
  0xEF5D, 0xFFFF, 0xFFFF, 0xFFFF, 0xFFFF, 0xFFFF, 0xFFFF, 0xFFFF, 0xFFFF, 0xFFFF, 0xFFFF, 0xFFFF, 0xFFFF, 0xFFFF,
  0xFFFF, 0xFFFF, 0xFFFF, 0xFFFF, 0xFFFF, 0xFFFF, 0xFFFF, 0xFFFF, 0xFFFF, 0xFFFF, 0xFFFF, 0xFFFF, 0xFFFF, 0xFFFF,
  0xFFFF, 0xFFFF, 0xFFFF, 0xFFFF, 0xFFFF, 0xFFFF, 0xFFFF, 0xFFFF, 0xFFFF, 0xFFFF, 0xFFFF, 0xFFFF, 0xFFFF, 0xFFFF,
  0xFFFF, 0xFFFF, 0xEF5D, 0xBDF7, 0xBDF7, 0xEF5D, 0xFFFF, 0xFFFF, 0xFFFF, 0xFFFF, 0xFFFF, 0xFFFF, 0xFFFF, 0xFFFF,
  0xFFFF, 0xFFFF, 0xFFFF, 0xFFFF, 0xFFFF, 0xFFFF, 0xFFFF, 0xFFFF, 0xFFFF, 0xFFFF, 0xFFFF, 0xFFFF, 0xFFFF, 0xFFFF,
  0xFFFF, 0xFFFF, 0xFFFF, 0xFFFF, 0xFFFF, 0xFFFF, 0xFFFF, 0xFFFF, 0xFFFF, 0xFFFF, 0xFFFF, 0xFFFF, 0xFFFF, 0xFFFF,
  0xFFFF, 0xFFFF, 0xFFFF, 0xFFFF, 0xFFFF, 0xFFFF, 0xFFFF, 0xFFFF, 0xFFFF, 0xE73C, 0xE73C, 0xFFFF, 0xFFFF, 0xFFFF,
  0xFFFF, 0xFFFF, 0xFFFF, 0xFFFF, 0xFFFF, 0xFFFF, 0xFFFF, 0xFFFF, 0xFFFF, 0xFFFF, 0xFFFF, 0xFFFF, 0xFFFF, 0xFFFF,
  0xFFFF, 0xFFFF, 0xFFFF, 0xFFFF, 0xFFFF, 0xFFFF, 0xFFFF, 0xFFFF, 0xFFFF, 0xFFFF, 0xFFFF, 0xFFFF, 0xFFFF, 0xFFFF,
  0xFFFF, 0xFFFF, 0xFFFF, 0xFFFF, 0xFFFF, 0xFFFF, 0xFFFF, 0xFFFF, 0xFFFF, 0xFFFF, 0xFFFF, 0xFFFF, 0xFFFF, 0xFFFF,
  0xFFFF, 0xFFFF, 0xFFFF, 0xFFFF, 0xFFFF, 0xFFFF, 0xFFFF, 0xFFFF, 0xFFFF, 0xFFFF, 0xFFFF, 0xFFFF, 0xFFFF, 0xFFFF,
  0xFFFF, 0xFFFF, 0xFFFF, 0xFFFF, 0xFFFF, 0xFFFF, 0xFFFF, 0xFFFF, 0xFFFF, 0xFFFF, 0xFFFF, 0xFFFF, 0xFFFF, 0xFFFF,
  0xFFFF, 0xFFFF, 0xFFFF, 0xFFFF, 0xFFFF, 0xFFFF, 0xFFFF, 0xFFFF, 0xFFFF, 0xFFFF, 0xFFFF, 0xFFFF, 0xFFFF, 0xFFFF,
  0xFFFF, 0xFFFF, 0xFFFF, 0xFFFF, 0xFFFF, 0xFFFF, 0xFFFF, 0xFFFF, 0xFFFF, 0xFFFF, 0xFFFF, 0xFFFF, 0xFFFF, 0xFFFF,
  0xFFFF, 0xFFFF, 0xFFFF, 0xFFFF, 0xFFFF, 0xFFFF, 0xFFFF, 0xFFFF, 0xFFFF, 0xFFFF, 0xFFFF, 0xFFFF, 0xFFFF, 0xFFFF,
  0xFFFF, 0xFFFF, 0xFFFF, 0xFFFF, 0xFFFF, 0xFFFF, 0xFFFF, 0xFFFF, 0xFFFF, 0xFFFF, 0xFFFF, 0xFFFF, 0xFFFF, 0xFFFF,
  0xFFFF, 0xFFFF, 0xFFFF, 0xFFFF, 0xFFFF, 0xFFFF, 0xFFFF, 0xFFFF, 0xFFFF, 0xFFFF, 0xFFFF, 0xFFFF, 0xFFFF, 0xFFFF,
  0xFFFF, 0xFFFF, 0xFFFF, 0xFFFF, 0xFFFF, 0xFFFF, 0xFFFF, 0xFFFF, 0xFFFF, 0xFFFF, 0xFFFF, 0xFFFF, 0xFFFF, 0xFFFF,
  0xFFFF, 0xFFFF, 0xFFFF, 0xFFFF, 0xFFFF, 0xFFFF, 0xFFFF, 0xFFFF, 0xFFFF, 0xFFFF, 0xFFFF, 0xFFFF, 0xFFFF, 0xFFFF,
  0xFFFF, 0xFFFF, 0xFFFF, 0xFFFF, 0xFFFF, 0xFFFF, 0xFFFF, 0xFFFF, 0xFFFF, 0xFFFF, 0xFFFF, 0xFFFF, 0xFFFF, 0xFFFF,
  0xFFFF, 0xFFFF, 0xFFFF, 0xFFFF, 0xFFFF, 0xFFFF, 0xFFFF, 0xFFFF, 0xFFFF, 0xFFFF, 0xFFFF, 0xFFFF, 0xFFFF, 0xFFFF,
  0xFFFF, 0xFFFF, 0xFFFF, 0xFFFF, 0xFFFF, 0xFFFF, 0xFFFF, 0xFFFF, 0xFFFF, 0xFFFF, 0xFFFF, 0xFFFF, 0xFFFF, 0xFFFF,
  0xFFFF, 0xFFFF, 0xFFFF, 0xFFFF, 0xFFFF, 0xFFFF, 0xFFFF, 0xFFFF, 0xFFFF, 0xFFFF, 0xFFFF, 0xFFFF, 0xFFFF, 0xFFFF,
  0xFFFF, 0xFFFF, 0xFFFF, 0xFFFF, 0xFFFF, 0xFFFF, 0xFFFF, 0xFFFF, 0xFFFF, 0xFFFF, 0xFFFF, 0xFFFF, 0xFFFF, 0xFFFF,
  0xFFFF, 0xFFFF, 0xFFFF, 0xFFFF, 0xFFFF, 0xFFFF, 0xFFFF, 0xFFFF, 0xFFFF, 0xFFFF, 0xFFFF, 0xFFFF, 0xFFFF, 0xFFFF,
  0xFFFF, 0xFFFF, 0xFFFF, 0xFFFF, 0xFFFF, 0xFFFF, 0xFFFF, 0xFFFF, 0xFFFF, 0xFFFF, 0xFFFF, 0xFFFF, 0xFFFF, 0xFFFF,
  0xFFFF, 0xFFFF, 0xFFFF, 0xFFFF, 0xFFFF, 0xFFFF, 0xFFFF, 0xFFFF, 0xFFFF, 0xFFFF, 0xFFFF, 0xFFFF, 0xFFFF, 0xFFFF,
  0xFFFF, 0xFFFF, 0xFFFF, 0xFFFF, 0xFFFF, 0xFFFF, 0xFFFF, 0xFFFF, 0xFFFF, 0xFFFF, 0xFFFF, 0xFFFF, 0xFFFF, 0xFFFF,
  0xFFFF, 0xFFFF, 0xFFFF, 0xFFFF, 0xFFFF, 0xFFFF, 0xFFFF, 0xFFFF, 0xFFFF, 0xFFFF, 0xFFFF, 0xFFFF, 0xFFFF, 0xFFFF,
  0xFFFF, 0xFFFF, 0xFFFF, 0xFFFF, 0xFFFF, 0xFFFF, 0xFFFF, 0xFFFF, 0xFFFF, 0xFFFF, 0xFFFF, 0xFFFF, 0xFFFF, 0xFFFF,
  0xFFFF, 0xF7DF, 0xB69E, 0x8DBE, 0x8DDE, 0xBEBE, 0xFFDF, 0xFFFF, 0xFFFF, 0xFFFF, 0xFFFF, 0xFFFF, 0xFFFF, 0xFFFF,
  0xD75F, 0x9E5F, 0x8E3F, 0xAEBF, 0xEFBF, 0xFFFF, 0xFFFF, 0xFFFF, 0xFFFF, 0xFFFF, 0xFFFF, 0xFFFF, 0xFFFF, 0xFFFF,
  0xFFFF, 0xFFFF, 0xFFFF, 0xFFFF, 0xFFFF, 0xFFFF, 0xFFFF, 0xFFFF, 0xFFFF, 0xFFFF, 0xFFFF, 0xFFFF, 0xFFFF, 0xFFFF,
  0xFFFF, 0xFFFF, 0xFFFF, 0xFFFF, 0xFFFF, 0xFFFF, 0xA63E, 0x23BC, 0x02FB, 0x02DB, 0x02DB, 0x02FB, 0x2BDC, 0xAE5E,
  0xFFFF, 0xFFFF, 0xFFFF, 0xFFFF, 0xF7DF, 0x6D9F, 0x0C1F, 0x03BF, 0x03BF, 0x03DF, 0x1C5F, 0x963F, 0xFFFF, 0xFFFF,
  0xFFFF, 0xFFFF, 0xFFFF, 0xFFFF, 0xFFFF, 0xFFFF, 0xFFFF, 0xFFFF, 0xFFFF, 0xFFFF, 0xFFFF, 0xFFFF, 0xEF5D, 0xFFFF,
  0xFFFF, 0xFFFF, 0xFFFF, 0xFFFF, 0xFFFF, 0xFFFF, 0xFFFF, 0xFFFF, 0xFFFF, 0xFFFF, 0xFFFF, 0x7D7D, 0x02DB, 0x031B,
  0x031C, 0x02FB, 0x02FB, 0x033C, 0x031B, 0x02DB, 0x7D7D, 0xFFFF, 0xFFFF, 0xEFBF, 0x3CDF, 0x03BF, 0x03DF, 0x145F,
  0x1C5F, 0x03FF, 0x03FF, 0x03BF, 0x659F, 0xFFFF, 0xFFFF, 0xFFFF, 0xFFFF, 0xFFFF, 0xFFFF, 0xFFFF, 0xFFFF, 0xFFFF,
  0xFFFF, 0xFFFF, 0xFFFF, 0xEF5D, 0xBDF7, 0xEF5D, 0xFFFF, 0xFFFF, 0xFFFF, 0xFFFF, 0xFFFF, 0xFFFF, 0xFFFF, 0xFFFF,
  0xFFFF, 0xFFFF, 0x95FE, 0x02BB, 0x0B5C, 0x02FB, 0x139C, 0x5CDD, 0x54BD, 0x0B5C, 0x02FB, 0x0B5C, 0x02DB, 0x7D7D,
  0xFFFF, 0x3CFF, 0x03BF, 0x0C1F, 0x8E3F, 0xE79F, 0xEFBF, 0xAEBF, 0x247F, 0x03FF, 0x03BF, 0x7DFF, 0xFFFF, 0xFFFF,
  0xFFFF, 0xFFFF, 0xFFFF, 0xFFFF, 0xFFFF, 0xFFFF, 0xFFFF, 0xFFFF, 0xEF5D, 0xBDF7, 0xC618, 0xBDF7, 0xEF5D, 0xFFFF,
  0xFFFF, 0xFFFF, 0xFFFF, 0xFFFF, 0xFFFF, 0xFFFF, 0xFFFF, 0xDF3F, 0x0B3C, 0x033C, 0x02FB, 0x445D, 0xE77F, 0xFFFF,
  0xFFFF, 0xDF5F, 0x445D, 0x02FB, 0x0B5C, 0x033B, 0x3C9E, 0x03FF, 0x03FF, 0xB6BF, 0xFFFF, 0xFFFF, 0xFFFF, 0xFFFF,
  0xE79F, 0x247F, 0x03FF, 0x03FF, 0xC71F, 0xFFFF, 0xFFFF, 0xFFFF, 0xFFFF, 0xFFFF, 0xFFFF, 0xFFFF, 0xFFFF, 0xEF5D,
  0xBDF7, 0xC618, 0xC618, 0xC618, 0xBDF7, 0xEF5D, 0xFFFF, 0xFFFF, 0xFFFF, 0xFFFF, 0xFFFF, 0xFFFF, 0xFFFF, 0x54BD,
  0x02DB, 0x031C, 0x23DC, 0xF7DF, 0xFFFF, 0xFFFF, 0xFFFF, 0xFFFF, 0xFFDF, 0x3C5D, 0x02FB, 0x0B5C, 0x033C, 0x03BE,
  0x8E1F, 0xFFFF, 0xFFFF, 0xFFFF, 0xFFFF, 0xFFFF, 0xFFFF, 0xC71F, 0x03FF, 0x03DF, 0x44FF, 0xFFFF, 0xFFFF, 0xFFFF,
  0xFFFF, 0xFFFF, 0xFFFF, 0xFFFF, 0xEF5D, 0xBDF7, 0xC618, 0xC618, 0xC618, 0xC618, 0xC618, 0xBDF7, 0xEF5D, 0xFFFF,
  0xFFFF, 0xFFFF, 0xFFFF, 0xFFFF, 0xDF3F, 0x033C, 0x035C, 0x02FB, 0xBE9E, 0xFFFF, 0xFFFF, 0xFFFF, 0xFFFF, 0xFFFF,
  0xFFFF, 0xE79F, 0x2BDC, 0x033C, 0x033C, 0x1BBC, 0xFFFF, 0xFFFF, 0xFFFF, 0xFFFF, 0xFFFF, 0xFFFF, 0xFFFF, 0xFFFF,
  0x555F, 0x03DF, 0x03FF, 0xCF1F, 0xFFFF, 0xFFFF, 0xFFFF, 0xFFFF, 0xFFFF, 0xEF5D, 0xBDF7, 0xC618, 0xC618, 0xC618,
  0xC618, 0xC618, 0xC618, 0xC618, 0xBDF7, 0xEF5D, 0xFFFF, 0xFFFF, 0xFFFF, 0xFFFF, 0x7DBE, 0x031C, 0x033C, 0x3C5D,
  0xFFFF, 0xFFFF, 0xFFFF, 0xFFFF, 0xFFFF, 0xFFFF, 0xFFFF, 0xFFFF, 0x5D3E, 0x031B, 0x0B7C, 0x02FB, 0x85BE, 0xFFFF,
  0xFFFF, 0xFFFF, 0xFFFF, 0xFFFF, 0xFFFF, 0xFFFF, 0xBEFF, 0x03FF, 0x03DF, 0x6DBF, 0xFFFF, 0xFFFF, 0xFFFF, 0xFFFF,
  0xEF5D, 0xBDF7, 0xC618, 0xC618, 0xC618, 0xC618, 0xC618, 0xC618, 0xC618, 0xC618, 0xC618, 0xBDF7, 0xEF5D, 0xFFFF,
  0xFFFF, 0xFFFF, 0x3C5D, 0x035C, 0x033C, 0x95FE, 0xFFFF, 0xFFFF, 0xFFFF, 0xFFFF, 0xFFFF, 0xFFFF, 0xFFFF, 0xB6BF,
  0x03FF, 0x039D, 0x033B, 0x035C, 0x0B3C, 0xD73F, 0xFFFF, 0xFFFF, 0xFFFF, 0xFFFF, 0xFFFF, 0xFFFF, 0xF7DF, 0x1C7F,
  0x03DF, 0x2CBF, 0xFFFF, 0xFFFF, 0xFFFF, 0xEF5D, 0xBDF7, 0xC618, 0xC618, 0xC618, 0xC618, 0xC618, 0xC618, 0xC618,
  0xC618, 0xC618, 0xC618, 0xC618, 0xBDF7, 0xE73C, 0xFFFF, 0xE79F, 0x13DD, 0x039D, 0x039D, 0xD73F, 0xFFFF, 0xFFFF,
  0xFFFF, 0xFFFF, 0xFFFF, 0xFFFF, 0xF7BF, 0x1C7F, 0x03DF, 0x1C7F, 0x1BBC, 0x033C, 0x031B, 0x4C9D, 0xFFFF, 0xFFFF,
  0xFFFF, 0xFFFF, 0xFFFF, 0xFFFF, 0xFFFF, 0x553F, 0x03BF, 0x0C3F, 0xE77F, 0xFFFF, 0xE73C, 0xBDF7, 0xC618, 0xC618,
  0xC618, 0xC618, 0xC618, 0xC618, 0xC618, 0xC618, 0xC618, 0xC618, 0xC618, 0xC618, 0xBDF7, 0xE73C, 0xFFFF, 0xC6FF,
  0x039D, 0x039D, 0x1C1E, 0xF7DF, 0xFFFF, 0xFFFF, 0xFFFF, 0xFFFF, 0xFFFF, 0xFFFF, 0x6D9F, 0x03DF, 0x03DF, 0xA69F,
  0xBE9E, 0x02FB, 0x0B7C, 0x02FB, 0xAE7E, 0xFFFF, 0xFFFF, 0xFFFF, 0xFFFF, 0xFFFF, 0xFFFF, 0x7DFF, 0x03DF, 0x03FF,
  0xBEFF, 0xFFFF, 0xE73C, 0xBDF7, 0xC618, 0xC618, 0xC618, 0xC618, 0xC618, 0xC618, 0xC618, 0xC618, 0xC618, 0xC618,
  0xC618, 0xBDF7, 0xEF5D, 0xFFFF, 0xFFFF, 0xAE9F, 0x039E, 0x039E, 0x3CBE, 0xFFFF, 0xFFFF, 0xFFFF, 0xFFFF, 0xFFFF,
  0xFFFF, 0xC6FF, 0x03FF, 0x03FF, 0x2CBF, 0xFFFF, 0xFFFF, 0x447D, 0x02FB, 0x033C, 0x23BC, 0xF7BF, 0xFFFF, 0xFFFF,
  0xFFFF, 0xFFFF, 0xFFFF, 0x965F, 0x03DF, 0x03DF, 0xA69F, 0xFFFF, 0xFFFF, 0xEF5D, 0xBDF7, 0xC618, 0xC618, 0xC618,
  0xC618, 0xC618, 0xC618, 0xC618, 0xC618, 0xC618, 0xBDF7, 0xEF5D, 0xFFFF, 0xFFFF, 0xFFFF, 0x9E7F, 0x039E, 0x03BE,
  0x4CFF, 0xFFFF, 0xFFFF, 0xFFFF, 0xFFFF, 0xFFFF, 0xF7DF, 0x2C9F, 0x03FF, 0x03FF, 0xBEFF, 0xFFFF, 0xFFFF, 0xD73F,
  0x033C, 0x0B5C, 0x02FB, 0x6D5D, 0xFFFF, 0xFFFF, 0xFFFF, 0xFFFF, 0xFFFF, 0xA69F, 0x03DF, 0x03DF, 0x9E7F, 0xFFFF,
  0xFFFF, 0xFFFF, 0xEF5D, 0xBDF7, 0xC618, 0xC618, 0xC618, 0xC618, 0xC618, 0xC618, 0xC618, 0xBDF7, 0xEF5D, 0xFFFF,
  0xFFFF, 0xFFFF, 0xFFFF, 0xA67F, 0x03BE, 0x03DE, 0x4D1F, 0xFFFF, 0xFFFF, 0xFFFF, 0xFFFF, 0xFFFF, 0x75DF, 0x03DF,
  0x03DF, 0x553F, 0xFFFF, 0xFFFF, 0xFFFF, 0xFFFF, 0x755D, 0x02FB, 0x0B7C, 0x033C, 0xC6FF, 0xFFFF, 0xFFFF, 0xFFFF,
  0xFFFF, 0xA69F, 0x03DF, 0x03DF, 0xA67F, 0xFFFF, 0xFFFF, 0xFFFF, 0xFFFF, 0xEF5D, 0xBDF7, 0xC618, 0xC618, 0xC618,
  0xC618, 0xC618, 0xBDF7, 0xEF5D, 0xFFFF, 0xFFFF, 0xFFFF, 0xFFFF, 0xFFFF, 0xB6DF, 0x03DF, 0x03FF, 0x249F, 0xFFFF,
  0xFFFF, 0xFFFF, 0xFFFF, 0xB6DF, 0x03FF, 0x041F, 0x0C1F, 0xDF7F, 0xFFFF, 0xFFFF, 0xFFFF, 0xFFFF, 0xF7DF, 0x23DC,
  0x033C, 0x035C, 0x241D, 0xF7DF, 0xFFFF, 0xF7DF, 0xFFFF, 0x8E1F, 0x03DF, 0x03FF, 0xB6DF, 0xFFFF, 0xFFFF, 0xFFFF,
  0xFFFF, 0xFFFF, 0xEF5D, 0xBDF7, 0xC618, 0xC618, 0xC618, 0xBDF7, 0xEF5D, 0xFFFF, 0xFFFF, 0xFFFF, 0xFFFF, 0xFFFF,
  0xFFFF, 0xE79F, 0x0C3F, 0x041F, 0x03FF, 0xA69F, 0xFFFF, 0xFFFF, 0xC6FF, 0x0C3F, 0x041F, 0x03DF, 0x8E3F, 0xFFFF,
  0xFFFF, 0xFFFF, 0xFFFF, 0xFFFF, 0xFFFF, 0xBEBE, 0x031C, 0x0B9C, 0x035D, 0x54FE, 0xFFDF, 0xFFFF, 0xF7BF, 0x2C9F,
  0x03FF, 0x0C3F, 0xDF7F, 0xFFFF, 0xFFFF, 0xFFFF, 0xFFFF, 0xFFFF, 0xFFFF, 0xEF5D, 0xBDF7, 0xC618, 0xBDF7, 0xEF5D,
  0xFFFF, 0xFFFF, 0xFFFF, 0xFFFF, 0xFFFF, 0xFFFF, 0xFFFF, 0xFFFF, 0x4D1F, 0x03DF, 0x041F, 0x041F, 0x5D5F, 0x5D5F,
  0x041F, 0x041F, 0x03DF, 0x4D3F, 0xFFFF, 0xFFFF, 0xFFFF, 0xFFFF, 0xFFFF, 0xFFFF, 0xFFFF, 0xFFFF, 0x757E, 0x031C,
  0x0BBD, 0x037D, 0x2C7E, 0x657F, 0x2C7E, 0x03FF, 0x03DF, 0x3CFF, 0xFFFF, 0xFFFF, 0xFFFF, 0xFFFF, 0xFFFF, 0xFFFF,
  0xFFFF, 0xFFFF, 0xEF5D, 0xBDF7, 0xEF5D, 0xFFFF, 0xFFFF, 0xFFFF, 0xFFFF, 0xFFFF, 0xFFFF, 0xFFFF, 0xFFFF, 0xFFFF,
  0xCF3F, 0x03FF, 0x03FF, 0x041F, 0x03DF, 0x03DF, 0x041F, 0x03DF, 0x34BF, 0xEFBF, 0xFFFF, 0xFFFF, 0xFFFF, 0xFFFF,
  0xFFFF, 0xFFFF, 0xFFFF, 0xFFFF, 0xFFFF, 0x54DE, 0x033D, 0x03BD, 0x03BE, 0x039E, 0x03DE, 0x03FE, 0x03DF, 0xC6FF,
  0xFFFF, 0xFFFF, 0xFFFF, 0xFFFF, 0xFFFF, 0xFFFF, 0xFFFF, 0xFFFF, 0xFFFF, 0xEF5D, 0xFFFF, 0xFFFF, 0xFFFF, 0xFFFF,
  0xFFFF, 0xFFFF, 0xFFFF, 0xFFFF, 0xFFFF, 0xFFFF, 0xFFFF, 0xBEDF, 0x247F, 0x03DF, 0x03DF, 0x03DF, 0x03FF, 0x4D3F,
  0xEFBF, 0xFFFF, 0xFFFF, 0xFFFF, 0xFFFF, 0xFFFF, 0xFFFF, 0xFFFF, 0xFFFF, 0xFFFF, 0xFFFF, 0xFFFF, 0x6D5E, 0x039D,
  0x037E, 0x039E, 0x039E, 0x13FE, 0xA69F, 0xFFFF, 0xFFFF, 0xFFFF, 0xFFFF, 0xFFFF, 0xFFFF, 0xFFFF, 0xFFFF, 0xFFFF,
  0xFFFF, 0xFFFF, 0xFFFF, 0xFFFF, 0xFFFF, 0xFFFF, 0xFFFF, 0xFFFF, 0xFFFF, 0xFFFF, 0xFFFF, 0xFFFF, 0xFFFF, 0xFFFF,
  0xF7DF, 0xAEBF, 0x8E3F, 0x963F, 0xC71F, 0xFFFF, 0xFFFF, 0xFFFF, 0xFFFF, 0xFFFF, 0xFFFF, 0xFFFF, 0xFFFF, 0xFFFF,
  0xFFFF, 0xFFFF, 0xFFFF, 0xFFFF, 0xFFFF, 0xD73F, 0x9E3F, 0x8E1F, 0xA67F, 0xE79F, 0xFFFF, 0xFFFF, 0xFFFF, 0xFFFF,
  0xFFFF, 0xFFFF, 0xFFFF, 0xFFFF, 0xFFFF, 0xFFFF, 0xFFFF, 0xFFFF, 0xFFFF, 0xFFFF, 0xFFFF, 0xFFFF, 0xFFFF, 0xFFFF,
  0xFFFF, 0xFFFF, 0xFFFF, 0xFFFF, 0xFFFF, 0xFFFF, 0xFFFF, 0xFFFF, 0xFFFF, 0xFFFF, 0xFFFF, 0xFFFF, 0xFFFF, 0xFFFF,
  0xFFFF, 0xFFFF, 0xFFFF, 0xFFFF, 0xFFFF, 0xFFFF, 0xFFFF, 0xFFFF, 0xFFFF, 0xFFFF, 0xFFFF, 0xFFFF, 0xFFFF, 0xFFFF,
  0xFFFF, 0xFFFF, 0xFFFF, 0xFFFF, 0xFFFF, 0xFFFF, 0xFFFF, 0xFFFF, 0xFFFF, 0xFFFF, 0xFFFF, 0xFFFF, 0xFFFF, 0xFFFF,
  0xFFFF, 0xFFFF, 0xFFFF, 0xFFFF, 0xFFFF, 0xFFFF, 0xFFFF, 0xFFFF, 0xFFFF, 0xFFFF, 0xFFFF, 0xFFFF, 0xFFFF, 0xFFFF,
  0xFFFF, 0xFFFF, 0xFFFF, 0xFFFF, 0xFFFF, 0xFFFF, 0xFFFF, 0xFFFF, 0xFFFF, 0xFFFF, 0xFFFF, 0xFFFF, 0xFFFF, 0xFFFF,
  0xFFFF, 0xFFFF, 0xFFFF, 0xFFFF, 0xFFFF, 0xFFFF, 0xFFFF, 0xFFFF, 0xFFFF, 0xFFFF, 0xFFFF, 0xFFFF, 0xFFFF, 0xFFFF,
  0xFFFF, 0xFFFF, 0xFFFF, 0xFFFF, 0xFFFF, 0xFFFF, 0xFFFF, 0xFFFF, 0xFFFF, 0xFFFF, 0xFFFF, 0xFFFF, 0xFFFF, 0xFFFF,
  0xFFFF, 0xFFFF, 0xFFFF, 0xFFFF, 0xFFFF, 0xFFFF, 0xFFFF, 0xFFFF, 0xFFFF, 0xFFFF, 0xFFFF, 0xFFFF, 0xFFFF, 0xFFFF,
  0xFFFF, 0xFFFF, 0xFFFF, 0xFFFF, 0xFFFF, 0xFFFF, 0xFFFF, 0xFFFF, 0xFFFF, 0xFFFF, 0xFFFF, 0xFFFF, 0xFFFF, 0xFFFF,
  0xFFFF, 0xFFFF, 0xFFFF, 0xFFFF, 0xFFFF, 0xFFFF, 0xFFFF, 0xFFFF, 0xFFFF, 0xFFFF, 0xFFFF, 0xFFFF, 0xFFFF, 0xFFFF,
  0xFFFF, 0xFFFF, 0xFFFF, 0xFFFF, 0xFFFF, 0xFFFF, 0xFFFF, 0xFFFF, 0xFFFF, 0xFFFF, 0xFFFF, 0xFFFF, 0xFFFF, 0xFFFF,
  0xFFFF, 0xFFFF, 0xFFFF, 0xFFFF, 0xFFFF, 0xFFFF, 0xFFFF, 0xFFFF, 0xFFFF, 0xFFFF, 0xFFFF, 0xFFFF, 0xFFFF, 0xFFFF,
  0xFFFF, 0xFFFF, 0xFFFF, 0xFFFF, 0xFFFF, 0xFFFF, 0xFFFF, 0xFFFF, 0xFFFF, 0xFFFF, 0xFFFF, 0xFFFF, 0xFFFF, 0xFFFF,
  0xFFFF, 0xFFFF, 0xFFFF, 0xFFFF, 0xFFFF, 0xFFFF, 0xFFFF, 0xFFFF, 0xFFFF, 0xFFFF, 0xFFFF, 0xFFFF, 0xFFFF, 0xFFFF,
  0xFFFF, 0xFFFF, 0xFFFF, 0xFFFF, 0xFFFF, 0xFFFF, 0xFFFF, 0xFFFF, 0xFFFF, 0xFFFF, 0xFFFF, 0xFFFF, 0xFFFF, 0xFFFF,
  0xFFFF, 0xFFFF, 0xFFFF, 0xFFFF, 0xFFFF, 0xFFFF, 0xFFFF, 0xFFFF, 0xFFFF, 0xFFFF, 0xFFFF, 0xFFFF, 0xFFFF, 0xFFFF,
  0xFFFF, 0xFFFF, 0xFFFF, 0xFFFF, 0xFFFF, 0xFFFF, 0xFFFF, 0xFFFF, 0xFFFF, 0xFFFF, 0xFFFF, 0xFFFF, 0xFFFF, 0xFFFF,
  0xFFFF, 0xFFFF, 0xFFFF, 0xFFFF, 0xFFFF, 0xFFFF, 0xFFFF, 0xFFFF, 0xFFFF, 0xFFFF, 0xFFFF, 0xFFFF, 0xFFFF, 0xFFFF,
  0xFFFF, 0xFFFF, 0xFFFF, 0xFFFF, 0xFFFF, 0xFFFF, 0xFFFF, 0xFFFF, 0xFFFF, 0xFFFF, 0xFFFF, 0xFFFF, 0xFFFF, 0xFFFF,
  0xFFFF, 0xFFFF, 0xFFFF, 0xFFFF, 0xFFFF, 0xFFFF, 0xFFFF, 0xFFFF, 0xFFFF, 0xFFFF, 0xFFFF, 0xFFFF, 0xFFFF, 0xFFFF,
  0xFFFF, 0xFFFF, 0xFFFF, 0xFFFF, 0xFFFF, 0xFFFF, 0xFFFF, 0xFFFF, 0xFFFF, 0xFFFF, 0xFFFF, 0xFFFF, 0xFFFF, 0xFFFF,
  0xFFFF, 0xFFFF, 0xFFFF, 0xFFFF, 0xFFFF, 0xFFFF, 0xFFFF, 0xFFFF, 0xFFFF, 0xFFFF, 0xFFFF, 0xE73C, 0xE73C, 0xFFFF,
  0xFFFF, 0xFFFF, 0xFFFF, 0xFFFF, 0xFFFF, 0xFFFF, 0xFFFF, 0xFFFF, 0xFFFF, 0xFFFF, 0xFFFF, 0xFFFF, 0xFFFF, 0xFFFF,
  0xFFFF, 0xFFFF, 0xFFFF, 0xFFFF, 0xFFFF, 0xFFFF, 0xFFFF, 0xFFFF, 0xFFFF, 0xFFFF, 0xFFFF, 0xFFFF, 0xFFFF, 0xFFFF,
  0xFFFF, 0xFFFF, 0xFFFF, 0xFFFF, 0xFFFF, 0xFFFF, 0xFFFF, 0xFFFF, 0xFFFF, 0xFFFF, 0xFFFF, 0xFFFF, 0xFFFF, 0xFFFF,
  0xFFFF, 0xFFFF, 0xEF5D, 0xBDF7, 0xBDF7, 0xEF5D, 0xFFFF, 0xFFFF, 0xFFFF, 0xFFFF, 0xFFFF, 0xFFFF, 0xFFFF, 0xFFFF,
  0xFFFF, 0xFFFF, 0xFFFF, 0xFFFF, 0xFFFF, 0xFFFF, 0xFFFF, 0xFFFF, 0xFFFF, 0xFFFF, 0xFFFF, 0xFFFF, 0xFFFF, 0xFFFF,
  0xFFFF, 0xFFFF, 0xFFFF, 0xFFFF, 0xFFFF, 0xFFFF, 0xFFFF, 0xFFFF, 0xFFFF, 0xFFFF, 0xFFFF, 0xFFFF, 0xFFFF, 0xFFFF,
  0xFFFF, 0xFFFF, 0xFFFF, 0xFFFF, 0xFFFF, 0xFFFF, 0xFFFF, 0xEF5D, 0xBDF7, 0xC618, 0xC618, 0xBDF7, 0xEF5D, 0xFFFF,
  0xFFFF, 0xFFFF, 0xFFFF, 0xFFFF, 0xFFFF, 0xFFFF, 0xFFFF, 0xFFFF, 0xFFFF, 0xFFFF, 0xFFFF, 0xFFFF, 0xFFFF, 0xFFFF,
  0xFFFF, 0xFFFF, 0xFFFF, 0xFFFF, 0xFFFF, 0xFFFF, 0xFFFF, 0xFFFF, 0xFFFF, 0xFFFF, 0xFFFF, 0xFFFF, 0xFFFF, 0xFFFF,
  0xFFFF, 0xFFFF, 0xFFFF, 0xFFFF, 0xFFFF, 0xFFFF, 0xFFFF, 0xFFFF, 0xFFFF, 0xFFFF, 0xFFFF, 0xFFFF, 0xEF5D, 0xBDF7,
  0xC618, 0xC618, 0xC618, 0xC618, 0xBDF7, 0xEF5D, 0xFFFF, 0xFFFF, 0xFFFF, 0xFFFF, 0xFFFF, 0xFFFF, 0xFFFF, 0xFFFF,
  0xFFFF, 0xFFFF, 0xFFFF, 0xFFFF, 0xFFFF, 0xFFFF, 0xFFFF, 0xFFFF, 0xFFFF, 0xFFFF, 0xFFFF, 0xFFFF, 0xFFFF, 0xFFFF,
  0xFFFF, 0xFFFF, 0xFFFF, 0xFFFF, 0xFFFF, 0xFFFF, 0xFFFF, 0xFFFF, 0xFFFF, 0xFFFF, 0xFFFF, 0xFFFF, 0xFFFF, 0xFFFF,
  0xFFFF, 0xFFFF, 0xFFFF, 0xEF5D, 0xBDF7, 0xC618, 0xC618, 0xC618, 0xC618, 0xC618, 0xC618, 0xBDF7, 0xEF5D, 0xFFFF,
  0xFFFF, 0xFFFF, 0xFFFF, 0xFFFF, 0xFFFF, 0xFFFF, 0xFFFF, 0xFFFF, 0xFFFF, 0xFFFF, 0xFFFF, 0xFFFF, 0xFFFF, 0xFFFF,
  0xFFFF, 0xFFFF, 0xFFFF, 0xFFFF, 0xFFFF, 0xFFFF, 0xFFFF, 0xFFFF, 0xFFFF, 0xFFFF, 0xFFFF, 0xFFFF, 0xFFFF, 0xFFFF,
  0xFFFF, 0xFFFF, 0xFFFF, 0xFFFF, 0xFFFF, 0xFFFF, 0xFFFF, 0xFFFF, 0xEF5D, 0xBDF7, 0xC618, 0xC618, 0xC618, 0xC618,
  0xC618, 0xC618, 0xC618, 0xC618, 0xBDF7, 0xEF5D, 0xFFFF, 0xFFFF, 0xFFFF, 0xFFFF, 0xFFFF, 0xFFFF, 0xFFFF, 0xFFFF,
  0xFFFF, 0xFFFF, 0xFFFF, 0xFFFF, 0xFFFF, 0xFFFF, 0xFFFF, 0xFFFF, 0xFFFF, 0xFFFF, 0xFFFF, 0xFFFF, 0xFFFF, 0xFFFF,
  0xFFFF, 0xFFFF, 0xFFFF, 0xFFFF, 0xFFFF, 0xFFFF, 0xFFFF, 0xFFFF, 0xFFFF, 0xFFFF, 0xFFFF, 0xFFFF, 0xFFFF, 0xEF5D,
  0xBDF7, 0xC618, 0xC618, 0xC618, 0xC618, 0xC618, 0xC618, 0xC618, 0xC618, 0xC618, 0xC618, 0xBDF7, 0xEF5D, 0xFFFF,
  0xFFFF, 0xFFFF, 0xFFFF, 0xFFFF, 0xFFFF, 0xFFFF, 0xFFFF, 0xFFFF, 0xFFFF, 0xFFFF, 0xFFFF, 0xFFFF, 0xFFFF, 0xFFFF,
  0xFFFF, 0xFFFF, 0xFFFF, 0xFFFF, 0xFFFF, 0xFFFF, 0xFFFF, 0xFFFF, 0xFFFF, 0xFFFF, 0xFFFF, 0xFFFF, 0xFFFF, 0xFFFF,
  0xFFFF, 0xFFFF, 0xFFFF, 0xFFFF, 0xEF5D, 0xBDF7, 0xC618, 0xC618, 0xC618, 0xC618, 0xC618, 0xC618, 0xC618, 0xC618,
  0xC618, 0xC618, 0xC618, 0xC618, 0xBDF7, 0xEF5D, 0xFFFF, 0xFFFF, 0xFFFF, 0xFFFF, 0xFFFF, 0xFFFF, 0xFFFF, 0xFFFF,
  0xFFFF, 0xFFFF, 0xFFFF, 0xFFFF, 0xFFFF, 0xFFFF, 0xFFFF, 0xFFFF,
};

const uint16_t logo_msftx[2304] PROGMEM = {
  0xFFFF, 0xFFFF, 0xFFFF, 0xFFFF, 0xFFFF, 0xFFFF, 0xFFFF, 0xFFFF, 0xFFFF, 0xFFFF, 0xFFFF, 0xFFFF, 0xFFFF, 0xFFFF,
  0xFFFF, 0xFFFF, 0xEF5D, 0xBDF7, 0xC618, 0xC618, 0xC618, 0xC618, 0xC618, 0xC618, 0xC618, 0xC618, 0xC618, 0xC618,
  0xC618, 0xC618, 0xBDF7, 0xEF5D, 0xFFFF, 0xFFFF, 0xFFFF, 0xFFFF, 0xFFFF, 0xFFFF, 0xFFFF, 0xFFFF, 0xFFFF, 0xFFFF,
  0xFFFF, 0xFFFF, 0xFFFF, 0xFFFF, 0xFFFF, 0xFFFF, 0xFFFF, 0xFFFF, 0xFFFF, 0xFFFF, 0xFFFF, 0xFFFF, 0xFFFF, 0xFFFF,
  0xFFFF, 0xFFFF, 0xFFFF, 0xFFFF, 0xFFFF, 0xFFFF, 0xFFFF, 0xFFFF, 0xFFFF, 0xEF5D, 0xBDF7, 0xC618, 0xC618, 0xC618,
  0xC618, 0xC618, 0xC618, 0xC618, 0xC618, 0xC618, 0xC618, 0xBDF7, 0xEF5D, 0xFFFF, 0xFFFF, 0xFFFF, 0xFFFF, 0xFFFF,
  0xFFFF, 0xFFFF, 0xFFFF, 0xFFFF, 0xFFFF, 0xFFFF, 0xFFFF, 0xFFFF, 0xFFFF, 0xFFFF, 0xFFFF, 0xFFFF, 0xFFFF, 0xFFFF,
  0xFFFF, 0xFFFF, 0xFFFF, 0xFFFF, 0xFFFF, 0xFFFF, 0xFFFF, 0xFFFF, 0xFFFF, 0xFFFF, 0xFFFF, 0xFFFF, 0xFFFF, 0xFFFF,
  0xFFFF, 0xFFFF, 0xEF5D, 0xBDF7, 0xC618, 0xC618, 0xC618, 0xC618, 0xC618, 0xC618, 0xC618, 0xC618, 0xBDF7, 0xEF5D,
  0xFFFF, 0xFFFF, 0xFFFF, 0xFFFF, 0xFFFF, 0xFFFF, 0xFFFF, 0xFFFF, 0xFFFF, 0xFFFF, 0xFFFF, 0xFFFF, 0xFFFF, 0xFFFF,
  0xFFFF, 0xFFFF, 0xFFFF, 0xFFFF, 0xFFFF, 0xFFFF, 0xFFFF, 0xFFFF, 0xFFFF, 0xFFFF, 0xFFFF, 0xFFFF, 0xFFFF, 0xFFFF,
  0xFFFF, 0xFFFF, 0xFFFF, 0xFFFF, 0xFFFF, 0xFFFF, 0xFFFF, 0xFFFF, 0xFFFF, 0xEF5D, 0xBDF7, 0xC618, 0xC618, 0xC618,
  0xC618, 0xC618, 0xC618, 0xBDF7, 0xEF5D, 0xFFFF, 0xFFFF, 0xFFFF, 0xFFFF, 0xFFFF, 0xFFFF, 0xFFFF, 0xFFFF, 0xFFFF,
  0xFFFF, 0xFFFF, 0xFFFF, 0xFFFF, 0xFFFF, 0xFFFF, 0xFFFF, 0xFFFF, 0xFFFF, 0xFFFF, 0xFFFF, 0xFFFF, 0xFFFF, 0xFFFF,
  0xFFFF, 0xFFFF, 0xFFFF, 0xFFFF, 0xFFFF, 0xFFFF, 0xFFFF, 0xFFFF, 0xFFFF, 0xFFFF, 0xFFFF, 0xFFFF, 0xFFFF, 0xFFFF,
  0xFFFF, 0xFFFF, 0xEF5D, 0xBDF7, 0xC618, 0xC618, 0xC618, 0xC618, 0xBDF7, 0xEF5D, 0xFFFF, 0xFFFF, 0xFFFF, 0xFFFF,
  0xFFFF, 0xFFFF, 0xFFFF, 0xFFFF, 0xFFFF, 0xFFFF, 0xFFFF, 0xFFFF, 0xFFFF, 0xFFFF, 0xFFFF, 0xFFFF, 0xFFFF, 0xFFFF,
  0xFFFF, 0xFFFF, 0xFFFF, 0xFFFF, 0xFFFF, 0xFFFF, 0xFFFF, 0xFFFF, 0xFFFF, 0xFFFF, 0xFFFF, 0xFFFF, 0xFFFF, 0xFFFF,
  0xFFFF, 0xFFFF, 0xFFFF, 0xFFFF, 0xFFFF, 0xFFFF, 0xFFFF, 0xFFFF, 0xFFFF, 0xEF5D, 0xBDF7, 0xC618, 0xC618, 0xBDF7,
  0xEF5D, 0xFFFF, 0xFFFF, 0xFFFF, 0xFFFF, 0xFFFF, 0xFFFF, 0xFFFF, 0xFFFF, 0xFFFF, 0xFFFF, 0xFFFF, 0xFFFF, 0xFFFF,
  0xFFFF, 0xFFFF, 0xFFFF, 0xFFFF, 0xFFFF, 0xFFFF, 0xFFFF, 0xFFFF, 0xFFFF, 0xFFFF, 0xFFFF, 0xFFFF, 0xFFFF, 0xFFFF,
  0xFFFF, 0xFFFF, 0xFFFF, 0xFFFF, 0xFFFF, 0xFFFF, 0xFFFF, 0xFFFF, 0xFFFF, 0xFFFF, 0xFFFF, 0xFFFF, 0xFFFF, 0xFFFF,
  0xFFFF, 0xFFFF, 0xEF5D, 0xBDF7, 0xBDF7, 0xEF5D, 0xFFFF, 0xFFFF, 0xFFFF, 0xFFFF, 0xFFFF, 0xFFFF, 0xFFFF, 0xFFFF,
  0xFFFF, 0xFFFF, 0xFFFF, 0xFFFF, 0xFFFF, 0xFFFF, 0xFFFF, 0xFFFF, 0xFFFF, 0xFFFF, 0xFFFF, 0xFFFF, 0xFFFF, 0xFFFF,
  0xFFFF, 0xFFFF, 0xFFFF, 0xFFFF, 0xFFFF, 0xFFFF, 0xFFFF, 0xFFFF, 0xFFFF, 0xFFFF, 0xFFFF, 0xFFFF, 0xFFFF, 0xFFFF,
  0xFFFF, 0xFFFF, 0xFFFF, 0xFFFF, 0xFFFF, 0xFFFF, 0xFFFF, 0xFFFF, 0xFFFF, 0xE73C, 0xE73C, 0xFFFF, 0xFFFF, 0xFFFF,
  0xFFFF, 0xFFFF, 0xFFFF, 0xFFFF, 0xFFFF, 0xFFFF, 0xFFFF, 0xFFFF, 0xFFFF, 0xFFFF, 0xFFFF, 0xFFFF, 0xFFFF, 0xFFFF,
  0xFFFF, 0xFFFF, 0xFFFF, 0xFFFF, 0xFFFF, 0xFFFF, 0xFFFF, 0xFFFF, 0xFFFF, 0xFFFF, 0xFFFF, 0xFFFF, 0xFFFF, 0xFFFF,
  0xFFFF, 0xFFFF, 0xFFFF, 0xFFFF, 0xFFFF, 0xFFFF, 0xFFFF, 0xFFFF, 0xFFFF, 0xFFFF, 0xFFFF, 0xFFFF, 0xFFFF, 0xFFFF,
  0xFFFF, 0xFFFF, 0xFFFF, 0xFFFF, 0xFFFF, 0xFFFF, 0xFFFF, 0xFFFF, 0xFFFF, 0xFFFF, 0xFFFF, 0xFFFF, 0xFFFF, 0xFFFF,
  0xFFFF, 0xFFFF, 0xFFFF, 0xFFFF, 0xFFFF, 0xFFFF, 0xFFFF, 0xFFFF, 0xFFFF, 0xFFFF, 0xFFFF, 0xFFFF, 0xFFFF, 0xFFFF,
  0xFFFF, 0xFFFF, 0xFFFF, 0xFFFF, 0xFFFF, 0xFFFF, 0xFFFF, 0xFFFF, 0xFFFF, 0xFFFF, 0xFFFF, 0xFFFF, 0xFFFF, 0xFFFF,
  0xFFFF, 0xFFFF, 0xFFFF, 0xFFFF, 0xFFFF, 0xFFFF, 0xFFFF, 0xFFFF, 0xFFFF, 0xFFFF, 0xFFFF, 0xFFFF, 0xFFFF, 0xFFFF,
  0xFFFF, 0xFFFF, 0xFFFF, 0xFFFF, 0xFFFF, 0xFFFF, 0xFFFF, 0xFFFF, 0xFFFF, 0xFFFF, 0xFFFF, 0xFFFF, 0xFFFF, 0xFFFF,
  0xFFFF, 0xFFFF, 0xFFFF, 0xFFFF, 0xFFFF, 0xFFFF, 0xFFFF, 0xFFFF, 0xFFFF, 0xFFFF, 0xFFFF, 0xFFFF, 0xFFFF, 0xFFFF,
  0xFFFF, 0xFFFF, 0xFFFF, 0xFFFF, 0xFFFF, 0xFFFF, 0xFFFF, 0xFFFF, 0xFFFF, 0xFFFF, 0xFFFF, 0xFFFF, 0xFFFF, 0xFFFF,
  0xFFFF, 0xFFFF, 0xFFFF, 0xFFFF, 0xFFFF, 0xFFFF, 0xFFFF, 0xFFFF, 0xFFFF, 0xFFFF, 0xFFFF, 0xFFFF, 0xFFFF, 0xFFFF,
  0xFFFF, 0xFFFF, 0xFFFF, 0xFFFF, 0xFFFF, 0xFFFF, 0xFFFF, 0xFFFF, 0xFFFF, 0xFFFF, 0xFFFF, 0xFFFF, 0xFFFF, 0xFFFF,
  0xFFFF, 0xFFFF, 0xFFFF, 0xFFFF, 0xFFFF, 0xFFFF, 0xFFFF, 0xFFFF, 0xFF5C, 0xFF5C, 0xFF5C, 0xFF5C, 0xFF5C, 0xFF5C,
  0xFF5C, 0xFF5C, 0xFF5C, 0xFF5C, 0xFF5C, 0xFFDF, 0xFFFF, 0xEFBC, 0xF7BC, 0xF7BC, 0xF7BC, 0xF7BC, 0xF7BC, 0xF7BC,
  0xF7BC, 0xF7BC, 0xF7BC, 0xF7BC, 0xFFFF, 0xFFFF, 0xFFFF, 0xFFFF, 0xFFFF, 0xFFFF, 0xFFFF, 0xFFFF, 0xFFFF, 0xFFFF,
  0xFFFF, 0xFFFF, 0xFFFF, 0xFFFF, 0xFFFF, 0xFFFF, 0xFFFF, 0xFFFF, 0xFFFF, 0xFFFF, 0xFFFF, 0xFFFF, 0xFFFF, 0xFF5C,
  0xF2C6, 0xF285, 0xF2A6, 0xF2A5, 0xF2A5, 0xF2A5, 0xF2A5, 0xF2A5, 0xF2A5, 0xF2A6, 0xEA64, 0xFEBA, 0xE7BA, 0x85A3,
  0x85E5, 0x85E4, 0x85E4, 0x85E4, 0x85E4, 0x85E4, 0x85E4, 0x85E5, 0x85C4, 0x8DE5, 0xF7BC, 0xFFFF, 0xFFFF, 0xFFFF,
  0xFFFF, 0xFFFF, 0xFFFF, 0xFFFF, 0xFFFF, 0xFFFF, 0xFFFF, 0xFFFF, 0xFFFF, 0xFFFF, 0xFFFF, 0xFFFF, 0xFFFF, 0xFFFF,
  0xFFFF, 0xFFFF, 0xFFFF, 0xFFFF, 0xFFFF, 0xFF5C, 0xF285, 0xF264, 0xF285, 0xF265, 0xF265, 0xF265, 0xF265, 0xF265,
  0xF265, 0xF285, 0xEA23, 0xFEBA, 0xDFBA, 0x7DA2, 0x85C4, 0x85C4, 0x85C4, 0x85C4, 0x85C4, 0x85C4, 0x85C4, 0x85C4,
  0x85C3, 0x85E4, 0xF7BC, 0xFFFF, 0xFFFF, 0xFFFF, 0xFFFF, 0xFFFF, 0xFFFF, 0xFFFF, 0xFFFF, 0xFFFF, 0xFFFF, 0xFFFF,
  0xFFFF, 0xFFFF, 0xFFFF, 0xFFFF, 0xFFFF, 0xFFFF, 0xFFFF, 0xFFFF, 0xFFFF, 0xFFFF, 0xFFFF, 0xFF5C, 0xF2A6, 0xF285,
  0xF285, 0xF285, 0xF285, 0xF285, 0xF285, 0xF285, 0xF285, 0xF285, 0xEA44, 0xFEBA, 0xDFBA, 0x7DA2, 0x85C4, 0x85C4,
  0x85C4, 0x85C4, 0x85C4, 0x85C4, 0x85C4, 0x85C4, 0x85C4, 0x85E5, 0xF7BC, 0xFFFF, 0xFFFF, 0xFFFF, 0xFFFF, 0xFFFF,
  0xFFFF, 0xFFFF, 0xFFFF, 0xFFFF, 0xFFFF, 0xFFFF, 0xFFFF, 0xFFFF, 0xFFFF, 0xFFFF, 0xFFFF, 0xFFFF, 0xFFFF, 0xFFFF,
  0xFFFF, 0xFFFF, 0xFFFF, 0xFF5C, 0xF2A5, 0xF265, 0xF285, 0xF285, 0xF285, 0xF285, 0xF285, 0xF285, 0xF285, 0xF285,
  0xEA43, 0xFEBA, 0xDFBA, 0x7DA2, 0x85C4, 0x85C4, 0x85C4, 0x85C4, 0x85C4, 0x85C4, 0x85C4, 0x85C4, 0x85C4, 0x85E4,
  0xF7BC, 0xFFFF, 0xFFFF, 0xFFFF, 0xFFFF, 0xFFFF, 0xFFFF, 0xFFFF, 0xFFFF, 0xFFFF, 0xFFFF, 0xFFFF, 0xEF5D, 0xFFFF,
  0xFFFF, 0xFFFF, 0xFFFF, 0xFFFF, 0xFFFF, 0xFFFF, 0xFFFF, 0xFFFF, 0xFFFF, 0xFF5C, 0xF2A5, 0xF265, 0xF285, 0xF285,
  0xF285, 0xF285, 0xF285, 0xF285, 0xF285, 0xF285, 0xEA43, 0xFEBA, 0xDFBA, 0x7DA2, 0x85C4, 0x85C4, 0x85C4, 0x85C4,
  0x85C4, 0x85C4, 0x85C4, 0x85C4, 0x85C4, 0x85E4, 0xF7BC, 0xFFFF, 0xFFFF, 0xFFFF, 0xFFFF, 0xFFFF, 0xFFFF, 0xFFFF,
  0xFFFF, 0xFFFF, 0xFFFF, 0xEF5D, 0xBDF7, 0xEF5D, 0xFFFF, 0xFFFF, 0xFFFF, 0xFFFF, 0xFFFF, 0xFFFF, 0xFFFF, 0xFFFF,
  0xFFFF, 0xFF5C, 0xF2A5, 0xF265, 0xF285, 0xF285, 0xF285, 0xF285, 0xF285, 0xF285, 0xF285, 0xF285, 0xEA43, 0xFEBA,
  0xDFBA, 0x7DA2, 0x85C4, 0x85C4, 0x85C4, 0x85C4, 0x85C4, 0x85C4, 0x85C4, 0x85C4, 0x85C4, 0x85E4, 0xF7BC, 0xFFFF,
  0xFFFF, 0xFFFF, 0xFFFF, 0xFFFF, 0xFFFF, 0xFFFF, 0xFFFF, 0xFFFF, 0xEF5D, 0xBDF7, 0xC618, 0xBDF7, 0xEF5D, 0xFFFF,
  0xFFFF, 0xFFFF, 0xFFFF, 0xFFFF, 0xFFFF, 0xFFFF, 0xFFFF, 0xFF5C, 0xF2A5, 0xF265, 0xF285, 0xF285, 0xF285, 0xF285,
  0xF285, 0xF285, 0xF285, 0xF285, 0xEA43, 0xFEBA, 0xDFBA, 0x7DA2, 0x85C4, 0x85C4, 0x85C4, 0x85C4, 0x85C4, 0x85C4,
  0x85C4, 0x85C4, 0x85C4, 0x85E4, 0xF7BC, 0xFFFF, 0xFFFF, 0xFFFF, 0xFFFF, 0xFFFF, 0xFFFF, 0xFFFF, 0xFFFF, 0xEF5D,
  0xBDF7, 0xC618, 0xC618, 0xC618, 0xBDF7, 0xEF5D, 0xFFFF, 0xFFFF, 0xFFFF, 0xFFFF, 0xFFFF, 0xFFFF, 0xFFFF, 0xFF5C,
  0xF2A5, 0xF265, 0xF285, 0xF285, 0xF285, 0xF285, 0xF285, 0xF285, 0xF285, 0xF285, 0xEA43, 0xFEBA, 0xDFBA, 0x7DA2,
  0x85C4, 0x85C4, 0x85C4, 0x85C4, 0x85C4, 0x85C4, 0x85C4, 0x85C4, 0x85C4, 0x85E4, 0xF7BC, 0xFFFF, 0xFFFF, 0xFFFF,
  0xFFFF, 0xFFFF, 0xFFFF, 0xFFFF, 0xEF5D, 0xBDF7, 0xC618, 0xC618, 0xC618, 0xC618, 0xC618, 0xBDF7, 0xEF5D, 0xFFFF,
  0xFFFF, 0xFFFF, 0xFFFF, 0xFFFF, 0xFFFF, 0xFF5C, 0xF2A5, 0xF265, 0xF285, 0xF285, 0xF285, 0xF285, 0xF285, 0xF285,
  0xF285, 0xF285, 0xEA43, 0xFEBA, 0xDFBA, 0x7DA2, 0x85C4, 0x85C4, 0x85C4, 0x85C4, 0x85C4, 0x85C4, 0x85C4, 0x85C4,
  0x85C4, 0x85E4, 0xF7BC, 0xFFFF, 0xFFFF, 0xFFFF, 0xFFFF, 0xFFFF, 0xFFFF, 0xEF5D, 0xBDF7, 0xC618, 0xC618, 0xC618,
  0xC618, 0xC618, 0xC618, 0xC618, 0xBDF7, 0xEF5D, 0xFFFF, 0xFFFF, 0xFFFF, 0xFFFF, 0xFFFF, 0xFF5C, 0xF2A6, 0xF285,
  0xF285, 0xF285, 0xF285, 0xF285, 0xF285, 0xF285, 0xF285, 0xF2A5, 0xEA44, 0xFEBA, 0xDFBA, 0x7DA3, 0x85E4, 0x85C4,
  0x85C4, 0x85C4, 0x85C4, 0x85C4, 0x85C4, 0x85C4, 0x85C4, 0x85E5, 0xF7BC, 0xFFFF, 0xFFFF, 0xFFFF, 0xFFFF, 0xFFFF,
  0xEF5D, 0xBDF7, 0xC618, 0xC618, 0xC618, 0xC618, 0xC618, 0xC618, 0xC618, 0xC618, 0xC618, 0xBDF7, 0xEF5D, 0xFFFF,
  0xFFFF, 0xFFFF, 0xFFFF, 0xFF5C, 0xEA64, 0xEA23, 0xEA44, 0xEA44, 0xEA44, 0xEA44, 0xEA44, 0xEA44, 0xEA44, 0xEA44,
  0xE9E2, 0xFE9A, 0xDFB9, 0x7581, 0x7DA3, 0x7DA2, 0x7DA2, 0x7DA2, 0x7DA2, 0x7DA2, 0x7DA2, 0x7DA2, 0x7DA2, 0x85C3,
  0xEFBC, 0xFFFF, 0xFFFF, 0xFFFF, 0xFFFF, 0xEF5D, 0xBDF7, 0xC618, 0xC618, 0xC618, 0xC618, 0xC618, 0xC618, 0xC618,
  0xC618, 0xC618, 0xC618, 0xC618, 0xBDF7, 0xE73C, 0xFFFF, 0xFFFF, 0xFFFF, 0xFFDF, 0xFEB9, 0xFEB9, 0xFEB9, 0xFEB9,
  0xFEB9, 0xFEB9, 0xFEB9, 0xFEB9, 0xFEB9, 0xFEB9, 0xFEB8, 0xFFBE, 0xF7FE, 0xDF99, 0xDF9A, 0xDF9A, 0xDF9A, 0xDF9A,
  0xDF9A, 0xDF9A, 0xDF9A, 0xDF9A, 0xDF9A, 0xDF9A, 0xFFFF, 0xFFFF, 0xFFFF, 0xFFFF, 0xE73C, 0xBDF7, 0xC618, 0xC618,
  0xC618, 0xC618, 0xC618, 0xC618, 0xC618, 0xC618, 0xC618, 0xC618, 0xC618, 0xC618, 0xBDF7, 0xE73C, 0xFFFF, 0xFFFF,
  0xFFFF, 0xFFFF, 0xC79F, 0xC79F, 0xC79F, 0xC79F, 0xC79F, 0xC79F, 0xC79F, 0xC79F, 0xC79F, 0xC79F, 0xC79F, 0xF7FF,
  0xFFFE, 0xFF9A, 0xFF9A, 0xFF9A, 0xFF9A, 0xFF9A, 0xFF9A, 0xFF9A, 0xFF9A, 0xFF9A, 0xFF9A, 0xFF9A, 0xFFFF, 0xFFFF,
  0xFFFF, 0xFFFF, 0xE73C, 0xBDF7, 0xC618, 0xC618, 0xC618, 0xC618, 0xC618, 0xC618, 0xC618, 0xC618, 0xC618, 0xC618,
  0xC618, 0xBDF7, 0xEF5D, 0xFFFF, 0xFFFF, 0xFFFF, 0xFFFF, 0xE79F, 0x1D1D, 0x151D, 0x151D, 0x151D, 0x151D, 0x151D,
  0x151D, 0x151D, 0x151D, 0x151D, 0x0CFC, 0xC75F, 0xFF98, 0xFD82, 0xFDA4, 0xFDA4, 0xFDA4, 0xFDA4, 0xFDA4, 0xFDA4,
  0xFDA4, 0xFDA4, 0xFDA3, 0xFDA4, 0xFFBC, 0xFFFF, 0xFFFF, 0xFFFF, 0xFFFF, 0xEF5D, 0xBDF7, 0xC618, 0xC618, 0xC618,
  0xC618, 0xC618, 0xC618, 0xC618, 0xC618, 0xC618, 0xBDF7, 0xEF5D, 0xFFFF, 0xFFFF, 0xFFFF, 0xFFFF, 0xFFFF, 0xE7BF,
  0x255D, 0x1D3D, 0x1D5D, 0x1D5D, 0x1D5D, 0x1D5D, 0x1D5D, 0x1D5D, 0x1D5D, 0x255D, 0x153D, 0xC77F, 0xFF99, 0xFDA4,
  0xFDC6, 0xFDC5, 0xFDC5, 0xFDC5, 0xFDC5, 0xFDC5, 0xFDC5, 0xFDC5, 0xFDC5, 0xFDE6, 0xFFBC, 0xFFFF, 0xFFFF, 0xFFFF,
  0xFFFF, 0xFFFF, 0xEF5D, 0xBDF7, 0xC618, 0xC618, 0xC618, 0xC618, 0xC618, 0xC618, 0xC618, 0xBDF7, 0xEF5D, 0xFFFF,
  0xFFFF, 0xFFFF, 0xFFFF, 0xFFFF, 0xFFFF, 0xE7BF, 0x255D, 0x1D3D, 0x1D3D, 0x1D3D, 0x1D3D, 0x1D3D, 0x1D3D, 0x1D3D,
  0x1D3D, 0x1D5D, 0x151D, 0xC77F, 0xFF99, 0xFDA4, 0xFDC5, 0xFDC5, 0xFDC5, 0xFDC5, 0xFDC5, 0xFDC5, 0xFDC5, 0xFDC5,
  0xFDC5, 0xFDC6, 0xFFBC, 0xFFFF, 0xFFFF, 0xFFFF, 0xFFFF, 0xFFFF, 0xFFFF, 0xEF5D, 0xBDF7, 0xC618, 0xC618, 0xC618,
  0xC618, 0xC618, 0xBDF7, 0xEF5D, 0xFFFF, 0xFFFF, 0xFFFF, 0xFFFF, 0xFFFF, 0xFFFF, 0xFFFF, 0xE7BF, 0x255D, 0x1D3D,
  0x1D3D, 0x1D3D, 0x1D3D, 0x1D3D, 0x1D3D, 0x1D3D, 0x1D3D, 0x1D5D, 0x151D, 0xC77F, 0xFF99, 0xFDA4, 0xFDC5, 0xFDC5,
  0xFDC5, 0xFDC5, 0xFDC5, 0xFDC5, 0xFDC5, 0xFDC5, 0xFDC5, 0xFDC6, 0xFFBC, 0xFFFF, 0xFFFF, 0xFFFF, 0xFFFF, 0xFFFF,
  0xFFFF, 0xFFFF, 0xEF5D, 0xBDF7, 0xC618, 0xC618, 0xC618, 0xBDF7, 0xEF5D, 0xFFFF, 0xFFFF, 0xFFFF, 0xFFFF, 0xFFFF,
  0xFFFF, 0xFFFF, 0xFFFF, 0xE7BF, 0x255D, 0x1D3D, 0x1D3D, 0x1D3D, 0x1D3D, 0x1D3D, 0x1D3D, 0x1D3D, 0x1D3D, 0x1D5D,
  0x151D, 0xC77F, 0xFF99, 0xFDA4, 0xFDC5, 0xFDC5, 0xFDC5, 0xFDC5, 0xFDC5, 0xFDC5, 0xFDC5, 0xFDC5, 0xFDC5, 0xFDC6,
  0xFFBC, 0xFFFF, 0xFFFF, 0xFFFF, 0xFFFF, 0xFFFF, 0xFFFF, 0xFFFF, 0xFFFF, 0xEF5D, 0xBDF7, 0xC618, 0xBDF7, 0xEF5D,
  0xFFFF, 0xFFFF, 0xFFFF, 0xFFFF, 0xFFFF, 0xFFFF, 0xFFFF, 0xFFFF, 0xFFFF, 0xE7BF, 0x255D, 0x1D3D, 0x1D3D, 0x1D3D,
  0x1D3D, 0x1D3D, 0x1D3D, 0x1D3D, 0x1D3D, 0x1D5D, 0x151D, 0xC77F, 0xFF99, 0xFDA4, 0xFDC5, 0xFDC5, 0xFDC5, 0xFDC5,
  0xFDC5, 0xFDC5, 0xFDC5, 0xFDC5, 0xFDC5, 0xFDC6, 0xFFBC, 0xFFFF, 0xFFFF, 0xFFFF, 0xFFFF, 0xFFFF, 0xFFFF, 0xFFFF,
  0xFFFF, 0xFFFF, 0xEF5D, 0xBDF7, 0xEF5D, 0xFFFF, 0xFFFF, 0xFFFF, 0xFFFF, 0xFFFF, 0xFFFF, 0xFFFF, 0xFFFF, 0xFFFF,
  0xFFFF, 0xE7BF, 0x255D, 0x1D3D, 0x1D3D, 0x1D3D, 0x1D3D, 0x1D3D, 0x1D3D, 0x1D3D, 0x1D3D, 0x1D5D, 0x151D, 0xC77F,
  0xFF99, 0xFDA4, 0xFDC5, 0xFDC5, 0xFDC5, 0xFDC5, 0xFDC5, 0xFDC5, 0xFDC5, 0xFDC5, 0xFDC5, 0xFDC6, 0xFFBC, 0xFFFF,
  0xFFFF, 0xFFFF, 0xFFFF, 0xFFFF, 0xFFFF, 0xFFFF, 0xFFFF, 0xFFFF, 0xFFFF, 0xEF5D, 0xFFFF, 0xFFFF, 0xFFFF, 0xFFFF,
  0xFFFF, 0xFFFF, 0xFFFF, 0xFFFF, 0xFFFF, 0xFFFF, 0xFFFF, 0xE7BF, 0x255D, 0x1D3D, 0x1D3D, 0x1D3D, 0x1D3D, 0x1D3D,
  0x1D3D, 0x1D3D, 0x1D3D, 0x1D5D, 0x151D, 0xC77F, 0xFF99, 0xFDA4, 0xFDC5, 0xFDC5, 0xFDC5, 0xFDC5, 0xFDC5, 0xFDC5,
  0xFDC5, 0xFDC5, 0xFDC5, 0xFDC6, 0xFFBC, 0xFFFF, 0xFFFF, 0xFFFF, 0xFFFF, 0xFFFF, 0xFFFF, 0xFFFF, 0xFFFF, 0xFFFF,
  0xFFFF, 0xFFFF, 0xFFFF, 0xFFFF, 0xFFFF, 0xFFFF, 0xFFFF, 0xFFFF, 0xFFFF, 0xFFFF, 0xFFFF, 0xFFFF, 0xFFFF, 0xE7BF,
  0x255D, 0x1D3D, 0x1D3D, 0x1D3D, 0x1D3D, 0x1D3D, 0x1D3D, 0x1D3D, 0x1D3D, 0x1D5D, 0x151D, 0xC77F, 0xFF99, 0xFDA4,
  0xFDC5, 0xFDC5, 0xFDC5, 0xFDC5, 0xFDC5, 0xFDC5, 0xFDC5, 0xFDC5, 0xFDC5, 0xFDC6, 0xFFBC, 0xFFFF, 0xFFFF, 0xFFFF,
  0xFFFF, 0xFFFF, 0xFFFF, 0xFFFF, 0xFFFF, 0xFFFF, 0xFFFF, 0xFFFF, 0xFFFF, 0xFFFF, 0xFFFF, 0xFFFF, 0xFFFF, 0xFFFF,
  0xFFFF, 0xFFFF, 0xFFFF, 0xFFFF, 0xFFFF, 0xE7BF, 0x255D, 0x1D3D, 0x1D3D, 0x1D3D, 0x1D3D, 0x1D3D, 0x1D3D, 0x1D3D,
  0x1D3D, 0x1D3D, 0x151D, 0xC77F, 0xFF99, 0xFDA4, 0xFDC5, 0xFDC5, 0xFDC5, 0xFDC5, 0xFDC5, 0xFDC5, 0xFDC5, 0xFDC5,
  0xFDA5, 0xFDC5, 0xFFBC, 0xFFFF, 0xFFFF, 0xFFFF, 0xFFFF, 0xFFFF, 0xFFFF, 0xFFFF, 0xFFFF, 0xFFFF, 0xFFFF, 0xFFFF,
  0xFFFF, 0xFFFF, 0xFFFF, 0xFFFF, 0xFFFF, 0xFFFF, 0xFFFF, 0xFFFF, 0xFFFF, 0xFFFF, 0xFFFF, 0xE7BF, 0x255D, 0x255D,
  0x255D, 0x255D, 0x255D, 0x255D, 0x255D, 0x255D, 0x255D, 0x255D, 0x1D3D, 0xC77F, 0xFF99, 0xFDA5, 0xFDE6, 0xFDC6,
  0xFDC6, 0xFDC6, 0xFDC6, 0xFDC6, 0xFDC6, 0xFDC6, 0xFDC5, 0xFDE6, 0xFFBC, 0xFFFF, 0xFFFF, 0xFFFF, 0xFFFF, 0xFFFF,
  0xFFFF, 0xFFFF, 0xFFFF, 0xFFFF, 0xFFFF, 0xFFFF, 0xFFFF, 0xFFFF, 0xFFFF, 0xFFFF, 0xFFFF, 0xFFFF, 0xFFFF, 0xFFFF,
  0xFFFF, 0xFFFF, 0xFFFF, 0xFFFF, 0xE7BF, 0xE7BF, 0xE7BF, 0xE7BF, 0xE7BF, 0xE7BF, 0xE7BF, 0xE7BF, 0xE7BF, 0xE7BF,
  0xE7BF, 0xFFFF, 0xFFFF, 0xFFBC, 0xFFBC, 0xFFBC, 0xFFBC, 0xFFBC, 0xFFBC, 0xFFBC, 0xFFBC, 0xFFBC, 0xFFBC, 0xFFBC,
  0xFFFF, 0xFFFF, 0xFFFF, 0xFFFF, 0xFFFF, 0xFFFF, 0xFFFF, 0xFFFF, 0xFFFF, 0xFFFF, 0xFFFF, 0xFFFF, 0xFFFF, 0xFFFF,
  0xFFFF, 0xFFFF, 0xFFFF, 0xFFFF, 0xFFFF, 0xFFFF, 0xFFFF, 0xFFFF, 0xFFFF, 0xFFFF, 0xFFFF, 0xFFFF, 0xFFFF, 0xFFFF,
  0xFFFF, 0xFFFF, 0xFFFF, 0xFFFF, 0xFFFF, 0xFFFF, 0xFFFF, 0xFFFF, 0xFFFF, 0xFFFF, 0xFFFF, 0xFFFF, 0xFFFF, 0xFFFF,
  0xFFFF, 0xFFFF, 0xFFFF, 0xFFFF, 0xFFFF, 0xFFFF, 0xFFFF, 0xFFFF, 0xFFFF, 0xFFFF, 0xFFFF, 0xFFFF, 0xFFFF, 0xFFFF,
  0xFFFF, 0xFFFF, 0xFFFF, 0xFFFF, 0xFFFF, 0xFFFF, 0xFFFF, 0xFFFF, 0xFFFF, 0xFFFF, 0xFFFF, 0xFFFF, 0xFFFF, 0xFFFF,
  0xFFFF, 0xFFFF, 0xFFFF, 0xFFFF, 0xFFFF, 0xFFFF, 0xFFFF, 0xFFFF, 0xFFFF, 0xFFFF, 0xFFFF, 0xFFFF, 0xFFFF, 0xFFFF,
  0xFFFF, 0xFFFF, 0xFFFF, 0xFFFF, 0xFFFF, 0xFFFF, 0xFFFF, 0xFFFF, 0xFFFF, 0xFFFF, 0xFFFF, 0xFFFF, 0xFFFF, 0xFFFF,
  0xFFFF, 0xFFFF, 0xFFFF, 0xFFFF, 0xFFFF, 0xFFFF, 0xFFFF, 0xFFFF, 0xFFFF, 0xFFFF, 0xFFFF, 0xFFFF, 0xFFFF, 0xFFFF,
  0xFFFF, 0xFFFF, 0xFFFF, 0xFFFF, 0xFFFF, 0xFFFF, 0xFFFF, 0xFFFF, 0xFFFF, 0xFFFF, 0xFFFF, 0xFFFF, 0xFFFF, 0xFFFF,
  0xFFFF, 0xFFFF, 0xFFFF, 0xFFFF, 0xFFFF, 0xFFFF, 0xFFFF, 0xFFFF, 0xFFFF, 0xFFFF, 0xFFFF, 0xFFFF, 0xFFFF, 0xFFFF,
  0xFFFF, 0xFFFF, 0xFFFF, 0xFFFF, 0xFFFF, 0xFFFF, 0xFFFF, 0xFFFF, 0xFFFF, 0xFFFF, 0xFFFF, 0xFFFF, 0xFFFF, 0xFFFF,
  0xFFFF, 0xFFFF, 0xFFFF, 0xFFFF, 0xFFFF, 0xFFFF, 0xFFFF, 0xFFFF, 0xFFFF, 0xFFFF, 0xFFFF, 0xFFFF, 0xFFFF, 0xFFFF,
  0xFFFF, 0xFFFF, 0xFFFF, 0xFFFF, 0xFFFF, 0xFFFF, 0xFFFF, 0xFFFF, 0xFFFF, 0xFFFF, 0xFFFF, 0xE73C, 0xE73C, 0xFFFF,
  0xFFFF, 0xFFFF, 0xFFFF, 0xFFFF, 0xFFFF, 0xFFFF, 0xFFFF, 0xFFFF, 0xFFFF, 0xFFFF, 0xFFFF, 0xFFFF, 0xFFFF, 0xFFFF,
  0xFFFF, 0xFFFF, 0xFFFF, 0xFFFF, 0xFFFF, 0xFFFF, 0xFFFF, 0xFFFF, 0xFFFF, 0xFFFF, 0xFFFF, 0xFFFF, 0xFFFF, 0xFFFF,
  0xFFFF, 0xFFFF, 0xFFFF, 0xFFFF, 0xFFFF, 0xFFFF, 0xFFFF, 0xFFFF, 0xFFFF, 0xFFFF, 0xFFFF, 0xFFFF, 0xFFFF, 0xFFFF,
  0xFFFF, 0xFFFF, 0xEF5D, 0xBDF7, 0xBDF7, 0xEF5D, 0xFFFF, 0xFFFF, 0xFFFF, 0xFFFF, 0xFFFF, 0xFFFF, 0xFFFF, 0xFFFF,
  0xFFFF, 0xFFFF, 0xFFFF, 0xFFFF, 0xFFFF, 0xFFFF, 0xFFFF, 0xFFFF, 0xFFFF, 0xFFFF, 0xFFFF, 0xFFFF, 0xFFFF, 0xFFFF,
  0xFFFF, 0xFFFF, 0xFFFF, 0xFFFF, 0xFFFF, 0xFFFF, 0xFFFF, 0xFFFF, 0xFFFF, 0xFFFF, 0xFFFF, 0xFFFF, 0xFFFF, 0xFFFF,
  0xFFFF, 0xFFFF, 0xFFFF, 0xFFFF, 0xFFFF, 0xFFFF, 0xFFFF, 0xEF5D, 0xBDF7, 0xC618, 0xC618, 0xBDF7, 0xEF5D, 0xFFFF,
  0xFFFF, 0xFFFF, 0xFFFF, 0xFFFF, 0xFFFF, 0xFFFF, 0xFFFF, 0xFFFF, 0xFFFF, 0xFFFF, 0xFFFF, 0xFFFF, 0xFFFF, 0xFFFF,
  0xFFFF, 0xFFFF, 0xFFFF, 0xFFFF, 0xFFFF, 0xFFFF, 0xFFFF, 0xFFFF, 0xFFFF, 0xFFFF, 0xFFFF, 0xFFFF, 0xFFFF, 0xFFFF,
  0xFFFF, 0xFFFF, 0xFFFF, 0xFFFF, 0xFFFF, 0xFFFF, 0xFFFF, 0xFFFF, 0xFFFF, 0xFFFF, 0xFFFF, 0xFFFF, 0xEF5D, 0xBDF7,
  0xC618, 0xC618, 0xC618, 0xC618, 0xBDF7, 0xEF5D, 0xFFFF, 0xFFFF, 0xFFFF, 0xFFFF, 0xFFFF, 0xFFFF, 0xFFFF, 0xFFFF,
  0xFFFF, 0xFFFF, 0xFFFF, 0xFFFF, 0xFFFF, 0xFFFF, 0xFFFF, 0xFFFF, 0xFFFF, 0xFFFF, 0xFFFF, 0xFFFF, 0xFFFF, 0xFFFF,
  0xFFFF, 0xFFFF, 0xFFFF, 0xFFFF, 0xFFFF, 0xFFFF, 0xFFFF, 0xFFFF, 0xFFFF, 0xFFFF, 0xFFFF, 0xFFFF, 0xFFFF, 0xFFFF,
  0xFFFF, 0xFFFF, 0xFFFF, 0xEF5D, 0xBDF7, 0xC618, 0xC618, 0xC618, 0xC618, 0xC618, 0xC618, 0xBDF7, 0xEF5D, 0xFFFF,
  0xFFFF, 0xFFFF, 0xFFFF, 0xFFFF, 0xFFFF, 0xFFFF, 0xFFFF, 0xFFFF, 0xFFFF, 0xFFFF, 0xFFFF, 0xFFFF, 0xFFFF, 0xFFFF,
  0xFFFF, 0xFFFF, 0xFFFF, 0xFFFF, 0xFFFF, 0xFFFF, 0xFFFF, 0xFFFF, 0xFFFF, 0xFFFF, 0xFFFF, 0xFFFF, 0xFFFF, 0xFFFF,
  0xFFFF, 0xFFFF, 0xFFFF, 0xFFFF, 0xFFFF, 0xFFFF, 0xFFFF, 0xFFFF, 0xEF5D, 0xBDF7, 0xC618, 0xC618, 0xC618, 0xC618,
  0xC618, 0xC618, 0xC618, 0xC618, 0xBDF7, 0xEF5D, 0xFFFF, 0xFFFF, 0xFFFF, 0xFFFF, 0xFFFF, 0xFFFF, 0xFFFF, 0xFFFF,
  0xFFFF, 0xFFFF, 0xFFFF, 0xFFFF, 0xFFFF, 0xFFFF, 0xFFFF, 0xFFFF, 0xFFFF, 0xFFFF, 0xFFFF, 0xFFFF, 0xFFFF, 0xFFFF,
  0xFFFF, 0xFFFF, 0xFFFF, 0xFFFF, 0xFFFF, 0xFFFF, 0xFFFF, 0xFFFF, 0xFFFF, 0xFFFF, 0xFFFF, 0xFFFF, 0xFFFF, 0xEF5D,
  0xBDF7, 0xC618, 0xC618, 0xC618, 0xC618, 0xC618, 0xC618, 0xC618, 0xC618, 0xC618, 0xC618, 0xBDF7, 0xEF5D, 0xFFFF,
  0xFFFF, 0xFFFF, 0xFFFF, 0xFFFF, 0xFFFF, 0xFFFF, 0xFFFF, 0xFFFF, 0xFFFF, 0xFFFF, 0xFFFF, 0xFFFF, 0xFFFF, 0xFFFF,
  0xFFFF, 0xFFFF, 0xFFFF, 0xFFFF, 0xFFFF, 0xFFFF, 0xFFFF, 0xFFFF, 0xFFFF, 0xFFFF, 0xFFFF, 0xFFFF, 0xFFFF, 0xFFFF,
  0xFFFF, 0xFFFF, 0xFFFF, 0xFFFF, 0xEF5D, 0xBDF7, 0xC618, 0xC618, 0xC618, 0xC618, 0xC618, 0xC618, 0xC618, 0xC618,
  0xC618, 0xC618, 0xC618, 0xC618, 0xBDF7, 0xEF5D, 0xFFFF, 0xFFFF, 0xFFFF, 0xFFFF, 0xFFFF, 0xFFFF, 0xFFFF, 0xFFFF,
  0xFFFF, 0xFFFF, 0xFFFF, 0xFFFF, 0xFFFF, 0xFFFF, 0xFFFF, 0xFFFF,
};

const uint16_t logo_mstrx[2304] PROGMEM = {
  0xFB41, 0xFB41, 0xFB41, 0xFB41, 0xFB41, 0xFB41, 0xFB41, 0xFB41, 0xFB41, 0xFB41, 0xFB41, 0xFB41, 0xFB41, 0xFB41,
  0xF341, 0xFB41, 0xD2C0, 0x7980, 0x79A0, 0x79A0, 0x79A0, 0x79A0, 0x79A0, 0x79A0, 0x79A0, 0x79A0, 0x79A0, 0x79A0,
  0x79A0, 0x79A0, 0x7980, 0xD2C0, 0xFB41, 0xF341, 0xFB41, 0xFB41, 0xFB41, 0xFB41, 0xFB41, 0xFB41, 0xFB41, 0xFB41,
  0xFB41, 0xFB41, 0xFB41, 0xFB41, 0xFB41, 0xFB41, 0xFB41, 0xFB41, 0xFB41, 0xFB41, 0xFB41, 0xFB41, 0xFB41, 0xFB41,
  0xFB41, 0xFB41, 0xFB41, 0xFB41, 0xFB41, 0xFB41, 0xFB41, 0xF321, 0xFB41, 0xCAA0, 0x7980, 0x79A0, 0x79A0, 0x79A0,
  0x79A0, 0x79A0, 0x79A0, 0x79A0, 0x79A0, 0x79A0, 0x79A0, 0x7980, 0xCAA0, 0xFB41, 0xF321, 0xFB41, 0xFB41, 0xFB41,
  0xFB41, 0xFB41, 0xFB41, 0xFB41, 0xFB41, 0xFB41, 0xFB41, 0xFB41, 0xFB41, 0xFB41, 0xFB41, 0xFB41, 0xFB41, 0xFB41,
  0xFB41, 0xFB41, 0xFB41, 0xFB41, 0xFB41, 0xFB41, 0xFB41, 0xFB41, 0xFB41, 0xFB41, 0xFB41, 0xFB41, 0xFB41, 0xFB41,
  0xF321, 0xFB61, 0xCAA0, 0x7180, 0x79A0, 0x79A0, 0x79A0, 0x79A0, 0x79A0, 0x79A0, 0x79A0, 0x79A0, 0x7180, 0xCAA0,
  0xFB61, 0xF321, 0xFB41, 0xFB41, 0xFB41, 0xFB41, 0xFB41, 0xFB41, 0xFB41, 0xFB41, 0xFB41, 0xFB41, 0xFB41, 0xFB41,
  0xFB41, 0xFB41, 0xFB41, 0xFB41, 0xFB41, 0xFB41, 0xFB41, 0xFB41, 0xFB41, 0xFB41, 0xFB41, 0xFB41, 0xFB41, 0xFB41,
  0xFB41, 0xFB41, 0xFB41, 0xFB41, 0xFB41, 0xFB41, 0xFB41, 0xF321, 0xFB61, 0xCAA0, 0x7180, 0x79A0, 0x79A0, 0x79A0,
  0x79A0, 0x79A0, 0x79A0, 0x7180, 0xCAA0, 0xFB61, 0xF321, 0xFB41, 0xFB41, 0xFB41, 0xFB41, 0xFB41, 0xFB41, 0xFB41,
  0xFB41, 0xFB41, 0xFB41, 0xFB41, 0xFB41, 0xFB41, 0xFB41, 0xFB41, 0xFB41, 0xFB41, 0xFB41, 0xFB41, 0xFB41, 0xFB41,
  0xFB41, 0xFB41, 0xFB41, 0xFB41, 0xFB41, 0xFB41, 0xFB41, 0xFB41, 0xFB41, 0xFB41, 0xFB41, 0xFB41, 0xFB41, 0xFB41,
  0xF321, 0xFB61, 0xCAA0, 0x7180, 0x79A0, 0x79A0, 0x79A0, 0x79A0, 0x7180, 0xCAA0, 0xFB61, 0xF321, 0xFB41, 0xFB41,
  0xFB41, 0xFB41, 0xFB41, 0xFB41, 0xFB41, 0xFB41, 0xFB41, 0xFB41, 0xFB41, 0xFB41, 0xFB41, 0xFB41, 0xFB41, 0xFB41,
  0xFB41, 0xFB41, 0xFB41, 0xFB41, 0xFB41, 0xFB41, 0xFB41, 0xFB41, 0xFB41, 0xFB41, 0xFB41, 0xFB41, 0xFB41, 0xFB41,
  0xFB41, 0xFB41, 0xFB41, 0xFB41, 0xFB41, 0xFB41, 0xFB41, 0xF321, 0xFB61, 0xCAA0, 0x7180, 0x79A0, 0x79A0, 0x7180,
  0xCAA0, 0xFB61, 0xF321, 0xFB41, 0xFB41, 0xFB41, 0xFB41, 0xFB41, 0xFB41, 0xFB41, 0xFB41, 0xFB41, 0xFB41, 0xFB41,
  0xFB41, 0xFB41, 0xFB41, 0xFB41, 0xFB41, 0xFB41, 0xFB41, 0xFB41, 0xFB41, 0xFB41, 0xFB41, 0xFB41, 0xFB41, 0xFB41,
  0xFB41, 0xFB41, 0xFB41, 0xFB41, 0xFB41, 0xFB41, 0xFB41, 0xFB41, 0xFB41, 0xFB41, 0xFB41, 0xFB41, 0xFB41, 0xFB41,
  0xF321, 0xFB61, 0xCAA0, 0x7180, 0x7180, 0xCAA0, 0xFB61, 0xF321, 0xFB41, 0xFB41, 0xFB41, 0xFB41, 0xFB41, 0xFB41,
  0xFB41, 0xFB41, 0xFB41, 0xFB41, 0xFB41, 0xFB41, 0xFB41, 0xFB41, 0xFB41, 0xFB41, 0xFB41, 0xFB41, 0xFB41, 0xFB41,
  0xFB41, 0xFB41, 0xFB41, 0xFB41, 0xFB41, 0xFB41, 0xFB41, 0xFB41, 0xFB41, 0xFB41, 0xFB41, 0xFB41, 0xFB41, 0xFB41,
  0xFB41, 0xFB41, 0xFB41, 0xFB41, 0xFB41, 0xFB41, 0xFB41, 0xF321, 0xFB61, 0xCAA0, 0xCAA0, 0xFB61, 0xF321, 0xFB41,
  0xFB41, 0xFB41, 0xFB41, 0xFB41, 0xFB41, 0xFB41, 0xFB41, 0xFB41, 0xFB41, 0xFB41, 0xFB41, 0xFB41, 0xFB41, 0xFB41,
  0xFB41, 0xFB41, 0xFB41, 0xFB41, 0xFB41, 0xFB41, 0xFB41, 0xFB41, 0xFB41, 0xFB41, 0xFB41, 0xFB41, 0xFB41, 0xFB41,
  0xFB41, 0xFB41, 0xFB41, 0xFB41, 0xFB41, 0xFB41, 0xFB41, 0xFB41, 0xFB41, 0xFB41, 0xFB41, 0xFB41, 0xFB41, 0xFB41,
  0xF321, 0xFB41, 0xFB41, 0xF321, 0xFB41, 0xFB41, 0xFB41, 0xFB41, 0xFB41, 0xFB41, 0xFB41, 0xFB41, 0xFB41, 0xFB41,
  0xFB41, 0xFB41, 0xFB41, 0xFB41, 0xFB41, 0xFB41, 0xFB41, 0xFB41, 0xFB41, 0xFB41, 0xFB41, 0xFB41, 0xFB41, 0xFB41,
  0xFB41, 0xFB41, 0xFB41, 0xFB41, 0xFB41, 0xFB41, 0xFB41, 0xFB41, 0xFB41, 0xFB41, 0xFB41, 0xFB41, 0xFB41, 0xFB41,
  0xFB41, 0xFB41, 0xFB41, 0xFB41, 0xFB41, 0xFB41, 0xFB41, 0xF321, 0xF321, 0xFB41, 0xFB41, 0xFB41, 0xFB41, 0xFB41,
  0xFB41, 0xFB41, 0xFB41, 0xFB41, 0xFB41, 0xFB41, 0xFB41, 0xFB41, 0xFB41, 0xFB41, 0xFB41, 0xFB41, 0xFB41, 0xFB41,
  0xFB41, 0xFB41, 0xFB41, 0xFB41, 0xFB41, 0xFB41, 0xFB41, 0xFB41, 0xFB41, 0xFB41, 0xFB41, 0xFB41, 0xFB41, 0xFB41,
  0xFB41, 0xFB41, 0xFB41, 0xFB41, 0xFB41, 0xFB41, 0xFB41, 0xFB41, 0xFB41, 0xFB41, 0xFB41, 0xFB41, 0xFB41, 0xFB41,
  0xFB41, 0xFB41, 0xFB41, 0xFB41, 0xFB41, 0xFB41, 0xFB41, 0xFB41, 0xFB41, 0xFB41, 0xFB41, 0xFB41, 0xFB41, 0xFB41,
  0xFB41, 0xFB41, 0xFB41, 0xFB41, 0xFB41, 0xFB41, 0xFB41, 0xFB41, 0xFB41, 0xFB41, 0xFB41, 0xFB41, 0xFB41, 0xFB41,
  0xFB41, 0xFB41, 0xFB41, 0xFB41, 0xFB41, 0xFB41, 0xFB41, 0xFB41, 0xFB41, 0xFB41, 0xFB41, 0xFB41, 0xFB41, 0xFB41,
  0xFB41, 0xFB41, 0xFB41, 0xFB41, 0xFB41, 0xFB41, 0xFB41, 0xFB41, 0xFB41, 0xFB41, 0xFB41, 0xFB41, 0xFB41, 0xFB41,
  0xFB41, 0xFB41, 0xFB41, 0xFB41, 0xFB41, 0xFB41, 0xFB41, 0xFB41, 0xFB41, 0xFB41, 0xFB41, 0xFB41, 0xFB41, 0xFB41,
  0xFB41, 0xFB41, 0xFB41, 0xFB41, 0xFB41, 0xFB41, 0xFB41, 0xFB41, 0xFB41, 0xFB41, 0xFB41, 0xFB41, 0xFB41, 0xFB41,
  0xFB41, 0xFB41, 0xFB41, 0xFB41, 0xFB41, 0xFB41, 0xFB41, 0xFB41, 0xFB41, 0xFB41, 0xFB41, 0xFB41, 0xFB41, 0xFB41,
  0xFB41, 0xFB41, 0xFB41, 0xFB41, 0xFB41, 0xFB41, 0xFB41, 0xFB41, 0xFB41, 0xFB41, 0xFB41, 0xFB41, 0xFB41, 0xFB41,
  0xFB41, 0xFB41, 0xFB41, 0xFB41, 0xFB41, 0xFB41, 0xFB41, 0xFB41, 0xFB41, 0xFB41, 0xFB41, 0xFB41, 0xFB41, 0xFB41,
  0xFB41, 0xFB41, 0xFB41, 0xFB41, 0xFB41, 0xFB41, 0xFB41, 0xFB41, 0xFB41, 0xFB41, 0xFB41, 0xFB41, 0xFB41, 0xFB41,
  0xFB41, 0xFB41, 0xFB41, 0xFB41, 0xFB41, 0xFB41, 0xFB41, 0xFB41, 0xFB41, 0xFB41, 0xFB41, 0xFB41, 0xFB41, 0xFB41,
  0xFB41, 0xFB41, 0xFB41, 0xFB41, 0xFB41, 0xFB41, 0xFB41, 0xFB41, 0xFB41, 0xFB41, 0xFB41, 0xFB41, 0xFB41, 0xFB41,
  0xF341, 0xFB41, 0xFB41, 0xFB41, 0xFB41, 0xFB41, 0xFB41, 0xFB41, 0xFB41, 0xFB41, 0xFB41, 0xFB41, 0xFB41, 0xFB41,
  0xFB41, 0xFB41, 0xFB41, 0xFB41, 0xFB41, 0xFB41, 0xFB41, 0xFB41, 0xFB41, 0xFB41, 0xFB41, 0xFB41, 0xFB41, 0xFB41,
  0xFB41, 0xFB41, 0xFB41, 0xFB41, 0xFB41, 0xFB41, 0xFB41, 0xFB41, 0xFB41, 0xFB41, 0xFB41, 0xFB41, 0xFB41, 0xFB41,
  0xFB41, 0xFB41, 0xFB41, 0xFB41, 0xFB41, 0xF341, 0xFB41, 0xF341, 0xFB41, 0xFB41, 0xFB41, 0xFB41, 0xFB41, 0xFB41,
  0xFB41, 0xFB41, 0xFB41, 0xFB41, 0xFB41, 0xFB41, 0xFB41, 0xFB41, 0xFB41, 0xFB41, 0xFB41, 0xFB41, 0xFB41, 0xFB41,
  0xFB41, 0xFB41, 0xFB41, 0xFB41, 0xFB41, 0xFB41, 0xFB41, 0xFB41, 0xFB41, 0xFB41, 0xFB41, 0xFB41, 0xFB41, 0xFB41,
  0xFB41, 0xFB41, 0xFB41, 0xFB41, 0xFB41, 0xFB41, 0xFB41, 0xFB41, 0xFB41, 0xFB41, 0xF341, 0xFB41, 0xD2A0, 0xFB41,
  0xF321, 0xFB41, 0xFB41, 0xFB41, 0xFB41, 0xFB41, 0xFB41, 0xFB41, 0xFB41, 0xFB41, 0xFB41, 0xFB41, 0xFB41, 0xFB41,
  0xFB41, 0xFB41, 0xFB41, 0xFB41, 0xFB41, 0xFB41, 0xFB41, 0xFB41, 0xFB41, 0xFB41, 0xFB41, 0xFB41, 0xFB41, 0xFB41,
  0xFB41, 0xFB41, 0xFB41, 0xFB41, 0xFB41, 0xFB41, 0xFB41, 0xFB41, 0xFB41, 0xFB41, 0xFB41, 0xFB41, 0xFB41, 0xFB41,
  0xFB41, 0xF321, 0xFB41, 0xD2A0, 0x7980, 0xCAA0, 0xFB61, 0xF321, 0xFB41, 0xFB41, 0xFB41, 0xFB41, 0xFB41, 0xFB41,
  0xFB41, 0xFB41, 0xFB41, 0xFB41, 0xFB41, 0xFB41, 0xFB41, 0xFB41, 0xFB41, 0xFB41, 0xFB41, 0xFB41, 0xFB41, 0xFB41,
  0xFB41, 0xFB41, 0xFB41, 0xFB41, 0xFB41, 0xFB41, 0xFB41, 0xFB41, 0xFB41, 0xFB41, 0xFB41, 0xFB41, 0xFB41, 0xFB41,
  0xFB41, 0xFB41, 0xFB41, 0xFB41, 0xFB41, 0xFB41, 0xF321, 0xFB61, 0xCAA0, 0x7980, 0x79A0, 0x7980, 0xCAA0, 0xFB61,
  0xF321, 0xFB41, 0xFB41, 0xFB41, 0xFB41, 0xF321, 0xF321, 0xF341, 0xFB41, 0xFB41, 0xFB41, 0xFB41, 0xFB41, 0xFB41,
  0xFB41, 0xFB41, 0xFB41, 0xFB41, 0xFB41, 0xFB41, 0xFB41, 0xFB41, 0xFB41, 0xFB41, 0xFB41, 0xFB41, 0xFB41, 0xFB41,
  0xFB41, 0xFB41, 0xFB41, 0xFB41, 0xFB41, 0xF321, 0xF341, 0xF341, 0xFB41, 0xFB41, 0xFB41, 0xF321, 0xFB61, 0xCAA0,
  0x7980, 0x79A0, 0x79A0, 0x79A0, 0x7180, 0xCAA0, 0xFB61, 0xF321, 0xFB41, 0xFB41, 0xFB41, 0xFB61, 0xFB61, 0xFB41,
  0xF321, 0xF321, 0xFB41, 0xFB41, 0xFB41, 0xFB41, 0xFB41, 0xFB41, 0xFB41, 0xFB41, 0xF321, 0xF321, 0xFB41, 0xFB41,
  0xFB41, 0xFB41, 0xFB41, 0xFB41, 0xFB41, 0xFB41, 0xFB41, 0xFB41, 0xFB41, 0xFB41, 0xFB41, 0xFB41, 0xFB41, 0xFB41,
  0xFB41, 0xFB41, 0xF321, 0xFB61, 0xCAA0, 0x7180, 0x79A0, 0x79A0, 0x79A0, 0x79A0, 0x79A0, 0x7180, 0xCAA0, 0xFB61,
  0xF321, 0xFB41, 0xFB41, 0xB260, 0xB240, 0xE300, 0xFB61, 0xFB61, 0xF321, 0xF321, 0xF321, 0xF321, 0xF321, 0xF321,
  0xF321, 0xF321, 0xFB81, 0xFB41, 0xF321, 0xF321, 0xF321, 0xFB41, 0xF341, 0xF321, 0xF321, 0xF321, 0xF321, 0xF321,
  0xFB41, 0xF321, 0xF341, 0x81A0, 0x40E0, 0xBA80, 0xFB61, 0xF321, 0xFB61, 0xCAA0, 0x7180, 0x79A0, 0x79A0, 0x79A0,
  0x79A0, 0x79A0, 0x79A0, 0x79A0, 0x7180, 0xCAA0, 0xFB41, 0xFB61, 0x6960, 0x0000, 0x0000, 0x81C0, 0xBA80, 0x9A00,
  0xFB81, 0xFB61, 0xFB61, 0xFB41, 0xFB61, 0xFB61, 0xFB61, 0xFB41, 0x81A0, 0xDAE0, 0xFB61, 0xFB61, 0xFB61, 0xF321,
  0xFB41, 0xFB61, 0xFB61, 0xFB61, 0xFB61, 0xFB41, 0xF321, 0xFB61, 0xFB61, 0x1840, 0x5100, 0x40E0, 0xFB41, 0xFB41,
  0xCAA0, 0x7180, 0x79A0, 0x79A0, 0x79A0, 0x79A0, 0x79A0, 0x79A0, 0x79A0, 0x79A0, 0x79A0, 0x7180, 0xCAA0, 0xFB61,
  0x0000, 0x40E0, 0xE300, 0xF341, 0x30A0, 0x1040, 0xAA40, 0xC280, 0xAA20, 0xDAE0, 0xB260, 0xBA80, 0xB260, 0x91E0,
  0x0000, 0x6960, 0xEB21, 0xA220, 0xB260, 0xFB61, 0xEB21, 0xAA40, 0xC280, 0xAA40, 0xA220, 0xD2C0, 0xFB61, 0xCAA0,
  0xA220, 0x2080, 0x40C0, 0x48E0, 0xFB61, 0xCAA0, 0x7180, 0x79A0, 0x79A0, 0x79A0, 0x79A0, 0x79A0, 0x79A0, 0x79A0,
  0x79A0, 0x79A0, 0x79A0, 0x79A0, 0x7180, 0xD2C0, 0x6960, 0x0000, 0x2060, 0x91E0, 0x1860, 0x0820, 0x0000, 0x0000,
  0x2880, 0x2880, 0x0000, 0x1040, 0x0000, 0x0820, 0x0820, 0x1860, 0x2060, 0x38C0, 0x2080, 0x6960, 0x40E0, 0x0000,
  0x1040, 0x0000, 0x0820, 0x30A0, 0xF341, 0x0820, 0x48E0, 0x2880, 0x79A0, 0x1040, 0x89C0, 0x81A0, 0x7980, 0x79A0,
  0x79A0, 0x79A0, 0x79A0, 0x79A0, 0x79A0, 0x79A0, 0x79A0, 0x79A0, 0x79A0, 0x79A0, 0x7180, 0xCAA0, 0xFB61, 0xD2E0,
  0x2880, 0x2060, 0x5100, 0x4900, 0x6140, 0x30A0, 0xF321, 0x0000, 0x9A00, 0xFB41, 0x0820, 0x91E0, 0x2060, 0x6960,
  0x0000, 0x5120, 0x4900, 0x0820, 0x0000, 0xDAE0, 0xCAA0, 0x0000, 0xA220, 0x0000, 0x48E0, 0x0820, 0xDAE0, 0x40E0,
  0x1020, 0x6140, 0xC280, 0x7980, 0x79A0, 0x79A0, 0x79A0, 0x79A0, 0x79A0, 0x79A0, 0x79A0, 0x79A0, 0x79A0, 0x79A0,
  0x79A0, 0x7180, 0xCAA0, 0xFB41, 0x30A0, 0x6960, 0x1840, 0x38C0, 0x4900, 0x40C0, 0x4900, 0x30A0, 0xFB61, 0x0820,
  0x40E0, 0x79A0, 0x0000, 0x89C0, 0x0820, 0x7180, 0x0000, 0x79A0, 0x89E0, 0x6140, 0x0000, 0x5920, 0x5920, 0x0000,
  0xE300, 0x6960, 0x0000, 0x7180, 0xFB81, 0xDAE0, 0xC280, 0xF321, 0xFB61, 0xCAA0, 0x7980, 0x79A0, 0x79A0, 0x79A0,
  0x79A0, 0x79A0, 0x79A0, 0x79A0, 0x79A0, 0x79A0, 0x7180, 0xCAA0, 0xFB61, 0xF321, 0x79A0, 0x30A0, 0x5100, 0xDAE0,
  0x89C0, 0x79A0, 0x89C0, 0x7160, 0xFB81, 0xB260, 0x28A0, 0x40E0, 0x5100, 0xAA40, 0x5100, 0xC280, 0xA220, 0x30A0,
  0x30A0, 0xB260, 0xA220, 0x48E0, 0x5120, 0x0000, 0xEB00, 0x89E0, 0x0000, 0xE300, 0xFB41, 0xFB41, 0xFB61, 0xFB41,
  0xF321, 0xFB61, 0xCAA0, 0x7180, 0x79A0, 0x79A0, 0x79A0, 0x79A0, 0x79A0, 0x79A0, 0x79A0, 0x7180, 0xCAA0, 0xFB61,
  0xF321, 0xFB41, 0xFB81, 0xFB61, 0xFB61, 0xFB41, 0xFB41, 0xFB61, 0xFB41, 0xFB61, 0xFB21, 0xFB61, 0xFB61, 0xFB61,
  0xFB61, 0xFB41, 0xFB61, 0xFB41, 0xFB61, 0xFB41, 0xFB61, 0xF321, 0x38C0, 0x6960, 0x4900, 0x1840, 0xDAE0, 0x0000,
  0x7180, 0xFB81, 0xF321, 0xF341, 0xF321, 0xF341, 0xFB41, 0xF321, 0xFB61, 0xCAA0, 0x7180, 0x79A0, 0x79A0, 0x79A0,
  0x79A0, 0x79A0, 0x7180, 0xCAA0, 0xFB61, 0xF321, 0xFB41, 0xFB41, 0xF321, 0xF321, 0xF321, 0xF321, 0xF321, 0xF321,
  0xF321, 0xF321, 0xFB41, 0xF321, 0xF321, 0xF321, 0xF321, 0xF341, 0xF321, 0xF341, 0xF321, 0xFB41, 0xF321, 0xFB41,
  0xB240, 0x4900, 0x5920, 0xDAE0, 0xBA60, 0x5120, 0xEB01, 0xFB41, 0xF341, 0xFB41, 0xFB41, 0xFB41, 0xFB41, 0xFB41,
  0xF321, 0xFB61, 0xCAA0, 0x7180, 0x79A0, 0x79A0, 0x79A0, 0x7980, 0xCAA0, 0xFB61, 0xF321, 0xFB41, 0xFB41, 0xFB41,
  0xFB41, 0xFB41, 0xFB41, 0xFB41, 0xFB41, 0xFB41, 0xFB41, 0xFB41, 0xFB41, 0xFB41, 0xFB41, 0xFB41, 0xFB41, 0xFB41,
  0xFB41, 0xFB41, 0xFB41, 0xFB41, 0xFB41, 0xF341, 0xFB61, 0xFB81, 0xFB81, 0xFB41, 0xFB41, 0xFB61, 0xFB41, 0xFB41,
  0xFB41, 0xFB41, 0xFB41, 0xFB41, 0xFB41, 0xFB41, 0xFB41, 0xF321, 0xFB61, 0xCAA0, 0x7980, 0x79A0, 0x7980, 0xCAA0,
  0xFB61, 0xF321, 0xFB41, 0xFB41, 0xFB41, 0xFB41, 0xFB41, 0xFB41, 0xFB41, 0xFB41, 0xFB41, 0xFB41, 0xFB41, 0xFB41,
  0xFB41, 0xFB41, 0xFB41, 0xFB41, 0xFB41, 0xFB41, 0xFB41, 0xFB41, 0xFB41, 0xFB41, 0xFB41, 0xFB41, 0xF321, 0xF321,
  0xF321, 0xF321, 0xF341, 0xF321, 0xF341, 0xFB41, 0xFB41, 0xFB41, 0xFB41, 0xFB41, 0xFB41, 0xFB41, 0xFB41, 0xFB41,
  0xF321, 0xFB61, 0xCAA0, 0x7980, 0xD2A0, 0xFB41, 0xF321, 0xFB41, 0xFB41, 0xFB41, 0xFB41, 0xFB41, 0xFB41, 0xFB41,
  0xFB41, 0xFB41, 0xFB41, 0xFB41, 0xFB41, 0xFB41, 0xFB41, 0xFB41, 0xFB41, 0xFB41, 0xFB41, 0xFB41, 0xFB41, 0xFB41,
  0xFB41, 0xFB41, 0xFB41, 0xFB41, 0xFB41, 0xFB41, 0xFB41, 0xFB41, 0xFB41, 0xFB41, 0xFB41, 0xFB41, 0xFB41, 0xFB41,
  0xFB41, 0xFB41, 0xFB41, 0xFB41, 0xFB41, 0xFB41, 0xFB41, 0xF321, 0xFB41, 0xD2A0, 0xFB41, 0xF341, 0xFB41, 0xFB41,
  0xFB41, 0xFB41, 0xFB41, 0xFB41, 0xFB41, 0xFB41, 0xFB41, 0xFB41, 0xFB41, 0xFB41, 0xFB41, 0xFB41, 0xFB41, 0xFB41,
  0xFB41, 0xFB41, 0xFB41, 0xFB41, 0xFB41, 0xFB41, 0xFB41, 0xFB41, 0xFB41, 0xFB41, 0xFB41, 0xFB41, 0xFB41, 0xFB41,
  0xFB41, 0xFB41, 0xFB41, 0xFB41, 0xFB41, 0xFB41, 0xFB41, 0xFB41, 0xFB41, 0xFB41, 0xFB41, 0xFB41, 0xFB41, 0xFB41,
  0xF341, 0xFB41, 0xF341, 0xFB41, 0xFB41, 0xFB41, 0xFB41, 0xFB41, 0xFB41, 0xFB41, 0xFB41, 0xFB41, 0xFB41, 0xFB41,
  0xFB41, 0xFB41, 0xFB41, 0xFB41, 0xFB41, 0xFB41, 0xFB41, 0xFB41, 0xFB41, 0xFB41, 0xFB41, 0xFB41, 0xFB41, 0xFB41,
  0xFB41, 0xFB41, 0xFB41, 0xFB41, 0xFB41, 0xFB41, 0xFB41, 0xFB41, 0xFB41, 0xFB41, 0xFB41, 0xFB41, 0xFB41, 0xFB41,
  0xFB41, 0xFB41, 0xFB41, 0xFB41, 0xFB41, 0xFB41, 0xFB41, 0xF341, 0xFB41, 0xFB41, 0xFB41, 0xFB41, 0xFB41, 0xFB41,
  0xFB41, 0xFB41, 0xFB41, 0xFB41, 0xFB41, 0xFB41, 0xFB41, 0xFB41, 0xFB41, 0xFB41, 0xFB41, 0xFB41, 0xFB41, 0xFB41,
  0xFB41, 0xFB41, 0xFB41, 0xFB41, 0xFB41, 0xFB41, 0xFB41, 0xFB41, 0xFB41, 0xFB41, 0xFB41, 0xFB41, 0xFB41, 0xFB41,
  0xFB41, 0xFB41, 0xFB41, 0xFB41, 0xFB41, 0xFB41, 0xFB41, 0xFB41, 0xFB41, 0xFB41, 0xFB41, 0xFB41, 0xFB41, 0xFB41,
  0xFB41, 0xFB41, 0xFB41, 0xFB41, 0xFB41, 0xFB41, 0xFB41, 0xFB41, 0xFB41, 0xFB41, 0xFB41, 0xFB41, 0xFB41, 0xFB41,
  0xFB41, 0xFB41, 0xFB41, 0xFB41, 0xFB41, 0xFB41, 0xFB41, 0xFB41, 0xFB41, 0xFB41, 0xFB41, 0xFB41, 0xFB41, 0xFB41,
  0xFB41, 0xFB41, 0xFB41, 0xFB41, 0xFB41, 0xFB41, 0xFB41, 0xFB41, 0xFB41, 0xFB41, 0xFB41, 0xFB41, 0xFB41, 0xFB41,
  0xFB41, 0xFB41, 0xFB41, 0xFB41, 0xFB41, 0xFB41, 0xFB41, 0xFB41, 0xFB41, 0xFB41, 0xFB41, 0xFB41, 0xFB41, 0xFB41,
  0xFB41, 0xFB41, 0xFB41, 0xFB41, 0xFB41, 0xFB41, 0xFB41, 0xFB41, 0xFB41, 0xFB41, 0xFB41, 0xFB41, 0xFB41, 0xFB41,
  0xFB41, 0xFB41, 0xFB41, 0xFB41, 0xFB41, 0xFB41, 0xFB41, 0xFB41, 0xFB41, 0xFB41, 0xFB41, 0xFB41, 0xFB41, 0xFB41,
  0xFB41, 0xFB41, 0xFB41, 0xFB41, 0xFB41, 0xFB41, 0xFB41, 0xFB41, 0xFB41, 0xFB41, 0xFB41, 0xFB41, 0xFB41, 0xFB41,
  0xFB41, 0xFB41, 0xFB41, 0xFB41, 0xFB41, 0xFB41, 0xFB41, 0xFB41, 0xFB41, 0xFB41, 0xFB41, 0xFB41, 0xFB41, 0xFB41,
  0xFB41, 0xFB41, 0xFB41, 0xFB41, 0xFB41, 0xFB41, 0xFB41, 0xFB41, 0xFB41, 0xFB41, 0xFB41, 0xFB41, 0xFB41, 0xFB41,
  0xFB41, 0xFB41, 0xFB41, 0xFB41, 0xFB41, 0xFB41, 0xFB41, 0xFB41, 0xFB41, 0xFB41, 0xFB41, 0xFB41, 0xFB41, 0xFB41,
  0xFB41, 0xFB41, 0xFB41, 0xFB41, 0xFB41, 0xFB41, 0xFB41, 0xFB41, 0xFB41, 0xFB41, 0xFB41, 0xFB41, 0xFB41, 0xFB41,
  0xFB41, 0xFB41, 0xFB41, 0xFB41, 0xFB41, 0xFB41, 0xFB41, 0xFB41, 0xFB41, 0xFB41, 0xFB41, 0xFB41, 0xFB41, 0xF321,
  0xF321, 0xFB41, 0xFB41, 0xFB41, 0xFB41, 0xFB41, 0xFB41, 0xFB41, 0xFB41, 0xFB41, 0xFB41, 0xFB41, 0xFB41, 0xFB41,
  0xFB41, 0xFB41, 0xFB41, 0xFB41, 0xFB41, 0xFB41, 0xFB41, 0xFB41, 0xFB41, 0xFB41, 0xFB41, 0xFB41, 0xFB41, 0xFB41,
  0xFB41, 0xFB41, 0xFB41, 0xFB41, 0xFB41, 0xFB41, 0xFB41, 0xFB41, 0xFB41, 0xFB41, 0xFB41, 0xFB41, 0xFB41, 0xFB41,
  0xFB41, 0xFB41, 0xFB41, 0xFB41, 0xF321, 0xFB41, 0xFB41, 0xF321, 0xFB41, 0xFB41, 0xFB41, 0xFB41, 0xFB41, 0xFB41,
  0xFB41, 0xFB41, 0xFB41, 0xFB41, 0xFB41, 0xFB41, 0xFB41, 0xFB41, 0xFB41, 0xFB41, 0xFB41, 0xFB41, 0xFB41, 0xFB41,
  0xFB41, 0xFB41, 0xFB41, 0xFB41, 0xFB41, 0xFB41, 0xFB41, 0xFB41, 0xFB41, 0xFB41, 0xFB41, 0xFB41, 0xFB41, 0xFB41,
  0xFB41, 0xFB41, 0xFB41, 0xFB41, 0xFB41, 0xFB41, 0xFB41, 0xFB41, 0xFB41, 0xF321, 0xFB61, 0xCAA0, 0xCAA0, 0xFB61,
  0xF321, 0xFB41, 0xFB41, 0xFB41, 0xFB41, 0xFB41, 0xFB41, 0xFB41, 0xFB41, 0xFB41, 0xFB41, 0xFB41, 0xFB41, 0xFB41,
  0xFB41, 0xFB41, 0xFB41, 0xFB41, 0xFB41, 0xFB41, 0xFB41, 0xFB41, 0xFB41, 0xFB41, 0xFB41, 0xFB41, 0xFB41, 0xFB41,
  0xFB41, 0xFB41, 0xFB41, 0xFB41, 0xFB41, 0xFB41, 0xFB41, 0xFB41, 0xFB41, 0xFB41, 0xFB41, 0xFB41, 0xFB41, 0xFB41,
  0xF321, 0xFB61, 0xCAA0, 0x7180, 0x7180, 0xCAA0, 0xFB61, 0xF321, 0xFB41, 0xFB41, 0xFB41, 0xFB41, 0xFB41, 0xFB41,
  0xFB41, 0xFB41, 0xFB41, 0xFB41, 0xFB41, 0xFB41, 0xFB41, 0xFB41, 0xFB41, 0xFB41, 0xFB41, 0xFB41, 0xFB41, 0xFB41,
  0xFB41, 0xFB41, 0xFB41, 0xFB41, 0xFB41, 0xFB41, 0xFB41, 0xFB41, 0xFB41, 0xFB41, 0xFB41, 0xFB41, 0xFB41, 0xFB41,
  0xFB41, 0xFB41, 0xFB41, 0xFB41, 0xFB41, 0xF321, 0xFB61, 0xCAA0, 0x7180, 0x79A0, 0x79A0, 0x7180, 0xCAA0, 0xFB61,
  0xF321, 0xFB41, 0xFB41, 0xFB41, 0xFB41, 0xFB41, 0xFB41, 0xFB41, 0xFB41, 0xFB41, 0xFB41, 0xFB41, 0xFB41, 0xFB41,
  0xFB41, 0xFB41, 0xFB41, 0xFB41, 0xFB41, 0xFB41, 0xFB41, 0xFB41, 0xFB41, 0xFB41, 0xFB41, 0xFB41, 0xFB41, 0xFB41,
  0xFB41, 0xFB41, 0xFB41, 0xFB41, 0xFB41, 0xFB41, 0xFB41, 0xFB41, 0xFB41, 0xFB41, 0xF321, 0xFB61, 0xCAA0, 0x7180,
  0x79A0, 0x79A0, 0x79A0, 0x79A0, 0x7180, 0xCAA0, 0xFB61, 0xF321, 0xFB41, 0xFB41, 0xFB41, 0xFB41, 0xFB41, 0xFB41,
  0xFB41, 0xFB41, 0xFB41, 0xFB41, 0xFB41, 0xFB41, 0xFB41, 0xFB41, 0xFB41, 0xFB41, 0xFB41, 0xFB41, 0xFB41, 0xFB41,
  0xFB41, 0xFB41, 0xFB41, 0xFB41, 0xFB41, 0xFB41, 0xFB41, 0xFB41, 0xFB41, 0xFB41, 0xFB41, 0xFB41, 0xFB41, 0xFB41,
  0xFB41, 0xF321, 0xFB61, 0xCAA0, 0x7180, 0x79A0, 0x79A0, 0x79A0, 0x79A0, 0x79A0, 0x79A0, 0x7180, 0xCAA0, 0xFB61,
  0xF321, 0xFB41, 0xFB41, 0xFB41, 0xFB41, 0xFB41, 0xFB41, 0xFB41, 0xFB41, 0xFB41, 0xFB41, 0xFB41, 0xFB41, 0xFB41,
  0xFB41, 0xFB41, 0xFB41, 0xFB41, 0xFB41, 0xFB41, 0xFB41, 0xFB41, 0xFB41, 0xFB41, 0xFB41, 0xFB41, 0xFB41, 0xFB41,
  0xFB41, 0xFB41, 0xFB41, 0xFB41, 0xFB41, 0xFB41, 0xF321, 0xFB61, 0xCAA0, 0x7180, 0x79A0, 0x79A0, 0x79A0, 0x79A0,
  0x79A0, 0x79A0, 0x79A0, 0x79A0, 0x7180, 0xCAA0, 0xFB61, 0xF321, 0xFB41, 0xFB41, 0xFB41, 0xFB41, 0xFB41, 0xFB41,
  0xFB41, 0xFB41, 0xFB41, 0xFB41, 0xFB41, 0xFB41, 0xFB41, 0xFB41, 0xFB41, 0xFB41, 0xFB41, 0xFB41, 0xFB41, 0xFB41,
  0xFB41, 0xFB41, 0xFB41, 0xFB41, 0xFB41, 0xFB41, 0xFB41, 0xFB41, 0xFB41, 0xFB41, 0xFB41, 0xF321, 0xFB41, 0xCAA0,
  0x7980, 0x79A0, 0x79A0, 0x79A0, 0x79A0, 0x79A0, 0x79A0, 0x79A0, 0x79A0, 0x79A0, 0x79A0, 0x7980, 0xCAA0, 0xFB41,
  0xF321, 0xFB41, 0xFB41, 0xFB41, 0xFB41, 0xFB41, 0xFB41, 0xFB41, 0xFB41, 0xFB41, 0xFB41, 0xFB41, 0xFB41, 0xFB41,
  0xFB41, 0xFB41, 0xFB41, 0xFB41, 0xFB41, 0xFB41, 0xFB41, 0xFB41, 0xFB41, 0xFB41, 0xFB41, 0xFB41, 0xFB41, 0xFB41,
  0xFB41, 0xFB41, 0xF341, 0xFB41, 0xD2C0, 0x7980, 0x79A0, 0x79A0, 0x79A0, 0x79A0, 0x79A0, 0x79A0, 0x79A0, 0x79A0,
  0x79A0, 0x79A0, 0x79A0, 0x79A0, 0x7980, 0xD2C0, 0xFB41, 0xF341, 0xFB41, 0xFB41, 0xFB41, 0xFB41, 0xFB41, 0xFB41,
  0xFB41, 0xFB41, 0xFB41, 0xFB41, 0xFB41, 0xFB41, 0xFB41, 0xFB41,
};

const uint16_t logo_nflxx[2304] PROGMEM = {
  0x18E3, 0x18E3, 0x18E3, 0x18E3, 0x18E3, 0x18E3, 0x18E3, 0x18E3, 0x18E3, 0x18E3, 0x18E3, 0x18E3, 0x18E3, 0x18E3,
  0x18E3, 0x2104, 0x18C3, 0x0861, 0x1082, 0x1082, 0x1082, 0x1082, 0x1082, 0x1082, 0x1082, 0x1082, 0x1082, 0x1082,
  0x1082, 0x1082, 0x0861, 0x18C3, 0x2104, 0x18E3, 0x18E3, 0x18E3, 0x18E3, 0x18E3, 0x18E3, 0x18E3, 0x18E3, 0x18E3,
  0x18E3, 0x18E3, 0x18E3, 0x18E3, 0x18E3, 0x18E3, 0x18E3, 0x18E3, 0x18E3, 0x18E3, 0x18E3, 0x18E3, 0x18E3, 0x18E3,
  0x18E3, 0x18E3, 0x18E3, 0x18E3, 0x18E3, 0x18E3, 0x18E3, 0x18E3, 0x2104, 0x18C3, 0x0861, 0x1082, 0x1082, 0x1082,
  0x1082, 0x1082, 0x1082, 0x1082, 0x1082, 0x1082, 0x1082, 0x0861, 0x18C3, 0x2104, 0x18E3, 0x18E3, 0x18E3, 0x18E3,
  0x18E3, 0x18E3, 0x18E3, 0x18E3, 0x18E3, 0x18E3, 0x18E3, 0x18E3, 0x18E3, 0x18E3, 0x18E3, 0x18E3, 0x18E3, 0x18E3,
  0x18E3, 0x18E3, 0x18E3, 0x18E3, 0x18E3, 0x18E3, 0x18E3, 0x18E3, 0x18E3, 0x18E3, 0x18E3, 0x18E3, 0x18E3, 0x18E3,
  0x18E3, 0x2104, 0x18C3, 0x0861, 0x1082, 0x1082, 0x1082, 0x1082, 0x1082, 0x1082, 0x1082, 0x1082, 0x0861, 0x18C3,
  0x2104, 0x18E3, 0x18E3, 0x18E3, 0x18E3, 0x18E3, 0x18E3, 0x18E3, 0x18E3, 0x18E3, 0x18E3, 0x18E3, 0x18E3, 0x18E3,
  0x18E3, 0x18E3, 0x18E3, 0x18E3, 0x18E3, 0x18E3, 0x18E3, 0x18E3, 0x18E3, 0x18E3, 0x18E3, 0x18E3, 0x18E3, 0x18E3,
  0x18E3, 0x18E3, 0x18E3, 0x18E3, 0x18E3, 0x18E3, 0x18E3, 0x18E3, 0x2104, 0x18C3, 0x0861, 0x1082, 0x1082, 0x1082,
  0x1082, 0x1082, 0x1082, 0x0861, 0x18C3, 0x2104, 0x18E3, 0x18E3, 0x18E3, 0x18E3, 0x18E3, 0x18E3, 0x18E3, 0x18E3,
  0x18E3, 0x18E3, 0x18E3, 0x18E3, 0x18E3, 0x18E3, 0x18E3, 0x18E3, 0x18E3, 0x18E3, 0x18E3, 0x18E3, 0x18E3, 0x18E3,
  0x18E3, 0x18E3, 0x18E3, 0x18E3, 0x18E3, 0x18E3, 0x18E3, 0x18E3, 0x18E3, 0x18E3, 0x18E3, 0x18E3, 0x18E3, 0x18E3,
  0x18E3, 0x2104, 0x18C3, 0x0861, 0x1082, 0x1082, 0x1082, 0x1082, 0x0861, 0x18C3, 0x2104, 0x18E3, 0x18E3, 0x18E3,
  0x18E3, 0x18E3, 0x18E3, 0x18E3, 0x18E3, 0x18E3, 0x18E3, 0x18E3, 0x18E3, 0x18E3, 0x18E3, 0x18E3, 0x18E3, 0x18E3,
  0x18E3, 0x18E3, 0x18E3, 0x18E3, 0x18E3, 0x18E3, 0x18E3, 0x18E3, 0x18E3, 0x18E3, 0x18E3, 0x18E3, 0x18E3, 0x18E3,
  0x18E3, 0x18E3, 0x18E3, 0x18E3, 0x18E3, 0x18E3, 0x18E3, 0x18E3, 0x2104, 0x18C3, 0x0861, 0x1082, 0x1082, 0x0861,
  0x18C3, 0x2104, 0x18E3, 0x18E3, 0x18E3, 0x18E3, 0x18E3, 0x18E3, 0x18E3, 0x18E3, 0x18E3, 0x18E3, 0x18E3, 0x18E3,
  0x18E3, 0x18E3, 0x18E3, 0x18E3, 0x18E3, 0x18E3, 0x18E3, 0x18E3, 0x18E3, 0x18E3, 0x18E3, 0x18E3, 0x18E3, 0x18E3,
  0x18E3, 0x18E3, 0x18E3, 0x18E3, 0x18E3, 0x18E3, 0x18E3, 0x18E3, 0x18E3, 0x18E3, 0x18E3, 0x18E3, 0x18E3, 0x18E3,
  0x18E3, 0x2104, 0x18C3, 0x0861, 0x0861, 0x18C3, 0x2104, 0x18E3, 0x18E3, 0x18E3, 0x18E3, 0x18E3, 0x18E3, 0x18E3,
  0x18E3, 0x18E3, 0x18E3, 0x18E3, 0x18E3, 0x18E3, 0x18E3, 0x18E3, 0x18E3, 0x18E3, 0x18E3, 0x18E3, 0x18E3, 0x18E3,
  0x18E3, 0x18E3, 0x18E3, 0x18E3, 0x18E3, 0x18E3, 0x18E3, 0x18E3, 0x18E3, 0x18E3, 0x18E3, 0x18E3, 0x18E3, 0x18E3,
  0x18E3, 0x18E3, 0x20E3, 0x20E3, 0x20E3, 0x20E3, 0x20E3, 0x20E3, 0x2104, 0x18C3, 0x18C3, 0x2104, 0x20E3, 0x20E3,
  0x20E3, 0x20E3, 0x20E3, 0x20E3, 0x18E3, 0x18E3, 0x18E3, 0x18E3, 0x18E3, 0x18E3, 0x18E3, 0x18E3, 0x18E3, 0x18E3,
  0x18E3, 0x18E3, 0x18E3, 0x18E3, 0x18E3, 0x18E3, 0x18E3, 0x18E3, 0x18E3, 0x18E3, 0x18E3, 0x18E3, 0x18E3, 0x18E3,
  0x18E3, 0x18E3, 0x18E3, 0x18E3, 0x18E3, 0x18E3, 0x18E3, 0x18E3, 0x1104, 0x1104, 0x1104, 0x1104, 0x1104, 0x1104,
  0x20E3, 0x2104, 0x2104, 0x18E3, 0x1904, 0x1104, 0x1104, 0x1104, 0x1104, 0x1904, 0x18E3, 0x18E3, 0x18E3, 0x18E3,
  0x18E3, 0x18E3, 0x18E3, 0x18E3, 0x18E3, 0x18E3, 0x18E3, 0x18E3, 0x18E3, 0x18E3, 0x18E3, 0x18E3, 0x18E3, 0x18E3,
  0x18E3, 0x18E3, 0x18E3, 0x18E3, 0x18E3, 0x18E3, 0x18E3, 0x18E3, 0x18E3, 0x18E3, 0x18E3, 0x18E3, 0x18E3, 0x18E3,
  0x50C3, 0x60A3, 0x60A3, 0x60A3, 0x60A3, 0x48C3, 0x18E3, 0x20E3, 0x18E3, 0x18E3, 0x38C3, 0x50A3, 0x48A3, 0x48A3,
  0x48A3, 0x40C3, 0x18E3, 0x18E3, 0x18E3, 0x18E3, 0x18E3, 0x18E3, 0x18E3, 0x18E3, 0x18E3, 0x18E3, 0x18E3, 0x18E3,
  0x18E3, 0x18E3, 0x18E3, 0x18E3, 0x18E3, 0x18E3, 0x18E3, 0x18E3, 0x18E3, 0x18E3, 0x18E3, 0x18E3, 0x18E3, 0x18E3,
  0x18E3, 0x18E3, 0x18E3, 0x18E3, 0x20E3, 0x18E3, 0xB862, 0xF822, 0xE842, 0xF042, 0xF022, 0xE042, 0x28E3, 0x18E3,
  0x20E3, 0x1104, 0x8862, 0xC021, 0xB021, 0xB821, 0xB821, 0x9842, 0x18E3, 0x18E3, 0x18E3, 0x18E3, 0x18E3, 0x18E3,
  0x18E3, 0x18E3, 0x18E3, 0x18E3, 0x18E3, 0x18E3, 0x18E3, 0x18E3, 0x18E3, 0x18E3, 0x18E3, 0x18E3, 0x18E3, 0x18E3,
  0x18E3, 0x18E3, 0x18E3, 0x18E3, 0x18E3, 0x18E3, 0x18E3, 0x18E3, 0x18E3, 0x18E3, 0x20E3, 0x18E3, 0x9862, 0xE842,
  0xE042, 0xE042, 0xD842, 0xF042, 0x68A3, 0x1104, 0x20E3, 0x1104, 0x8062, 0xB821, 0xA821, 0xA821, 0xB021, 0x9042,
  0x18E3, 0x18E3, 0x18E3, 0x18E3, 0x18E3, 0x18E3, 0x18E3, 0x18E3, 0x18E3, 0x18E3, 0x18E3, 0x18E3, 0x18E3, 0x18E3,
  0x18E3, 0x18E3, 0x18E3, 0x18E3, 0x18E3, 0x18E3, 0x18E3, 0x18E3, 0x18E3, 0x18E3, 0x18E3, 0x18E3, 0x18E3, 0x18E3,
  0x18E3, 0x18E3, 0x18E3, 0x18E3, 0x9042, 0xE042, 0xE042, 0xE042, 0xE042, 0xF042, 0xA862, 0x1103, 0x20E3, 0x1104,
  0x8062, 0xB821, 0xA821, 0xB021, 0xB021, 0x9042, 0x18E3, 0x18E3, 0x18E3, 0x18E3, 0x18E3, 0x18E3, 0x18E3, 0x18E3,
  0x18E3, 0x18E3, 0x18E3, 0x18E3, 0x18E3, 0x18E3, 0x18E3, 0x18E3, 0x18E3, 0x18E3, 0x18E3, 0x18E3, 0x18E3, 0x18E3,
  0x18E3, 0x18E3, 0x18E3, 0x18E3, 0x18E3, 0x18E3, 0x18E3, 0x18E3, 0x18E3, 0x18E3, 0x9042, 0xD022, 0xE042, 0xE042,
  0xE042, 0xE042, 0xE042, 0x30E3, 0x18E3, 0x1904, 0x8062, 0xB821, 0xA821, 0xB021, 0xB021, 0x9042, 0x18E3, 0x18E3,
  0x18E3, 0x18E3, 0x18E3, 0x18E3, 0x18E3, 0x18E3, 0x18E3, 0x18E3, 0x18E3, 0x18E3, 0x18E3, 0x18E3, 0x18E3, 0x18E3,
  0x18E3, 0x18E3, 0x18E3, 0x18E3, 0x18E3, 0x18E3, 0x18E3, 0x18E3, 0x18E3, 0x18E3, 0x18E3, 0x18E3, 0x18E3, 0x18E3,
  0x18E3, 0x18E3, 0x9042, 0xC021, 0xE042, 0xE042, 0xE042, 0xE042, 0xF022, 0x70A3, 0x1104, 0x1904, 0x8062, 0xB821,
  0xA821, 0xB021, 0xB021, 0x9042, 0x18E3, 0x18E3, 0x18E3, 0x18E3, 0x18E3, 0x18E3, 0x18E3, 0x18E3, 0x18E3, 0x18E3,
  0x18E3, 0x18E3, 0x18E3, 0x18E3, 0x18E3, 0x18E3, 0x2104, 0x18E3, 0x18E3, 0x18E3, 0x18E3, 0x18E3, 0x18E3, 0x18E3,
  0x18E3, 0x18E3, 0x18E3, 0x18E3, 0x18E3, 0x18E3, 0x18E3, 0x18E3, 0x9042, 0xB021, 0xD842, 0xE842, 0xE042, 0xE042,
  0xE842, 0xB862, 0x18E3, 0x1904, 0x8062, 0xB821, 0xA821, 0xB021, 0xB021, 0x9042, 0x18E3, 0x18E3, 0x18E3, 0x18E3,
  0x18E3, 0x18E3, 0x18E3, 0x18E3, 0x18E3, 0x18E3, 0x18E3, 0x18E3, 0x18E3, 0x18E3, 0x18E3, 0x2104, 0x18C3, 0x2104,
  0x18E3, 0x18E3, 0x18E3, 0x18E3, 0x18E3, 0x18E3, 0x18E3, 0x18E3, 0x18E3, 0x18E3, 0x18E3, 0x18E3, 0x18E3, 0x18E3,
  0x9842, 0xB021, 0xC042, 0xE842, 0xE042, 0xE042, 0xE042, 0xE042, 0x40C3, 0x1104, 0x8862, 0xB821, 0xA821, 0xB021,
  0xB021, 0x9042, 0x18E3, 0x18E3, 0x18E3, 0x18E3, 0x18E3, 0x18E3, 0x18E3, 0x18E3, 0x18E3, 0x18E3, 0x18E3, 0x18E3,
  0x18E3, 0x18E3, 0x2104, 0x18C3, 0x0861, 0x18C3, 0x2104, 0x18E3, 0x18E3, 0x18E3, 0x18E3, 0x18E3, 0x18E3, 0x18E3,
  0x18E3, 0x18E3, 0x18E3, 0x18E3, 0x18E3, 0x18E3, 0x9042, 0xB021, 0xB022, 0xE042, 0xE042, 0xE042, 0xE042, 0xF022,
  0x80A3, 0x0904, 0x8862, 0xB821, 0xA821, 0xB021, 0xB021, 0x9042, 0x18E3, 0x18E3, 0x18E3, 0x18E3, 0x18E3, 0x18E3,
  0x18E3, 0x18E3, 0x18E3, 0x18E3, 0x18E3, 0x18E3, 0x18E3, 0x2104, 0x18C3, 0x0861, 0x1082, 0x0861, 0x18C3, 0x2104,
  0x18E3, 0x18E3, 0x18E3, 0x18E3, 0x18E3, 0x18E3, 0x18E3, 0x18E3, 0x18E3, 0x18E3, 0x18E3, 0x18E3, 0x9042, 0xB021,
  0xA821, 0xD042, 0xE842, 0xE042, 0xE042, 0xE842, 0xC062, 0x1104, 0x8062, 0xB821, 0xA821, 0xB021, 0xB021, 0x9042,
  0x18E3, 0x18E3, 0x18E3, 0x18E3, 0x18E3, 0x18E3, 0x18E3, 0x18E3, 0x18E3, 0x18E3, 0x18E3, 0x18E3, 0x2104, 0x18C3,
  0x0861, 0x1082, 0x1082, 0x1082, 0x0861, 0x18C3, 0x2104, 0x18E3, 0x18E3, 0x18E3, 0x18E3, 0x18E3, 0x18E3, 0x18E3,
  0x18E3, 0x18E3, 0x18E3, 0x18E3, 0x9042, 0xB821, 0xA821, 0xC042, 0xE842, 0xE042, 0xE042, 0xE042, 0xE842, 0x40C3,
  0x7862, 0xB821, 0xA821, 0xB021, 0xB021, 0x9042, 0x18E3, 0x18E3, 0x18E3, 0x18E3, 0x18E3, 0x18E3, 0x18E3, 0x18E3,
  0x18E3, 0x18E3, 0x18E3, 0x2104, 0x18C3, 0x0861, 0x1082, 0x1082, 0x1082, 0x1082, 0x1082, 0x0861, 0x18C3, 0x2104,
  0x18E3, 0x18E3, 0x18E3, 0x18E3, 0x18E3, 0x18E3, 0x18E3, 0x18E3, 0x18E3, 0x18E3, 0x9042, 0xB021, 0xA821, 0xB021,
  0xE042, 0xE042, 0xE042, 0xE042, 0xF022, 0x80A3, 0x7862, 0xB821, 0xA821, 0xB021, 0xB021, 0x9042, 0x18E3, 0x18E3,
  0x18E3, 0x18E3, 0x18E3, 0x18E3, 0x18E3, 0x18E3, 0x18E3, 0x18E3, 0x2104, 0x18C3, 0x0861, 0x1082, 0x1082, 0x1082,
  0x1082, 0x1082, 0x1082, 0x1082, 0x0861, 0x18C3, 0x2104, 0x18E3, 0x18E3, 0x18E3, 0x18E3, 0x18E3, 0x18E3, 0x18E3,
  0x18E3, 0x18E3, 0x9042, 0xB021, 0xB021, 0xA821, 0xD042, 0xE842, 0xE042, 0xE042, 0xE842, 0xC062, 0x9062, 0xB021,
  0xB021, 0xB021, 0xB021, 0x9042, 0x18E3, 0x18E3, 0x18E3, 0x18E3, 0x18E3, 0x18E3, 0x18E3, 0x18E3, 0x18E3, 0x2104,
  0x18C3, 0x0861, 0x1082, 0x1082, 0x1082, 0x1082, 0x1082, 0x1082, 0x1082, 0x1082, 0x1082, 0x0861, 0x18C3, 0x2104,
  0x18E3, 0x18E3, 0x18E3, 0x18E3, 0x18E3, 0x18E3, 0x18E3, 0x18E3, 0x9042, 0xB021, 0xB021, 0xA821, 0xC022, 0xE842,
  0xE042, 0xE042, 0xE042, 0xE042, 0xB822, 0xA821, 0xB021, 0xB021, 0xB021, 0x9042, 0x18E3, 0x18E3, 0x18E3, 0x18E3,
  0x18E3, 0x18E3, 0x18E3, 0x18E3, 0x2104, 0x18C3, 0x0861, 0x1082, 0x1082, 0x1082, 0x1082, 0x1082, 0x1082, 0x1082,
  0x1082, 0x1082, 0x1082, 0x1082, 0x0861, 0x18C3, 0x2104, 0x18E3, 0x18E3, 0x18E3, 0x18E3, 0x18E3, 0x18E3, 0x18E3,
  0x9042, 0xB021, 0xB021, 0xB021, 0xB021, 0xE042, 0xE042, 0xE042, 0xE042, 0xE842, 0xD042, 0xA821, 0xB021, 0xB021,
  0xB021, 0x9042, 0x18E3, 0x18E3, 0x18E3, 0x18E3, 0x18E3, 0x18E3, 0x18E3, 0x2104, 0x18C3, 0x0861, 0x1082, 0x1082,
  0x1082, 0x1082, 0x1082, 0x1082, 0x1082, 0x1082, 0x1082, 0x1082, 0x1082, 0x1082, 0x0861, 0x18C3, 0x2104, 0x18E3,
  0x18E3, 0x18E3, 0x18E3, 0x18E3, 0x18E3, 0x18E3, 0x9042, 0xB021, 0xB021, 0xB021, 0xA821, 0xD042, 0xE842, 0xE042,
  0xE042, 0xE042, 0xE042, 0xB021, 0xB021, 0xB021, 0xB021, 0x9042, 0x18E3, 0x18E3, 0x18E3, 0x18E3, 0x18E3, 0x18E3,
  0x18E3, 0x2104, 0x18C3, 0x0861, 0x1082, 0x1082, 0x1082, 0x1082, 0x1082, 0x1082, 0x1082, 0x1082, 0x1082, 0x1082,
  0x1082, 0x0861, 0x18C3, 0x2104, 0x18E3, 0x18E3, 0x18E3, 0x18E3, 0x18E3, 0x18E3, 0x18E3, 0x18E3, 0x9042, 0xB021,
  0xB021, 0xB021, 0xA821, 0xB822, 0xE842, 0xE042, 0xE042, 0xE042, 0xE842, 0xC022, 0xA821, 0xB021, 0xB021, 0x9042,
  0x18E3, 0x18E3, 0x18E3, 0x18E3, 0x18E3, 0x18E3, 0x18E3, 0x18E3, 0x2104, 0x18C3, 0x0861, 0x1082, 0x1082, 0x1082,
  0x1082, 0x1082, 0x1082, 0x1082, 0x1082, 0x1082, 0x0861, 0x18C3, 0x2104, 0x18E3, 0x18E3, 0x18E3, 0x18E3, 0x18E3,
  0x18E3, 0x18E3, 0x18E3, 0x18E3, 0x9042, 0xB021, 0xB021, 0xB021, 0xB021, 0x9042, 0xC862, 0xE842, 0xE042, 0xE042,
  0xE842, 0xD042, 0xA821, 0xB021, 0xB021, 0x9042, 0x18E3, 0x18E3, 0x18E3, 0x18E3, 0x18E3, 0x18E3, 0x18E3, 0x18E3,
  0x18E3, 0x2104, 0x18C3, 0x0861, 0x1082, 0x1082, 0x1082, 0x1082, 0x1082, 0x1082, 0x1082, 0x0861, 0x18C3, 0x2104,
  0x18E3, 0x18E3, 0x18E3, 0x18E3, 0x18E3, 0x18E3, 0x18E3, 0x18E3, 0x18E3, 0x18E3, 0x9042, 0xB021, 0xB021, 0xA821,
  0xB821, 0x7862, 0x8883, 0xF022, 0xE042, 0xE042, 0xE042, 0xE042, 0xB021, 0xA821, 0xB021, 0x9042, 0x18E3, 0x18E3,
  0x18E3, 0x18E3, 0x18E3, 0x18E3, 0x18E3, 0x18E3, 0x18E3, 0x18E3, 0x2104, 0x18C3, 0x0861, 0x1082, 0x1082, 0x1082,
  0x1082, 0x1082, 0x0861, 0x18C3, 0x2104, 0x18E3, 0x18E3, 0x18E3, 0x18E3, 0x18E3, 0x18E3, 0x18E3, 0x18E3, 0x18E3,
  0x18E3, 0x18E3, 0x9042, 0xB021, 0xB021, 0xA821, 0xB821, 0x7862, 0x40C3, 0xE842, 0xE042, 0xE042, 0xE042, 0xE842,
  0xC022, 0xA821, 0xB821, 0x9042, 0x18E3, 0x18E3, 0x18E3, 0x18E3, 0x18E3, 0x18E3, 0x18E3, 0x18E3, 0x18E3, 0x18E3,
  0x18E3, 0x2104, 0x18C3, 0x0861, 0x1082, 0x1082, 0x1082, 0x0861, 0x18C3, 0x2104, 0x18E3, 0x18E3, 0x18E3, 0x18E3,
  0x18E3, 0x18E3, 0x18E3, 0x18E3, 0x18E3, 0x18E3, 0x18E3, 0x18E3, 0x9042, 0xB021, 0xB021, 0xA821, 0xB821, 0x8062,
  0x1904, 0xC062, 0xE842, 0xE042, 0xE042, 0xE842, 0xD042, 0xA821, 0xB821, 0x9042, 0x18E3, 0x18E3, 0x18E3, 0x18E3,
  0x18E3, 0x18E3, 0x18E3, 0x18E3, 0x18E3, 0x18E3, 0x18E3, 0x18E3, 0x2104, 0x18C3, 0x0861, 0x1082, 0x0861, 0x18C3,
  0x2104, 0x18E3, 0x18E3, 0x18E3, 0x18E3, 0x18E3, 0x18E3, 0x18E3, 0x18E3, 0x18E3, 0x18E3, 0x18E3, 0x18E3, 0x18E3,
  0x9042, 0xB021, 0xB021, 0xA821, 0xB821, 0x8862, 0x0904, 0x8083, 0xF022, 0xE042, 0xE042, 0xE042, 0xE042, 0xB022,
  0xB021, 0x9042, 0x18E3, 0x18E3, 0x18E3, 0x18E3, 0x18E3, 0x18E3, 0x18E3, 0x18E3, 0x18E3, 0x18E3, 0x18E3, 0x18E3,
  0x18E3, 0x2104, 0x18C3, 0x0861, 0x18C3, 0x2104, 0x18E3, 0x18E3, 0x18E3, 0x18E3, 0x18E3, 0x18E3, 0x18E3, 0x18E3,
  0x18E3, 0x18E3, 0x18E3, 0x18E3, 0x18E3, 0x18E3, 0x9042, 0xB021, 0xB021, 0xA821, 0xB821, 0x8862, 0x1104, 0x40C3,
  0xE042, 0xE042, 0xE042, 0xE042, 0xE842, 0xC042, 0xB021, 0x9042, 0x18E3, 0x18E3, 0x18E3, 0x18E3, 0x18E3, 0x18E3,
  0x18E3, 0x18E3, 0x18E3, 0x18E3, 0x18E3, 0x18E3, 0x18E3, 0x18E3, 0x2104, 0x18C3, 0x2104, 0x18E3, 0x18E3, 0x18E3,
  0x18E3, 0x18E3, 0x18E3, 0x18E3, 0x18E3, 0x18E3, 0x18E3, 0x18E3, 0x18E3, 0x18E3, 0x18E3, 0x18E3, 0x9042, 0xB021,
  0xB021, 0xA821, 0xB821, 0x8062, 0x1904, 0x18E3, 0xB862, 0xE842, 0xE042, 0xE042, 0xE842, 0xD042, 0xB021, 0x9042,
  0x18E3, 0x18E3, 0x18E3, 0x18E3, 0x18E3, 0x18E3, 0x18E3, 0x18E3, 0x18E3, 0x18E3, 0x18E3, 0x18E3, 0x18E3, 0x18E3,
  0x18E3, 0x2104, 0x18E3, 0x18E3, 0x18E3, 0x18E3, 0x18E3, 0x18E3, 0x18E3, 0x18E3, 0x18E3, 0x18E3, 0x18E3, 0x18E3,
  0x18E3, 0x18E3, 0x18E3, 0x18E3, 0x9042, 0xB021, 0xB021, 0xA821, 0xB821, 0x8062, 0x1904, 0x1104, 0x78A3, 0xF022,
  0xE042, 0xE042, 0xE042, 0xE042, 0xB821, 0x9042, 0x18E3, 0x18E3, 0x18E3, 0x18E3, 0x18E3, 0x18E3, 0x18E3, 0x18E3,
  0x18E3, 0x18E3, 0x18E3, 0x18E3, 0x18E3, 0x18E3, 0x18E3, 0x18E3, 0x18E3, 0x18E3, 0x18E3, 0x18E3, 0x18E3, 0x18E3,
  0x18E3, 0x18E3, 0x18E3, 0x18E3, 0x18E3, 0x18E3, 0x18E3, 0x18E3, 0x18E3, 0x18E3, 0x9042, 0xB021, 0xB021, 0xA821,
  0xB821, 0x8062, 0x1904, 0x1903, 0x38C3, 0xE042, 0xE042, 0xE042, 0xE042, 0xE042, 0xC822, 0x9042, 0x18E3, 0x18E3,
  0x18E3, 0x18E3, 0x18E3, 0x18E3, 0x18E3, 0x18E3, 0x18E3, 0x18E3, 0x18E3, 0x18E3, 0x18E3, 0x18E3, 0x18E3, 0x18E3,
  0x18E3, 0x18E3, 0x18E3, 0x18E3, 0x18E3, 0x18E3, 0x18E3, 0x18E3, 0x18E3, 0x18E3, 0x18E3, 0x18E3, 0x18E3, 0x18E3,
  0x18E3, 0x18E3, 0x9042, 0xB021, 0xB021, 0xA821, 0xB821, 0x8062, 0x1904, 0x20E3, 0x1103, 0xB062, 0xE842, 0xE042,
  0xE042, 0xE042, 0xE042, 0x9042, 0x1903, 0x20E3, 0x18E3, 0x18E3, 0x18E3, 0x18E3, 0x18E3, 0x18E3, 0x18E3, 0x18E3,
  0x18E3, 0x18E3, 0x18E3, 0x18E3, 0x18E3, 0x18E3, 0x18E3, 0x18E3, 0x18E3, 0x18E3, 0x18E3, 0x18E3, 0x18E3, 0x18E3,
  0x18E3, 0x18E3, 0x18E3, 0x18E3, 0x18E3, 0x18E3, 0x18E3, 0x18E3, 0x9042, 0xB021, 0xB021, 0xB021, 0xB821, 0x8862,
  0x1104, 0x20E3, 0x1104, 0x70A3, 0xF822, 0xE042, 0xE842, 0xE042, 0xE842, 0x9862, 0x18E3, 0x20E3, 0x18E3, 0x18E3,
  0x18E3, 0x18E3, 0x18E3, 0x18E3, 0x18E3, 0x18E3, 0x18E3, 0x18E3, 0x18E3, 0x18E3, 0x18E3, 0x18E3, 0x18E3, 0x18E3,
  0x18E3, 0x18E3, 0x18E3, 0x18E3, 0x18E3, 0x18E3, 0x18E3, 0x18E3, 0x18E3, 0x18E3, 0x18E3, 0x18E3, 0x18E3, 0x18E3,
  0x9842, 0xB821, 0xA821, 0xA042, 0xA822, 0x7082, 0x1904, 0x20E3, 0x18E3, 0x30E3, 0xC062, 0xD042, 0xD842, 0xE042,
  0xF022, 0xB062, 0x10E3, 0x20E3, 0x18E3, 0x18E3, 0x18E3, 0x18E3, 0x18E3, 0x18E3, 0x18E3, 0x18E3, 0x18E3, 0x18E3,
  0x18E3, 0x18E3, 0x18E3, 0x18E3, 0x18E3, 0x18E3, 0x18E3, 0x18E3, 0x18E3, 0x18E3, 0x18E3, 0x18E3, 0x18E3, 0x18E3,
  0x18E3, 0x18E3, 0x18E3, 0x18E3, 0x18E3, 0x18E3, 0x40C3, 0x40C3, 0x30E3, 0x28E3, 0x20E3, 0x18E3, 0x18E3, 0x18E3,
  0x18E3, 0x18E3, 0x18E3, 0x28E3, 0x28E3, 0x38E3, 0x48C3, 0x48C3, 0x18E3, 0x18E3, 0x18E3, 0x18E3, 0x18E3, 0x18E3,
  0x18E3, 0x18E3, 0x18E3, 0x18E3, 0x18E3, 0x18E3, 0x18E3, 0x18E3, 0x18E3, 0x18E3, 0x18E3, 0x18E3, 0x18E3, 0x18E3,
  0x18E3, 0x18E3, 0x18E3, 0x18E3, 0x18E3, 0x18E3, 0x18E3, 0x18E3, 0x18E3, 0x18E3, 0x18E3, 0x18E3, 0x1904, 0x1904,
  0x1904, 0x18E3, 0x18E3, 0x18E3, 0x18E3, 0x2104, 0x2104, 0x18E3, 0x18E3, 0x18E3, 0x18E3, 0x1903, 0x1104, 0x1104,
  0x18E3, 0x18E3, 0x18E3, 0x18E3, 0x18E3, 0x18E3, 0x18E3, 0x18E3, 0x18E3, 0x18E3, 0x18E3, 0x18E3, 0x18E3, 0x18E3,
  0x18E3, 0x18E3, 0x18E3, 0x18E3, 0x18E3, 0x18E3, 0x18E3, 0x18E3, 0x18E3, 0x18E3, 0x18E3, 0x18E3, 0x18E3, 0x18E3,
  0x18E3, 0x18E3, 0x18E3, 0x18E3, 0x20E3, 0x20E3, 0x20E3, 0x20E3, 0x18E3, 0x18E3, 0x2104, 0x18C3, 0x18C3, 0x2104,
  0x18E3, 0x20E3, 0x20E3, 0x20E3, 0x20E3, 0x20E3, 0x18E3, 0x18E3, 0x18E3, 0x18E3, 0x18E3, 0x18E3, 0x18E3, 0x18E3,
  0x18E3, 0x18E3, 0x18E3, 0x18E3, 0x18E3, 0x18E3, 0x18E3, 0x18E3, 0x18E3, 0x18E3, 0x18E3, 0x18E3, 0x18E3, 0x18E3,
  0x18E3, 0x18E3, 0x18E3, 0x18E3, 0x18E3, 0x18E3, 0x18E3, 0x18E3, 0x18E3, 0x18E3, 0x18E3, 0x18E3, 0x18E3, 0x18E3,
  0x18E3, 0x2104, 0x18C3, 0x0861, 0x0861, 0x18C3, 0x2104, 0x18E3, 0x18E3, 0x18E3, 0x18E3, 0x18E3, 0x18E3, 0x18E3,
  0x18E3, 0x18E3, 0x18E3, 0x18E3, 0x18E3, 0x18E3, 0x18E3, 0x18E3, 0x18E3, 0x18E3, 0x18E3, 0x18E3, 0x18E3, 0x18E3,
  0x18E3, 0x18E3, 0x18E3, 0x18E3, 0x18E3, 0x18E3, 0x18E3, 0x18E3, 0x18E3, 0x18E3, 0x18E3, 0x18E3, 0x18E3, 0x18E3,
  0x18E3, 0x18E3, 0x18E3, 0x18E3, 0x18E3, 0x18E3, 0x2104, 0x18C3, 0x0861, 0x1082, 0x1082, 0x0861, 0x18C3, 0x2104,
  0x18E3, 0x18E3, 0x18E3, 0x18E3, 0x18E3, 0x18E3, 0x18E3, 0x18E3, 0x18E3, 0x18E3, 0x18E3, 0x18E3, 0x18E3, 0x18E3,
  0x18E3, 0x18E3, 0x18E3, 0x18E3, 0x18E3, 0x18E3, 0x18E3, 0x18E3, 0x18E3, 0x18E3, 0x18E3, 0x18E3, 0x18E3, 0x18E3,
  0x18E3, 0x18E3, 0x18E3, 0x18E3, 0x18E3, 0x18E3, 0x18E3, 0x18E3, 0x18E3, 0x18E3, 0x18E3, 0x2104, 0x18C3, 0x0861,
  0x1082, 0x1082, 0x1082, 0x1082, 0x0861, 0x18C3, 0x2104, 0x18E3, 0x18E3, 0x18E3, 0x18E3, 0x18E3, 0x18E3, 0x18E3,
  0x18E3, 0x18E3, 0x18E3, 0x18E3, 0x18E3, 0x18E3, 0x18E3, 0x18E3, 0x18E3, 0x18E3, 0x18E3, 0x18E3, 0x18E3, 0x18E3,
  0x18E3, 0x18E3, 0x18E3, 0x18E3, 0x18E3, 0x18E3, 0x18E3, 0x18E3, 0x18E3, 0x18E3, 0x18E3, 0x18E3, 0x18E3, 0x18E3,
  0x18E3, 0x18E3, 0x2104, 0x18C3, 0x0861, 0x1082, 0x1082, 0x1082, 0x1082, 0x1082, 0x1082, 0x0861, 0x18C3, 0x2104,
  0x18E3, 0x18E3, 0x18E3, 0x18E3, 0x18E3, 0x18E3, 0x18E3, 0x18E3, 0x18E3, 0x18E3, 0x18E3, 0x18E3, 0x18E3, 0x18E3,
  0x18E3, 0x18E3, 0x18E3, 0x18E3, 0x18E3, 0x18E3, 0x18E3, 0x18E3, 0x18E3, 0x18E3, 0x18E3, 0x18E3, 0x18E3, 0x18E3,
  0x18E3, 0x18E3, 0x18E3, 0x18E3, 0x18E3, 0x18E3, 0x18E3, 0x2104, 0x18C3, 0x0861, 0x1082, 0x1082, 0x1082, 0x1082,
  0x1082, 0x1082, 0x1082, 0x1082, 0x0861, 0x18C3, 0x2104, 0x18E3, 0x18E3, 0x18E3, 0x18E3, 0x18E3, 0x18E3, 0x18E3,
  0x18E3, 0x18E3, 0x18E3, 0x18E3, 0x18E3, 0x18E3, 0x18E3, 0x18E3, 0x18E3, 0x18E3, 0x18E3, 0x18E3, 0x18E3, 0x18E3,
  0x18E3, 0x18E3, 0x18E3, 0x18E3, 0x18E3, 0x18E3, 0x18E3, 0x18E3, 0x18E3, 0x18E3, 0x18E3, 0x18E3, 0x2104, 0x18C3,
  0x0861, 0x1082, 0x1082, 0x1082, 0x1082, 0x1082, 0x1082, 0x1082, 0x1082, 0x1082, 0x1082, 0x0861, 0x18C3, 0x2104,
  0x18E3, 0x18E3, 0x18E3, 0x18E3, 0x18E3, 0x18E3, 0x18E3, 0x18E3, 0x18E3, 0x18E3, 0x18E3, 0x18E3, 0x18E3, 0x18E3,
  0x18E3, 0x18E3, 0x18E3, 0x18E3, 0x18E3, 0x18E3, 0x18E3, 0x18E3, 0x18E3, 0x18E3, 0x18E3, 0x18E3, 0x18E3, 0x18E3,
  0x18E3, 0x18E3, 0x18E3, 0x2104, 0x18C3, 0x0861, 0x1082, 0x1082, 0x1082, 0x1082, 0x1082, 0x1082, 0x1082, 0x1082,
  0x1082, 0x1082, 0x1082, 0x1082, 0x0861, 0x18C3, 0x2104, 0x18E3, 0x18E3, 0x18E3, 0x18E3, 0x18E3, 0x18E3, 0x18E3,
  0x18E3, 0x18E3, 0x18E3, 0x18E3, 0x18E3, 0x18E3, 0x18E3, 0x18E3,
};

const uint16_t logo_nvdax[2304] PROGMEM = {
  0x7DC1, 0x7DC1, 0x7DC1, 0x7DC1, 0x7DC1, 0x7DC1, 0x7DC1, 0x7DC1, 0x7DC1, 0x7DC1, 0x7DC1, 0x7DC1, 0x7DC1, 0x7DC1,
  0x75A1, 0x7DE1, 0x64C0, 0x3AC0, 0x3AC0, 0x3AE0, 0x3AE0, 0x3AE0, 0x3AE0, 0x3AE0, 0x3AE0, 0x3AE0, 0x3AE0, 0x3AE0,
  0x3AE0, 0x3AC0, 0x3AC0, 0x64C0, 0x7DE1, 0x75A1, 0x7DC1, 0x7DC1, 0x7DC1, 0x7DC1, 0x7DC1, 0x7DC1, 0x7DC1, 0x7DC1,
  0x7DC1, 0x7DC1, 0x7DC1, 0x7DC1, 0x7DC1, 0x7DC1, 0x7DC1, 0x7DC1, 0x7DC1, 0x7DC1, 0x7DC1, 0x7DC1, 0x7DC1, 0x7DC1,
  0x7DC1, 0x7DC1, 0x7DC1, 0x7DC1, 0x7DC1, 0x7DC1, 0x7DC1, 0x75A1, 0x7DE1, 0x64A0, 0x3AC0, 0x3AC0, 0x3AE0, 0x3AE0,
  0x3AE0, 0x3AE0, 0x3AE0, 0x3AE0, 0x3AE0, 0x3AE0, 0x3AC0, 0x3AC0, 0x64A0, 0x7DE1, 0x75A1, 0x7DC1, 0x7DC1, 0x7DC1,
  0x7DC1, 0x7DC1, 0x7DC1, 0x7DC1, 0x7DC1, 0x7DC1, 0x7DC1, 0x7DC1, 0x7DC1, 0x7DC1, 0x7DC1, 0x7DC1, 0x7DC1, 0x7DC1,
  0x7DC1, 0x7DC1, 0x7DC1, 0x7DC1, 0x7DC1, 0x7DC1, 0x7DC1, 0x7DC1, 0x7DC1, 0x7DC1, 0x7DC1, 0x7DC1, 0x7DC1, 0x7DC1,
  0x75A1, 0x7DE1, 0x64C0, 0x3AC0, 0x3AC0, 0x3AE0, 0x3AE0, 0x3AE0, 0x3AE0, 0x3AE0, 0x3AE0, 0x3AC0, 0x3AC0, 0x64C0,
  0x7DE1, 0x75A1, 0x7DC1, 0x7DC1, 0x7DC1, 0x7DC1, 0x7DC1, 0x7DC1, 0x7DC1, 0x7DC1, 0x7DC1, 0x7DC1, 0x7DC1, 0x7DC1,
  0x7DC1, 0x7DC1, 0x7DC1, 0x7DC1, 0x7DC1, 0x7DC1, 0x7DC1, 0x7DC1, 0x7DC1, 0x7DC1, 0x7DC1, 0x7DC1, 0x7DC1, 0x7DC1,
  0x7DC1, 0x7DC1, 0x7DC1, 0x7DC1, 0x7DC1, 0x7DC1, 0x7DC1, 0x75A1, 0x7DE1, 0x64C0, 0x3AC0, 0x3AC0, 0x3AE0, 0x3AE0,
  0x3AE0, 0x3AE0, 0x3AC0, 0x3AC0, 0x64C0, 0x7DE1, 0x75A1, 0x7DC1, 0x7DC1, 0x7DC1, 0x7DC1, 0x7DC1, 0x7DC1, 0x7DC1,
  0x7DC1, 0x7DC1, 0x7DC1, 0x7DC1, 0x7DC1, 0x7DC1, 0x7DC1, 0x7DC1, 0x7DC1, 0x7DC1, 0x7DC1, 0x7DC1, 0x7DC1, 0x7DC1,
  0x7DC1, 0x7DC1, 0x7DC1, 0x7DC1, 0x7DC1, 0x7DC1, 0x7DC1, 0x7DC1, 0x7DC1, 0x7DC1, 0x7DC1, 0x7DC1, 0x7DC1, 0x7DC1,
  0x75A1, 0x7DE1, 0x64C0, 0x3AC0, 0x3AC0, 0x3AE0, 0x3AE0, 0x3AC0, 0x3AC0, 0x64C0, 0x7DE1, 0x75A1, 0x7DC1, 0x7DC1,
  0x7DC1, 0x7DC1, 0x7DC1, 0x7DC1, 0x7DC1, 0x7DC1, 0x7DC1, 0x7DC1, 0x7DC1, 0x7DC1, 0x7DC1, 0x7DC1, 0x7DC1, 0x7DC1,
  0x7DC1, 0x7DC1, 0x7DC1, 0x7DC1, 0x7DC1, 0x7DC1, 0x7DC1, 0x7DC1, 0x7DC1, 0x7DC1, 0x7DC1, 0x7DC1, 0x7DC1, 0x7DC1,
  0x7DC1, 0x7DC1, 0x7DC1, 0x7DC1, 0x7DC1, 0x7DC1, 0x7DC1, 0x75A1, 0x7DE1, 0x64C0, 0x3AC0, 0x3AE0, 0x3AE0, 0x3AC0,
  0x64C0, 0x7DE1, 0x75A1, 0x7DC1, 0x7DC1, 0x7DC1, 0x7DC1, 0x7DC1, 0x7DC1, 0x7DC1, 0x7DC1, 0x7DC1, 0x7DC1, 0x7DC1,
  0x7DC1, 0x7DC1, 0x7DC1, 0x7DC1, 0x7DC1, 0x7DC1, 0x7DC1, 0x7DC1, 0x7DC1, 0x7DC1, 0x7DC1, 0x7DC1, 0x7DC1, 0x7DC1,
  0x7DC1, 0x7DC1, 0x7DC1, 0x7DC1, 0x7DC1, 0x7DC1, 0x7DC1, 0x7DC1, 0x7DC1, 0x7DC1, 0x7DC1, 0x7DC1, 0x7DC1, 0x7DC1,
  0x75A1, 0x7DE1, 0x64C0, 0x3AC0, 0x3AC0, 0x64C0, 0x7DE1, 0x75A1, 0x7DC1, 0x7DC1, 0x7DC1, 0x7DC1, 0x7DC1, 0x7DC1,
  0x7DC1, 0x7DC1, 0x7DC1, 0x7DC1, 0x7DC1, 0x7DC1, 0x7DC1, 0x7DC1, 0x7DC1, 0x7DC1, 0x7DC1, 0x7DC1, 0x7DC1, 0x7DC1,
  0x7DC1, 0x7DC1, 0x7DC1, 0x7DC1, 0x7DC1, 0x7DC1, 0x7DC1, 0x7DC1, 0x7DC1, 0x7DC1, 0x7DC1, 0x7DC1, 0x7DC1, 0x7DC1,
  0x7DC1, 0x7DC1, 0x7DC1, 0x7DC1, 0x7DC1, 0x7DC1, 0x7DC1, 0x75A1, 0x7E01, 0x64A0, 0x64A0, 0x7E01, 0x75A1, 0x7DC1,
  0x7DC1, 0x7DC1, 0x7DC1, 0x7DC1, 0x7DC1, 0x7DC1, 0x7DC1, 0x7DC1, 0x7DC1, 0x7DC1, 0x7DC1, 0x7DC1, 0x7DC1, 0x7DC1,
  0x7DC1, 0x7DC1, 0x7DC1, 0x7DC1, 0x7DC1, 0x7DC1, 0x7DC1, 0x7DC1, 0x7DC1, 0x7DC1, 0x7DC1, 0x7DC1, 0x7DC1, 0x7DC1,
  0x7DC1, 0x7DC1, 0x7DC1, 0x7DC1, 0x7DC1, 0x7DC1, 0x7DC1, 0x7DC1, 0x7DC1, 0x7DC1, 0x7DC1, 0x7DC1, 0x7DC1, 0x7DC1,
  0x75A1, 0x7DE1, 0x7DE1, 0x75A1, 0x7DC1, 0x7DC1, 0x7DC1, 0x7DC1, 0x7DC1, 0x7DC1, 0x7DC1, 0x7DC1, 0x7DC1, 0x7DC1,
  0x7DC1, 0x7DC1, 0x7DC1, 0x7DC1, 0x7DC1, 0x7DC1, 0x7DC1, 0x7DC1, 0x7DC1, 0x7DC1, 0x7DC1, 0x7DC1, 0x7DC1, 0x7DC1,
  0x7DC1, 0x7DC1, 0x7DC1, 0x7DC1, 0x7DC1, 0x7DC1, 0x7DC1, 0x7DC1, 0x7DC1, 0x7DC1, 0x7DC1, 0x7DC1, 0x7DC1, 0x7DC1,
  0x7DC1, 0x7DC1, 0x7DC1, 0x7DC1, 0x7DC1, 0x7DC1, 0x7DC1, 0x75A1, 0x75A1, 0x7DC1, 0x7DC1, 0x7DC1, 0x7DC1, 0x7DC1,
  0x7DC1, 0x7DC1, 0x7DC1, 0x7DC1, 0x7DC1, 0x7DC1, 0x7DC1, 0x7DC1, 0x7DC1, 0x7DC1, 0x7DC1, 0x7DC1, 0x7DC1, 0x7DC1,
  0x7DC1, 0x7DC1, 0x7DC1, 0x7DC1, 0x7DC1, 0x7DC1, 0x7DC1, 0x7DC1, 0x7DC1, 0x7DC1, 0x7DC1, 0x7DC1, 0x7DC1, 0x7DC1,
  0x7DC1, 0x7DC1, 0x7DC1, 0x7DC1, 0x7DC1, 0x7DC1, 0x7DC1, 0x7DC1, 0x7DC1, 0x7DC1, 0x7DC1, 0x7DC1, 0x7DC1, 0x7DC1,
  0x7DC1, 0x7DC1, 0x7DC1, 0x7DC1, 0x7DC1, 0x7DC1, 0x7DC1, 0x7DC1, 0x7DC1, 0x7DC1, 0x7DC1, 0x7DC1, 0x7DC1, 0x7DC1,
  0x7DC1, 0x7DC1, 0x7DC1, 0x7DC1, 0x7DC1, 0x7DC1, 0x7DC1, 0x7DC1, 0x7DC1, 0x7DC1, 0x7DC1, 0x7DC1, 0x7DC1, 0x7DC1,
  0x7DC1, 0x7DC1, 0x7DC1, 0x7DC1, 0x7DC1, 0x7DC1, 0x7DC1, 0x7DC1, 0x7DC1, 0x7DC1, 0x7DC1, 0x7DC1, 0x7DC1, 0x7DC1,
  0x7DC1, 0x7DC1, 0x7DC1, 0x7DC1, 0x7DC1, 0x7DC1, 0x7DC1, 0x7DC1, 0x7DC1, 0x7DC1, 0x7DC1, 0x7DC1, 0x7DC1, 0x7DC1,
  0x7DC1, 0x7DC1, 0x7DC1, 0x7DC1, 0x7DC1, 0x7DC1, 0x7DC1, 0x7DC1, 0x7DC1, 0x7DC1, 0x7DC1, 0x7DC1, 0x7DC1, 0x7DC1,
  0x7DC1, 0x7DC1, 0x7DC1, 0x7DC1, 0x7DC1, 0x7DC1, 0x7DC1, 0x7DC1, 0x7DC1, 0x7DC1, 0x7DC1, 0x7DC1, 0x7DC1, 0x7DC1,
  0x7DC1, 0x7DC1, 0x7DC1, 0x7DC1, 0x7DC1, 0x7DC1, 0x7DC1, 0x7DC1, 0x7DC1, 0x7DC1, 0x7DC1, 0x7DC1, 0x7DC1, 0x7DC1,
  0x7DC1, 0x7DC1, 0x7DC1, 0x7DC1, 0x7DC1, 0x7DC1, 0x7DC1, 0x7DC1, 0x7DC1, 0x7DC1, 0x7DC1, 0x7DC1, 0x7DC1, 0x7DC1,
  0x7DC1, 0x7DC1, 0x7DC1, 0x7DC1, 0x7DC1, 0x7DC1, 0x7DC1, 0x7DC1, 0x7DC1, 0x7DC1, 0x7DC1, 0x7DC1, 0x7DC1, 0x7DC1,
  0x7DC1, 0x7DC1, 0x7DC1, 0x7DC1, 0x7DC1, 0x7DC1, 0x7DC1, 0x7DC1, 0x7DC1, 0x7DC1, 0x7DC1, 0x7DC1, 0x7DC1, 0x75A0,
  0x6D80, 0x6D80, 0x6D80, 0x6D80, 0x6D80, 0x6D80, 0x6D80, 0x6D80, 0x6D80, 0x6D80, 0x6D80, 0x6D80, 0x6D80, 0x6D80,
  0x6D80, 0x6D80, 0x6D80, 0x75A0, 0x7DC1, 0x7DC1, 0x7DC1, 0x7DC1, 0x7DC1, 0x7DC1, 0x7DC1, 0x7DC1, 0x7DC1, 0x7DC1,
  0x75A1, 0x7DC1, 0x7DC1, 0x7DC1, 0x7DC1, 0x7DC1, 0x7DC1, 0x7DC1, 0x7DC1, 0x7DC1, 0x7DC1, 0x7DC1, 0x7DC1, 0x7DC1,
  0x7DC1, 0x7DC1, 0x7DC1, 0x7DC1, 0x75A0, 0x85E2, 0xAE8D, 0xAEAD, 0xAEAD, 0xAEAD, 0xAEAD, 0xAEAD, 0xAEAD, 0xAEAD,
  0xAEAD, 0xAEAD, 0xAEAD, 0xAEAD, 0xAEAD, 0xAEAD, 0xAEAD, 0xAEAD, 0xAEAD, 0x9627, 0x75A0, 0x7DC1, 0x7DC1, 0x7DC1,
  0x7DC1, 0x7DC1, 0x7DC1, 0x7DC1, 0x7DC1, 0x75A1, 0x7DE1, 0x75A1, 0x7DC1, 0x7DC1, 0x7DC1, 0x7DC1, 0x7DC1, 0x7DC1,
  0x7DC1, 0x7DC1, 0x7DC1, 0x7DC1, 0x7DC1, 0x7DC1, 0x7DC1, 0x7DC1, 0x7DC1, 0x7DC1, 0x75A0, 0x8E05, 0xFFFF, 0xFFFF,
  0xFFFF, 0xFFFF, 0xFFFF, 0xFFFF, 0xFFFF, 0xFFFF, 0xFFFF, 0xFFFF, 0xFFFF, 0xFFFF, 0xFFFF, 0xFFFF, 0xFFFF, 0xFFFF,
  0xFFFF, 0xBEF1, 0x6D80, 0x7DC1, 0x7DC1, 0x7DC1, 0x7DC1, 0x7DC1, 0x7DC1, 0x7DC1, 0x75A1, 0x7DE1, 0x64C0, 0x7DE1,
  0x75A1, 0x7DC1, 0x7DC1, 0x7DC1, 0x7DC1, 0x7DC1, 0x7DC1, 0x7DC1, 0x7DC1, 0x7DC1, 0x7DC1, 0x7DC1, 0x7DC1, 0x7DC1,
  0x75A0, 0x6D80, 0x6D80, 0x8E05, 0xFFDE, 0xFFFF, 0xFFFF, 0xFFFF, 0xFFFF, 0xFFFF, 0xFFFF, 0xFFFF, 0xFFFF, 0xFFFF,
  0xFFFF, 0xFFFF, 0xFFFF, 0xFFFF, 0xFFFF, 0xFFFE, 0xFFFF, 0xBED0, 0x6D80, 0x7DC1, 0x7DC1, 0x7DC1, 0x7DC1, 0x7DC1,
  0x7DC1, 0x75A1, 0x7DE1, 0x64C0, 0x3AC0, 0x64A0, 0x7DE1, 0x75A1, 0x7DC1, 0x7DC1, 0x7DC1, 0x7DC1, 0x7DC1, 0x7DC1,
  0x7DC1, 0x7DC1, 0x7DC1, 0x7DC1, 0x75A0, 0x75A0, 0x8E26, 0xBED0, 0xE799, 0xE799, 0x7DC2, 0x7DC2, 0x8E05, 0xAE8C,
  0xD756, 0xFFFF, 0xFFFF, 0xFFFF, 0xFFFF, 0xFFFF, 0xFFFF, 0xFFFF, 0xFFFF, 0xFFFF, 0xFFFF, 0xFFFF, 0xFFFF, 0xBED0,
  0x6D80, 0x7DC1, 0x7DC1, 0x7DC1, 0x7DC1, 0x7DC1, 0x75A1, 0x7DE1, 0x64A0, 0x3AC0, 0x3AC0, 0x3AC0, 0x64C0, 0x7DE1,
  0x75A1, 0x7DC1, 0x7DC1, 0x7DC1, 0x7DC1, 0x7DC1, 0x7DC1, 0x7DC1, 0x75A0, 0x75A0, 0x9E69, 0xE799, 0xFFFF, 0xF7DD,
  0xD735, 0xBEF0, 0xC712, 0xBEF1, 0xA66A, 0x7DC1, 0x6D60, 0x85E4, 0xC713, 0xFFFF, 0xFFFF, 0xFFFF, 0xFFFF, 0xFFFF,
  0xFFFF, 0xFFFF, 0xFFFF, 0xFFFF, 0xFFFF, 0xBED0, 0x6D80, 0x7DC1, 0x7DC1, 0x7DC1, 0x7DC1, 0x75A1, 0x7DE1, 0x64C0,
  0x3AC0, 0x3AC0, 0x3AE0, 0x3AC0, 0x3AC0, 0x64C0, 0x7DE1, 0x75A1, 0x7DC1, 0x7DC1, 0x7DC1, 0x7DC1, 0x7DC1, 0x6D80,
  0x8E26, 0xDF57, 0xFFFF, 0xE799, 0x9E49, 0x6D80, 0x5D40, 0x85E3, 0xFFFF, 0xFFFF, 0xFFFF, 0xFFFF, 0xC712, 0x7DC2,
  0x6560, 0x9648, 0xEF9A, 0xFFFF, 0xFFFF, 0xFFFF, 0xFFFF, 0xFFFF, 0xFFFF, 0xFFFF, 0xFFFF, 0xBED0, 0x6D80, 0x7DC1,
  0x7DC1, 0x7DC1, 0x75A1, 0x7DE1, 0x64C0, 0x3AC0, 0x3AC0, 0x3AE0, 0x3AE0, 0x3AE0, 0x3AC0, 0x3AC0, 0x64C0, 0x7DE1,
  0x75A1, 0x7DC1, 0x7DC1, 0x75A0, 0x75A0, 0xB6AE, 0xFFFF, 0xFFFF, 0xAEAD, 0x6D80, 0x6D80, 0x9E6A, 0xDF57, 0xE799,
  0x7DC2, 0x85E3, 0x9E6A, 0xD756, 0xFFFF, 0xF7DD, 0x9E49, 0x6560, 0x7DC2, 0xDF56, 0xFFFF, 0xFFFF, 0xFFFF, 0xFFFF,
  0xFFFF, 0xFFFF, 0xFFFF, 0xBED0, 0x6D80, 0x7DC1, 0x7DC1, 0x75A1, 0x7DE1, 0x64C0, 0x3AC0, 0x3AC0, 0x3AE0, 0x3AE0,
  0x3AE0, 0x3AE0, 0x3AE0, 0x3AC0, 0x3AC0, 0x64C0, 0x7DE1, 0x75A1, 0x75A0, 0x7DE3, 0xD735, 0xFFFF, 0xF7DE, 0x9E48,
  0x6560, 0x9648, 0xE79A, 0xFFFF, 0xDF78, 0xC6F1, 0xA66B, 0x7DC1, 0x6D80, 0x75A0, 0xA68B, 0xF7DE, 0xFFFF, 0xA66B,
  0x75A0, 0x75A1, 0xD735, 0xFFFF, 0xFFFF, 0xFFFF, 0xFFFF, 0xFFFF, 0xFFFF, 0xBED0, 0x6D80, 0x7DC1, 0x75A1, 0x7DE1,
  0x64C0, 0x3AC0, 0x3AC0, 0x3AE0, 0x3AE0, 0x3AE0, 0x3AE0, 0x3AE0, 0x3AE0, 0x3AE0, 0x3AC0, 0x3AC0, 0x64C0, 0x7E01,
  0x6D80, 0xB6AE, 0xFFFF, 0xFFFF, 0xB6AE, 0x6560, 0xA68B, 0xFFFF, 0xF7DE, 0x9E49, 0x6D80, 0x85E3, 0xFFFF, 0xE799,
  0x85E3, 0x75A0, 0x75A0, 0xDF78, 0xFFFF, 0xDF78, 0x75C1, 0x6D80, 0xA68B, 0xFFFF, 0xFFFF, 0xFFFF, 0xFFFF, 0xFFFF,
  0xFFFF, 0xBED0, 0x6D80, 0x7DC1, 0x7E01, 0x64C0, 0x3AC0, 0x3AC0, 0x3AE0, 0x3AE0, 0x3AE0, 0x3AE0, 0x3AE0, 0x3AE0,
  0x3AE0, 0x3AE0, 0x3AE0, 0x3AE0, 0x3AC0, 0x64A1, 0x7DC0, 0x85E4, 0xF7DD, 0xFFFF, 0xD735, 0x6D80, 0xA68B, 0xFFFF,
  0xE79A, 0x75A0, 0x75A0, 0x8E05, 0xFFFE, 0xFFFF, 0xCF13, 0x85E4, 0xE799, 0xFFFF, 0xEFBB, 0x85E4, 0x6D80, 0xA66A,
  0xFFFE, 0xFFFF, 0xFFFF, 0xFFFF, 0xFFFF, 0xFFFF, 0xFFFF, 0xBED0, 0x6D80, 0x7DE1, 0x64A0, 0x3AC0, 0x3AE0, 0x3AE0,
  0x3AE0, 0x3AE0, 0x3AE0, 0x3AE0, 0x3AE0, 0x3AE0, 0x3AE0, 0x3AE0, 0x3AE0, 0x3AE0, 0x3AC0, 0x64A0, 0x7DE1, 0x6D80,
  0xB6CF, 0xFFFF, 0xFFFF, 0x9627, 0x6D80, 0xE778, 0xFFFF, 0xB6AD, 0x6560, 0x8E26, 0xFFFF, 0xFFFF, 0xFFFE, 0xF7DD,
  0xFFFF, 0xEFBA, 0x85E4, 0x6D60, 0xAE8C, 0xFFFF, 0xFFFF, 0xE79A, 0xC713, 0xFFFF, 0xFFFF, 0xFFFF, 0xFFFF, 0xBED0,
  0x6D80, 0x7DE1, 0x64A0, 0x3AC0, 0x3AE0, 0x3AE0, 0x3AE0, 0x3AE0, 0x3AE0, 0x3AE0, 0x3AE0, 0x3AE0, 0x3AE0, 0x3AE0,
  0x3AC0, 0x3AC0, 0x64C0, 0x7E01, 0x7DA1, 0x7DC1, 0x75A1, 0xE799, 0xFFFF, 0xE799, 0x75A0, 0x8E05, 0xF7DD, 0xFFFF,
  0x9627, 0x85E3, 0xFFFF, 0xFFFF, 0xFFFF, 0xFFFF, 0xCF34, 0x75A0, 0x75A0, 0xC6F2, 0xFFFF, 0xFFFF, 0xD756, 0x7DE3,
  0x6D80, 0x9627, 0xD735, 0xFFFE, 0xFFFF, 0xBED0, 0x6D80, 0x7DC1, 0x7E01, 0x64C0, 0x3AC0, 0x3AC0, 0x3AE0, 0x3AE0,
  0x3AE0, 0x3AE0, 0x3AE0, 0x3AE0, 0x3AE0, 0x3AC0, 0x3AC0, 0x64C0, 0x7DE1, 0x75A1, 0x7DC1, 0x7DC1, 0x75A0, 0x8E04,
  0xF7DD, 0xFFFF, 0xCF13, 0x6D60, 0x9627, 0xEFBC, 0xFFFF, 0xCF34, 0xD735, 0xDF78, 0xC6F2, 0x8E05, 0x6D80, 0x9E48,
  0xE79A, 0xFFFF, 0xFFFF, 0xB6CF, 0x75A0, 0x75C1, 0x7DC1, 0x6560, 0x85E4, 0xEFBC, 0xFFFF, 0xBED0, 0x6D80, 0x7DC1,
  0x75A1, 0x7DE1, 0x64C0, 0x3AC0, 0x3AC0, 0x3AE0, 0x3AE0, 0x3AE0, 0x3AE0, 0x3AE0, 0x3AC0, 0x3AC0, 0x64C0, 0x7DE1,
  0x75A1, 0x7DC1, 0x7DC1, 0x7DC1, 0x7DC1, 0x75A0, 0x9627, 0xF7DD, 0xFFFF, 0xC712, 0x6D80, 0x75A0, 0xBECF, 0xDF77,
  0x7DC2, 0x7DC1, 0x85E3, 0xA66B, 0xE778, 0xFFFF, 0xFFFF, 0xDF57, 0x9627, 0x75A0, 0x75A0, 0x6D80, 0x7DC2, 0xB6CF,
  0xFFDE, 0xFFFF, 0xFFFF, 0xBED0, 0x6D80, 0x7DC1, 0x7DC1, 0x75A1, 0x7DE1, 0x64C0, 0x3AC0, 0x3AC0, 0x3AE0, 0x3AE0,
  0x3AE0, 0x3AC0, 0x3AC0, 0x64C0, 0x7DE1, 0x75A1, 0x7DC1, 0x7DC1, 0x7DC1, 0x7DC1, 0x7DC1, 0x7DC1, 0x75A0, 0x8E05,
  0xE799, 0xFFFF, 0xE79A, 0x9E48, 0x6D60, 0x85E2, 0xFFFF, 0xFFFF, 0xFFFF, 0xFFFF, 0xFFFF, 0xD735, 0x9E48, 0x6D80,
  0x6D80, 0x75A0, 0x8E05, 0xBED0, 0xEFBC, 0xFFFF, 0xFFFF, 0xFFFF, 0xFFFF, 0xBED0, 0x6D80, 0x7DC1, 0x7DC1, 0x7DC1,
  0x75A1, 0x7DE1, 0x64C0, 0x3AC0, 0x3AC0, 0x3AE0, 0x3AC0, 0x3AC0, 0x64C0, 0x7DE1, 0x75A1, 0x7DC1, 0x7DC1, 0x7DC1,
  0x7DC1, 0x7DC1, 0x7DC1, 0x7DC1, 0x7DC1, 0x75A0, 0x7DC1, 0xB6CF, 0xF7DE, 0xFFFF, 0xF7DD, 0xCF34, 0xB6AE, 0xB6CF,
  0xA68B, 0x8E26, 0x75A0, 0x6560, 0x75A0, 0x8E05, 0xB6AD, 0xDF57, 0xFFFF, 0xFFFF, 0xFFFF, 0xFFFF, 0xFFFF, 0xFFFF,
  0xFFFF, 0xBED0, 0x6D80, 0x7DC1, 0x7DC1, 0x7DC1, 0x7DC1, 0x75A1, 0x7DE1, 0x64C0, 0x3AC0, 0x3AC0, 0x3AC0, 0x64A0,
  0x7DE1, 0x75A1, 0x7DC1, 0x7DC1, 0x7DC1, 0x7DC1, 0x7DC1, 0x7DC1, 0x7DC1, 0x7DC1, 0x7DC1, 0x7DC1, 0x75C0, 0x6D80,
  0x7DE2, 0xA68B, 0xD735, 0xDF77, 0x85E3, 0x7DC2, 0x8604, 0x9648, 0xB6AD, 0xCF34, 0xEF9A, 0xFFFF, 0xFFFF, 0xFFFF,
  0xFFFF, 0xFFFF, 0xFFFF, 0xFFFF, 0xFFFF, 0xFFFF, 0xFFFF, 0xBED0, 0x6D80, 0x7DC1, 0x7DC1, 0x7DC1, 0x7DC1, 0x7DC1,
  0x75A1, 0x7DE1, 0x64A0, 0x3AC0, 0x64C0, 0x7DE1, 0x75A1, 0x7DC1, 0x7DC1, 0x7DC1, 0x7DC1, 0x7DC1, 0x7DC1, 0x7DC1,
  0x7DC1, 0x7DC1, 0x7DC1, 0x7DC1, 0x7DC1, 0x7DC1, 0x75A0, 0x75A0, 0x6D80, 0x8604, 0xFFFF, 0xFFFF, 0xFFFF, 0xFFFF,
  0xFFFF, 0xFFFF, 0xFFFF, 0xFFFF, 0xFFFF, 0xFFFF, 0xFFFF, 0xFFFF, 0xFFFF, 0xFFFF, 0xFFFF, 0xFFFF, 0xFFFF, 0xBEF0,
  0x6D80, 0x7DC1, 0x7DC1, 0x7DC1, 0x7DC1, 0x7DC1, 0x7DC1, 0x75A1, 0x7DE1, 0x64C0, 0x7DE1, 0x75A1, 0x7DC1, 0x7DC1,
  0x7DC1, 0x7DC1, 0x7DC1, 0x7DC1, 0x7DC1, 0x7DC1, 0x7DC1, 0x7DC1, 0x7DC1, 0x7DC1, 0x7DC1, 0x7DC1, 0x7DC1, 0x7DC1,
  0x75A0, 0x8E05, 0xF7DD, 0xFFDE, 0xF7DD, 0xF7DD, 0xF7DD, 0xF7DD, 0xF7DD, 0xF7DE, 0xF7DE, 0xF7DE, 0xF7DE, 0xF7DE,
  0xF7DE, 0xF7DE, 0xF7DE, 0xF7DD, 0xF7DE, 0xB6CF, 0x6D80, 0x7DC1, 0x7DC1, 0x7DC1, 0x7DC1, 0x7DC1, 0x7DC1, 0x7DC1,
  0x75A1, 0x7DE1, 0x75A1, 0x7DC1, 0x7DC1, 0x7DC1, 0x7DC1, 0x7DC1, 0x7DC1, 0x7DC1, 0x7DC1, 0x7DC1, 0x7DC1, 0x7DC1,
  0x7DC1, 0x7DC1, 0x7DC1, 0x7DC1, 0x7DC1, 0x7DC1, 0x7DC0, 0x7DC1, 0x85E3, 0x85E3, 0x85E3, 0x85E3, 0x85E3, 0x85E3,
  0x85E3, 0x85E3, 0x85E3, 0x85E3, 0x85E3, 0x85E3, 0x85E3, 0x85E3, 0x85E3, 0x85E3, 0x85E3, 0x7DC2, 0x75C0, 0x7DC1,
  0x7DC1, 0x7DC1, 0x7DC1, 0x7DC1, 0x7DC1, 0x7DC1, 0x7DC1, 0x75A1, 0x7DC1, 0x7DC1, 0x7DC1, 0x7DC1, 0x7DC1, 0x7DC1,
  0x7DC1, 0x7DC1, 0x7DC1, 0x7DC1, 0x7DC1, 0x7DC1, 0x7DC1, 0x7DC1, 0x7DC1, 0x7DC1, 0x7DC1, 0x7DC1, 0x7DC1, 0x7DC0,
  0x75A0, 0x75A0, 0x75A0, 0x75A0, 0x75A0, 0x75A0, 0x75A0, 0x75A0, 0x75A0, 0x75A0, 0x75A0, 0x75A0, 0x75A0, 0x75A0,
  0x75A0, 0x75A0, 0x75A0, 0x75A0, 0x7DC1, 0x7DC1, 0x7DC1, 0x7DC1, 0x7DC1, 0x7DC1, 0x7DC1, 0x7DC1, 0x7DC1, 0x7DC1,
  0x7DC1, 0x7DC1, 0x7DC1, 0x7DC1, 0x7DC1, 0x7DC1, 0x7DC1, 0x7DC1, 0x7DC1, 0x7DC1, 0x7DC1, 0x7DC1, 0x7DC1, 0x7DC1,
  0x7DC1, 0x7DC1, 0x7DC1, 0x7DC1, 0x7DC1, 0x7DC1, 0x7DC1, 0x7DC1, 0x7DC1, 0x7DC1, 0x7DC1, 0x7DC1, 0x7DC1, 0x7DC1,
  0x7DC1, 0x7DC1, 0x7DC1, 0x7DC1, 0x7DC1, 0x7DC1, 0x7DC1, 0x7DC1, 0x7DC1, 0x7DC1, 0x7DC1, 0x7DC1, 0x7DC1, 0x7DC1,
  0x7DC1, 0x7DC1, 0x7DC1, 0x7DC1, 0x7DC1, 0x7DC1, 0x7DC1, 0x7DC1, 0x7DC1, 0x7DC1, 0x7DC1, 0x7DC1, 0x7DC1, 0x7DC1,
  0x7DC1, 0x7DC1, 0x7DC1, 0x7DC1, 0x7DC1, 0x7DC1, 0x7DC1, 0x7DC1, 0x7DC1, 0x7DC1, 0x7DC1, 0x7DC1, 0x7DC1, 0x7DC1,
  0x7DC1, 0x7DC1, 0x7DC1, 0x7DC1, 0x7DC1, 0x7DC1, 0x7DC1, 0x7DC1, 0x7DC1, 0x7DC1, 0x7DC1, 0x7DC1, 0x7DC1, 0x7DC1,
  0x7DC1, 0x7DC1, 0x7DC1, 0x7DC1, 0x7DC1, 0x7DC1, 0x7DC1, 0x7DC1, 0x7DC1, 0x7DC1, 0x7DC1, 0x7DC1, 0x7DC1, 0x7DC1,
  0x7DC1, 0x7DC1, 0x7DC1, 0x7DC1, 0x7DC1, 0x7DC1, 0x7DC1, 0x7DC1, 0x7DC1, 0x7DC1, 0x7DC1, 0x7DC1, 0x7DC1, 0x7DC1,
  0x7DC1, 0x7DC1, 0x7DC1, 0x7DC1, 0x7DC1, 0x7DC1, 0x7DC1, 0x7DC1, 0x7DC1, 0x7DC1, 0x7DC1, 0x7DC1, 0x7DC1, 0x7DC1,
  0x7DC1, 0x7DC1, 0x7DC1, 0x7DC1, 0x7DC1, 0x7DC1, 0x7DC1, 0x7DC1, 0x7DC1, 0x7DC1, 0x7DC1, 0x7DC1, 0x7DC1, 0x7DC1,
  0x7DC1, 0x7DC1, 0x7DC1, 0x7DC1, 0x7DC1, 0x7DC1, 0x7DC1, 0x7DC1, 0x7DC1, 0x7DC1, 0x7DC1, 0x7DC1, 0x7DC1, 0x7DC1,
  0x7DC1, 0x7DC1, 0x7DC1, 0x7DC1, 0x7DC1, 0x7DC1, 0x7DC1, 0x7DC1, 0x7DC1, 0x7DC1, 0x7DC1, 0x7DC1, 0x7DC1, 0x75A1,
  0x75A1, 0x7DC1, 0x7DC1, 0x7DC1, 0x7DC1, 0x7DC1, 0x7DC1, 0x7DC1, 0x7DC1, 0x7DC1, 0x7DC1, 0x7DC1, 0x7DC1, 0x7DC1,
  0x7DC1, 0x7DC1, 0x7DC1, 0x7DC1, 0x7DC1, 0x7DC1, 0x7DC1, 0x7DC1, 0x7DC1, 0x7DC1, 0x7DC1, 0x7DC1, 0x7DC1, 0x7DC1,
  0x7DC1, 0x7DC1, 0x7DC1, 0x7DC1, 0x7DC1, 0x7DC1, 0x7DC1, 0x7DC1, 0x7DC1, 0x7DC1, 0x7DC1, 0x7DC1, 0x7DC1, 0x7DC1,
  0x7DC1, 0x7DC1, 0x7DC1, 0x7DC1, 0x75A1, 0x7DE1, 0x7DE1, 0x75A1, 0x7DC1, 0x7DC1, 0x7DC1, 0x7DC1, 0x7DC1, 0x7DC1,
  0x7DC1, 0x7DC1, 0x7DC1, 0x7DC1, 0x7DC1, 0x7DC1, 0x7DC1, 0x7DC1, 0x7DC1, 0x7DC1, 0x7DC1, 0x7DC1, 0x7DC1, 0x7DC1,
  0x7DC1, 0x7DC1, 0x7DC1, 0x7DC1, 0x7DC1, 0x7DC1, 0x7DC1, 0x7DC1, 0x7DC1, 0x7DC1, 0x7DC1, 0x7DC1, 0x7DC1, 0x7DC1,
  0x7DC1, 0x7DC1, 0x7DC1, 0x7DC1, 0x7DC1, 0x7DC1, 0x7DC1, 0x7DC1, 0x7DC1, 0x75A1, 0x7E01, 0x64A0, 0x64A0, 0x7E01,
  0x75A1, 0x7DC1, 0x7DC1, 0x7DC1, 0x7DC1, 0x7DC1, 0x7DC1, 0x7DC1, 0x7DC1, 0x7DC1, 0x7DC1, 0x7DC1, 0x7DC1, 0x7DC1,
  0x7DC1, 0x7DC1, 0x7DC1, 0x7DC1, 0x7DC1, 0x7DC1, 0x7DC1, 0x7DC1, 0x7DC1, 0x7DC1, 0x7DC1, 0x7DC1, 0x7DC1, 0x7DC1,
  0x7DC1, 0x7DC1, 0x7DC1, 0x7DC1, 0x7DC1, 0x7DC1, 0x7DC1, 0x7DC1, 0x7DC1, 0x7DC1, 0x7DC1, 0x7DC1, 0x7DC1, 0x7DC1,
  0x75A1, 0x7DE1, 0x64C0, 0x3AC0, 0x3AC0, 0x64C0, 0x7DE1, 0x75A1, 0x7DC1, 0x7DC1, 0x7DC1, 0x7DC1, 0x7DC1, 0x7DC1,
  0x7DC1, 0x7DC1, 0x7DC1, 0x7DC1, 0x7DC1, 0x7DC1, 0x7DC1, 0x7DC1, 0x7DC1, 0x7DC1, 0x7DC1, 0x7DC1, 0x7DC1, 0x7DC1,
  0x7DC1, 0x7DC1, 0x7DC1, 0x7DC1, 0x7DC1, 0x7DC1, 0x7DC1, 0x7DC1, 0x7DC1, 0x7DC1, 0x7DC1, 0x7DC1, 0x7DC1, 0x7DC1,
  0x7DC1, 0x7DC1, 0x7DC1, 0x7DC1, 0x7DC1, 0x75A1, 0x7DE1, 0x64C0, 0x3AC0, 0x3AE0, 0x3AE0, 0x3AC0, 0x64C0, 0x7DE1,
  0x75A1, 0x7DC1, 0x7DC1, 0x7DC1, 0x7DC1, 0x7DC1, 0x7DC1, 0x7DC1, 0x7DC1, 0x7DC1, 0x7DC1, 0x7DC1, 0x7DC1, 0x7DC1,
  0x7DC1, 0x7DC1, 0x7DC1, 0x7DC1, 0x7DC1, 0x7DC1, 0x7DC1, 0x7DC1, 0x7DC1, 0x7DC1, 0x7DC1, 0x7DC1, 0x7DC1, 0x7DC1,
  0x7DC1, 0x7DC1, 0x7DC1, 0x7DC1, 0x7DC1, 0x7DC1, 0x7DC1, 0x7DC1, 0x7DC1, 0x7DC1, 0x75A1, 0x7DE1, 0x64C0, 0x3AC0,
  0x3AC0, 0x3AE0, 0x3AE0, 0x3AC0, 0x3AC0, 0x64C0, 0x7DE1, 0x75A1, 0x7DC1, 0x7DC1, 0x7DC1, 0x7DC1, 0x7DC1, 0x7DC1,
  0x7DC1, 0x7DC1, 0x7DC1, 0x7DC1, 0x7DC1, 0x7DC1, 0x7DC1, 0x7DC1, 0x7DC1, 0x7DC1, 0x7DC1, 0x7DC1, 0x7DC1, 0x7DC1,
  0x7DC1, 0x7DC1, 0x7DC1, 0x7DC1, 0x7DC1, 0x7DC1, 0x7DC1, 0x7DC1, 0x7DC1, 0x7DC1, 0x7DC1, 0x7DC1, 0x7DC1, 0x7DC1,
  0x7DC1, 0x75A1, 0x7DE1, 0x64C0, 0x3AC0, 0x3AC0, 0x3AE0, 0x3AE0, 0x3AE0, 0x3AE0, 0x3AC0, 0x3AC0, 0x64C0, 0x7DE1,
  0x75A1, 0x7DC1, 0x7DC1, 0x7DC1, 0x7DC1, 0x7DC1, 0x7DC1, 0x7DC1, 0x7DC1, 0x7DC1, 0x7DC1, 0x7DC1, 0x7DC1, 0x7DC1,
  0x7DC1, 0x7DC1, 0x7DC1, 0x7DC1, 0x7DC1, 0x7DC1, 0x7DC1, 0x7DC1, 0x7DC1, 0x7DC1, 0x7DC1, 0x7DC1, 0x7DC1, 0x7DC1,
  0x7DC1, 0x7DC1, 0x7DC1, 0x7DC1, 0x7DC1, 0x7DC1, 0x75A1, 0x7DE1, 0x64C0, 0x3AC0, 0x3AC0, 0x3AE0, 0x3AE0, 0x3AE0,
  0x3AE0, 0x3AE0, 0x3AE0, 0x3AC0, 0x3AC0, 0x64C0, 0x7DE1, 0x75A1, 0x7DC1, 0x7DC1, 0x7DC1, 0x7DC1, 0x7DC1, 0x7DC1,
  0x7DC1, 0x7DC1, 0x7DC1, 0x7DC1, 0x7DC1, 0x7DC1, 0x7DC1, 0x7DC1, 0x7DC1, 0x7DC1, 0x7DC1, 0x7DC1, 0x7DC1, 0x7DC1,
  0x7DC1, 0x7DC1, 0x7DC1, 0x7DC1, 0x7DC1, 0x7DC1, 0x7DC1, 0x7DC1, 0x7DC1, 0x7DC1, 0x7DC1, 0x75A1, 0x7DE1, 0x64A0,
  0x3AC0, 0x3AC0, 0x3AE0, 0x3AE0, 0x3AE0, 0x3AE0, 0x3AE0, 0x3AE0, 0x3AE0, 0x3AE0, 0x3AC0, 0x3AC0, 0x64A0, 0x7DE1,
  0x75A1, 0x7DC1, 0x7DC1, 0x7DC1, 0x7DC1, 0x7DC1, 0x7DC1, 0x7DC1, 0x7DC1, 0x7DC1, 0x7DC1, 0x7DC1, 0x7DC1, 0x7DC1,
  0x7DC1, 0x7DC1, 0x7DC1, 0x7DC1, 0x7DC1, 0x7DC1, 0x7DC1, 0x7DC1, 0x7DC1, 0x7DC1, 0x7DC1, 0x7DC1, 0x7DC1, 0x7DC1,
  0x7DC1, 0x7DC1, 0x75A1, 0x7DE1, 0x64C0, 0x3AC0, 0x3AC0, 0x3AE0, 0x3AE0, 0x3AE0, 0x3AE0, 0x3AE0, 0x3AE0, 0x3AE0,
  0x3AE0, 0x3AE0, 0x3AE0, 0x3AC0, 0x3AC0, 0x64C0, 0x7DE1, 0x75A1, 0x7DC1, 0x7DC1, 0x7DC1, 0x7DC1, 0x7DC1, 0x7DC1,
  0x7DC1, 0x7DC1, 0x7DC1, 0x7DC1, 0x7DC1, 0x7DC1, 0x7DC1, 0x7DC1,
};

const uint16_t logo_spyx[2304] PROGMEM = {
  0x00DF, 0x00DF, 0x00DF, 0x00DF, 0x00DF, 0x00DF, 0x00DF, 0x00DF, 0x00DF, 0x00DF, 0x00DF, 0x00DF, 0x00DF, 0x00DF,
  0x00DF, 0x00DF, 0x00BA, 0x006F, 0x006F, 0x0070, 0x0070, 0x0070, 0x0070, 0x0070, 0x0070, 0x0070, 0x0070, 0x0070,
  0x0070, 0x006F, 0x006F, 0x00BA, 0x00DF, 0x00DF, 0x00DF, 0x00DF, 0x00DF, 0x00DF, 0x00DF, 0x00DF, 0x00DF, 0x00DF,
  0x00DF, 0x00DF, 0x00DF, 0x00DF, 0x00DF, 0x00DF, 0x00DF, 0x00DF, 0x00DF, 0x00DF, 0x00DF, 0x00DF, 0x00DF, 0x00DF,
  0x00DF, 0x00DF, 0x00DF, 0x00DF, 0x00DF, 0x00DF, 0x00DF, 0x00DF, 0x00DF, 0x00BA, 0x006F, 0x006F, 0x0070, 0x0070,
  0x0070, 0x0070, 0x0070, 0x0070, 0x0070, 0x0070, 0x006F, 0x006F, 0x00BA, 0x00DF, 0x00DF, 0x00DF, 0x00DF, 0x00DF,
  0x00DF, 0x00DF, 0x00DF, 0x00DF, 0x00DF, 0x00DF, 0x00DF, 0x00DF, 0x00DF, 0x00DF, 0x00DF, 0x00DF, 0x00DF, 0x00DF,
  0x00DF, 0x00DF, 0x00DF, 0x00DF, 0x00DF, 0x00DF, 0x00DF, 0x00DF, 0x00DF, 0x00DF, 0x00DF, 0x00DF, 0x00DF, 0x00DF,
  0x00DF, 0x00DF, 0x00BA, 0x006F, 0x0070, 0x0070, 0x0070, 0x0070, 0x0070, 0x0070, 0x0070, 0x0070, 0x006F, 0x00BA,
  0x00DF, 0x00DF, 0x00DF, 0x00DF, 0x00DF, 0x00DF, 0x00DF, 0x00DF, 0x00DF, 0x00DF, 0x00DF, 0x00DF, 0x00DF, 0x00DF,
  0x00DF, 0x00DF, 0x00DF, 0x00DF, 0x00DF, 0x00DF, 0x00DF, 0x00DF, 0x00DF, 0x00DF, 0x00DF, 0x00DF, 0x00DF, 0x00DF,
  0x00DF, 0x00DF, 0x00DF, 0x00DF, 0x00DF, 0x00DF, 0x00DF, 0x00DF, 0x00DF, 0x00BA, 0x006F, 0x006F, 0x0070, 0x0070,
  0x0070, 0x0070, 0x006F, 0x006F, 0x00BA, 0x00DF, 0x00DF, 0x00DF, 0x00DF, 0x00DF, 0x00DF, 0x00DF, 0x00DF, 0x00DF,
  0x00DF, 0x00DF, 0x00DF, 0x00DF, 0x00DF, 0x00DF, 0x00DF, 0x00DF, 0x00DF, 0x00DF, 0x00DF, 0x00DF, 0x00DF, 0x00DF,
  0x00DF, 0x00DF, 0x00DF, 0x00DF, 0x00DF, 0x00DF, 0x00DF, 0x00DF, 0x00DF, 0x00DF, 0x00DF, 0x00DF, 0x00DF, 0x00DF,
  0x00DF, 0x00DF, 0x00BA, 0x006F, 0x006F, 0x0070, 0x0070, 0x006F, 0x006F, 0x00BA, 0x00DF, 0x00DF, 0x00DF, 0x00DF,
  0x00DF, 0x00DF, 0x00DF, 0x00DF, 0x00DF, 0x00DF, 0x00DF, 0x00DF, 0x00DF, 0x00DF, 0x00DF, 0x00DF, 0x00DF, 0x00DF,
  0x00DF, 0x00DF, 0x00DF, 0x00DF, 0x00DF, 0x00DF, 0x00DF, 0x00DF, 0x00DF, 0x00DF, 0x00DF, 0x00DF, 0x00DF, 0x00DF,
  0x00DF, 0x00DF, 0x00DF, 0x00DF, 0x00DF, 0x00DF, 0x00DF, 0x00DF, 0x00DF, 0x00BA, 0x006F, 0x0070, 0x0070, 0x006F,
  0x00BA, 0x00DF, 0x00DF, 0x00DF, 0x00DF, 0x00DF, 0x00DF, 0x00DF, 0x00DF, 0x00DF, 0x00DF, 0x00DF, 0x00DF, 0x00DF,
  0x00DF, 0x00DF, 0x00DF, 0x00DF, 0x00DF, 0x00DF, 0x00DF, 0x00DF, 0x00DF, 0x00DF, 0x00DF, 0x00DF, 0x00DF, 0x00DF,
  0x00DF, 0x00DF, 0x00DF, 0x00DF, 0x00DF, 0x00DF, 0x00DF, 0x00DF, 0x00DF, 0x00DF, 0x00DF, 0x00DF, 0x00DF, 0x00DF,
  0x00DF, 0x00DF, 0x00BA, 0x006F, 0x006F, 0x00BA, 0x00DF, 0x00DF, 0x00DF, 0x00DF, 0x00DF, 0x00DF, 0x00DF, 0x00DF,
  0x00DF, 0x00DF, 0x00DF, 0x00DF, 0x00DF, 0x00DF, 0x00DF, 0x00DF, 0x00DF, 0x00DF, 0x00DF, 0x00DF, 0x00DF, 0x00DF,
  0x00DF, 0x00DF, 0x00DF, 0x00DF, 0x00DF, 0x00DF, 0x00DF, 0x00DF, 0x00DF, 0x00DF, 0x00DF, 0x00DF, 0x00DF, 0x00DF,
  0x00DF, 0x00DF, 0x00DF, 0x00DF, 0x00DF, 0x00DF, 0x00DF, 0x00DF, 0x00DF, 0x00B9, 0x00B9, 0x00DF, 0x00DF, 0x00DF,
  0x00DF, 0x00DF, 0x00DF, 0x00DF, 0x00DF, 0x00DF, 0x00DF, 0x00DF, 0x00DF, 0x00DF, 0x00DF, 0x00DF, 0x00DF, 0x00DF,
  0x00DF, 0x00DF, 0x00DF, 0x00DF, 0x00DF, 0x00DF, 0x00DF, 0x00DF, 0x00DF, 0x00DF, 0x00DF, 0x00DF, 0x00DF, 0x00DF,
  0x00DF, 0x00DF, 0x00DF, 0x00DF, 0x00DF, 0x00DF, 0x00DF, 0x00DF, 0x00DF, 0x00DF, 0x00DF, 0x00DF, 0x00DF, 0x00DF,
  0x00DF, 0x00DF, 0x00DF, 0x00DF, 0x00DF, 0x00DF, 0x00DF, 0x00DF, 0x00DF, 0x00DF, 0x00DF, 0x00DF, 0x00DF, 0x00DF,
  0x00DF, 0x00DF, 0x00DF, 0x00DF, 0x00DF, 0x00DF, 0x00DF, 0x00DF, 0x00DF, 0x00DF, 0x00DF, 0x00DF, 0x00DF, 0x00DF,
  0x00DF, 0x00DF, 0x00DF, 0x00DF, 0x00DF, 0x00DF, 0x00DF, 0x00DF, 0x00DF, 0x00DF, 0x00DF, 0x00DF, 0x00DF, 0x00DF,
  0x00DF, 0x00DF, 0x00DF, 0x00DF, 0x00DF, 0x00DF, 0x00DF, 0x00DF, 0x00DF, 0x00DF, 0x00DF, 0x00DF, 0x00DF, 0x00DF,
  0x00DF, 0x00FF, 0x00FF, 0x00FF, 0x00FF, 0x00FF, 0x00DF, 0x00DF, 0x00DF, 0x00DF, 0x00DF, 0x00DF, 0x00DF, 0x00DF,
  0x00DF, 0x00DF, 0x00DF, 0x00DF, 0x00DF, 0x00DF, 0x00DF, 0x00DF, 0x00DF, 0x00DF, 0x00DF, 0x00DF, 0x00DF, 0x00DF,
  0x00DF, 0x00DF, 0x00DF, 0x00DF, 0x00DF, 0x00DF, 0x00DF, 0x00DF, 0x00DF, 0x00DF, 0x00DF, 0x00DF, 0x00DF, 0x00DF,
  0x00DF, 0x00DF, 0x00DF, 0x00FF, 0x00FF, 0x00DF, 0x00BF, 0x007F, 0x005F, 0x005F, 0x007F, 0x009F, 0x00BF, 0x00DF,
  0x00DF, 0x00DF, 0x00DF, 0x00DF, 0x00DF, 0x00DF, 0x00DF, 0x00DF, 0x00DF, 0x00DF, 0x00DF, 0x00DF, 0x00DF, 0x00DF,
  0x00DF, 0x00DF, 0x00DF, 0x00DF, 0x00DF, 0x00DF, 0x00DF, 0x00DF, 0x00DF, 0x00DF, 0x00DF, 0x00DF, 0x00DF, 0x00DF,
  0x00DF, 0x00DF, 0x00DF, 0x00DF, 0x00DF, 0x00DF, 0x00FF, 0x00FF, 0x00DF, 0x007F, 0x005F, 0x00BF, 0x199F, 0x4ADF,
  0x73FF, 0x94FF, 0xADBF, 0xBE3F, 0x845F, 0x007F, 0x00FF, 0x00DF, 0x00DF, 0x00DF, 0x00DF, 0x00DF, 0x00DF, 0x00DF,
  0x00DF, 0x00DF, 0x00DF, 0x00DF, 0x00DF, 0x00DF, 0x00DF, 0x00DF, 0x00DF, 0x00DF, 0x00DF, 0x00DF, 0x00DF, 0x00DF,
  0x00DF, 0x00DF, 0x00DF, 0x00DF, 0x00DF, 0x00DF, 0x00DF, 0x00DF, 0x00DF, 0x00FF, 0x00FF, 0x00DF, 0x007F, 0x005F,
  0x091F, 0x4ABF, 0x8CDF, 0xCE9F, 0xF7BF, 0xFFFF, 0xFFFF, 0xFFFF, 0xFFFF, 0xFFFF, 0xADBF, 0x005F, 0x00FF, 0x00DF,
  0x00DF, 0x00DF, 0x00DF, 0x00DF, 0x00DF, 0x00DF, 0x00DF, 0x00DF, 0x00DF, 0x00DF, 0x00DF, 0x00DF, 0x00DF, 0x00DF,
  0x00DF, 0x00DF, 0x00DF, 0x00DF, 0x00DF, 0x00DF, 0x00DF, 0x00DF, 0x00DF, 0x00DF, 0x00DF, 0x00DF, 0x00FF, 0x00FF,
  0x00DF, 0x007F, 0x005F, 0x091F, 0x4ADF, 0x9D3F, 0xE73F, 0xFFFF, 0xFFFF, 0xFFFF, 0xFFFF, 0xFFDF, 0xFFDF, 0xFFFF,
  0xFFFF, 0xFFFF, 0xADBF, 0x005F, 0x00FF, 0x00DF, 0x00DF, 0x00DF, 0x00DF, 0x00DF, 0x00DF, 0x00DF, 0x00DF, 0x00DF,
  0x00DF, 0x00DF, 0x00DF, 0x00DF, 0x00DF, 0x00DF, 0x00DF, 0x00DF, 0x00DF, 0x00DF, 0x00DF, 0x00FF, 0x00FF, 0x00FF,
  0x00FF, 0x00FF, 0x00FF, 0x00BF, 0x007F, 0x005F, 0x08FF, 0x429F, 0x94FF, 0xE71F, 0xFFFF, 0xFFFF, 0xFFFF, 0xFFDF,
  0xFFFF, 0xFFFF, 0xFFFF, 0xFFFF, 0xFFFF, 0xEF7F, 0xD6DF, 0xCE7F, 0x847F, 0x007F, 0x00FF, 0x00DF, 0x00DF, 0x00DF,
  0x00DF, 0x00DF, 0x00DF, 0x00DF, 0x00DF, 0x00DF, 0x00DF, 0x00DF, 0x00DF, 0x00DF, 0x00DF, 0x00DF, 0x00DF, 0x00DF,
  0x00DF, 0x00DF, 0x00DF, 0x009F, 0x007F, 0x007F, 0x005F, 0x005F, 0x009F, 0x115F, 0x4ADF, 0x94FF, 0xDEFF, 0xFFFF,
  0xFFFF, 0xFFFF, 0xFFDF, 0xFFFF, 0xFFFF, 0xFFFF, 0xFFFF, 0xD6BF, 0x94FF, 0x5B5F, 0x2A1F, 0x115F, 0x00DF, 0x00BF,
  0x00BF, 0x00DF, 0x00DF, 0x00DF, 0x00DF, 0x00DF, 0x00DF, 0x00DF, 0x00DF, 0x00DF, 0x00DF, 0x00DF, 0x00BA, 0x00DF,
  0x00DF, 0x00DF, 0x00DF, 0x00DF, 0x00DF, 0x00DF, 0x00DF, 0x00DF, 0x00DF, 0x21FF, 0x325F, 0x4ADF, 0x63BF, 0x94DF,
  0xC63F, 0xEF7F, 0xFFFF, 0xFFFF, 0xFFFF, 0xFFDF, 0xFFFF, 0xFFFF, 0xFFFF, 0xFFDF, 0xC65F, 0x73FF, 0x29FF, 0x00DF,
  0x005F, 0x007F, 0x009F, 0x00BF, 0x00DF, 0x00DF, 0x00DF, 0x00DF, 0x00DF, 0x00DF, 0x00DF, 0x00DF, 0x00DF, 0x00DF,
  0x00DF, 0x00DF, 0x00DF, 0x00BA, 0x006F, 0x00BA, 0x00DF, 0x00DF, 0x00DF, 0x00DF, 0x00DF, 0x00DF, 0x00DF, 0x00DF,
  0x00DF, 0xDEFF, 0xFFFF, 0xFFFF, 0xFFFF, 0xFFFF, 0xFFFF, 0xFFFF, 0xFFDF, 0xFFFF, 0xFFFF, 0xFFFF, 0xFFFF, 0xCE7F,
  0x7C3F, 0x29FF, 0x009F, 0x005F, 0x009F, 0x00DF, 0x00FF, 0x00FF, 0x00FF, 0x00DF, 0x00DF, 0x00DF, 0x00DF, 0x00DF,
  0x00DF, 0x00DF, 0x00DF, 0x00DF, 0x00DF, 0x00DF, 0x00DF, 0x00DF, 0x00BA, 0x006F, 0x006F, 0x006F, 0x00BA, 0x00DF,
  0x00DF, 0x00DF, 0x00DF, 0x00DF, 0x00DF, 0x00DF, 0x00DF, 0xD6DF, 0xFFDF, 0xFFDF, 0xFFDF, 0xFFFF, 0xFFFF, 0xFFFF,
  0xFFFF, 0xFFFF, 0xCE7F, 0x845F, 0x323F, 0x00BF, 0x005F, 0x009F, 0x00DF, 0x00FF, 0x00FF, 0x00DF, 0x00DF, 0x00DF,
  0x00DF, 0x00DF, 0x00DF, 0x00DF, 0x00DF, 0x00DF, 0x00DF, 0x00DF, 0x00DF, 0x00DF, 0x00DF, 0x00DF, 0x00DF, 0x00BA,
  0x006F, 0x006F, 0x0070, 0x006F, 0x006F, 0x00BA, 0x00DF, 0x00DF, 0x00DF, 0x00DF, 0x00DF, 0x00DF, 0x00DF, 0xE75F,
  0xFFFF, 0xFFFF, 0xFFFF, 0xF79F, 0xD6BF, 0xA55F, 0x63BF, 0x29FF, 0x00BF, 0x005F, 0x009F, 0x00DF, 0x00FF, 0x00FF,
  0x00DF, 0x00DF, 0x00DF, 0x00DF, 0x00DF, 0x00DF, 0x00DF, 0x00DF, 0x00DF, 0x00DF, 0x00DF, 0x00DF, 0x00DF, 0x00DF,
  0x00DF, 0x00DF, 0x00DF, 0x00DF, 0x00BA, 0x006F, 0x006F, 0x0070, 0x0070, 0x0070, 0x006F, 0x006F, 0x00BA, 0x00DF,
  0x00DF, 0x00DF, 0x00DF, 0x00DF, 0x00DF, 0x535F, 0x637F, 0x4AFF, 0x325F, 0x199F, 0x00DF, 0x007F, 0x007F, 0x009F,
  0x00FF, 0x00FF, 0x00FF, 0x00DF, 0x00DF, 0x00DF, 0x00DF, 0x00DF, 0x00DF, 0x00DF, 0x00DF, 0x00DF, 0x00DF, 0x00DF,
  0x00DF, 0x00DF, 0x00DF, 0x00DF, 0x00DF, 0x00DF, 0x00DF, 0x00DF, 0x00DF, 0x00BA, 0x006F, 0x006F, 0x0070, 0x0070,
  0x0070, 0x0070, 0x0070, 0x0070, 0x006F, 0x00BA, 0x00DF, 0x00DF, 0x00DF, 0x00DF, 0x00DF, 0x005F, 0x003F, 0x003F,
  0x005F, 0x007F, 0x00BF, 0x00BF, 0x00DF, 0x00BF, 0x00BF, 0x00BF, 0x00BF, 0x00BF, 0x00BF, 0x00BF, 0x00BF, 0x00BF,
  0x00BF, 0x00BF, 0x00BF, 0x00BF, 0x00BF, 0x00BF, 0x00BF, 0x00BF, 0x00BF, 0x00DF, 0x00DF, 0x00DF, 0x00DF, 0x00DF,
  0x00BA, 0x006F, 0x0070, 0x0070, 0x0070, 0x0070, 0x0070, 0x0070, 0x0070, 0x0070, 0x006F, 0x006F, 0x00BA, 0x00DF,
  0x00DF, 0x00DF, 0x00DF, 0xADBF, 0xCE9F, 0xCE9F, 0xCE9F, 0xCE7F, 0xCE7F, 0xCE7F, 0xCE7F, 0xCE7F, 0xCE7F, 0xCE7F,
  0xCE7F, 0xCE7F, 0xCE7F, 0xCE7F, 0xCE7F, 0xCE7F, 0xCE7F, 0xCE7F, 0xCE7F, 0xCE7F, 0xCE7F, 0xCE7F, 0xC67F, 0xCE9F,
  0x847F, 0x007F, 0x00FF, 0x00DF, 0x00DF, 0x00BA, 0x006F, 0x006F, 0x0070, 0x0070, 0x0070, 0x0070, 0x0070, 0x0070,
  0x0070, 0x0070, 0x0070, 0x0070, 0x006F, 0x00B9, 0x00DF, 0x00DF, 0x00DF, 0xE71F, 0xFFFF, 0xFFFF, 0xFFFF, 0xFFFF,
  0xFFFF, 0xFFFF, 0xFFFF, 0xFFFF, 0xFFFF, 0xFFFF, 0xFFFF, 0xFFFF, 0xFFFF, 0xFFFF, 0xFFFF, 0xFFFF, 0xFFFF, 0xFFFF,
  0xFFFF, 0xFFFF, 0xFFFF, 0xFFFF, 0xFFFF, 0xFFFF, 0xAD9F, 0x007F, 0x00FF, 0x00DF, 0x00B9, 0x006F, 0x0070, 0x0070,
  0x0070, 0x0070, 0x0070, 0x0070, 0x0070, 0x0070, 0x0070, 0x0070, 0x0070, 0x0070, 0x006F, 0x00B9, 0x00DF, 0x00DF,
  0x00DF, 0xE71F, 0xFFFF, 0xFFFF, 0xFFFF, 0xFFFF, 0xFFFF, 0xFFFF, 0xFFFF, 0xFFFF, 0xFFFF, 0xFFFF, 0xFFFF, 0xFFFF,
  0xFFFF, 0xFFFF, 0xFFFF, 0xFFFF, 0xFFFF, 0xFFFF, 0xFFFF, 0xFFFF, 0xFFFF, 0xFFFF, 0xFFFF, 0xFFFF, 0xADBF, 0x005F,
  0x00FF, 0x00DF, 0x00B9, 0x006F, 0x0070, 0x0070, 0x0070, 0x0070, 0x0070, 0x0070, 0x0070, 0x0070, 0x0070, 0x0070,
  0x006F, 0x006F, 0x00BA, 0x00DF, 0x00DF, 0x00DF, 0x00DF, 0xA57F, 0xC67F, 0xC65F, 0xC65F, 0xC65F, 0xC65F, 0xC65F,
  0xC65F, 0xC65F, 0xC65F, 0xC65F, 0xC65F, 0xC65F, 0xC65F, 0xC65F, 0xC65F, 0xC65F, 0xC65F, 0xC65F, 0xC65F, 0xC65F,
  0xC67F, 0xCE7F, 0xC65F, 0xCE9F, 0x847F, 0x007F, 0x00FF, 0x00DF, 0x00DF, 0x00BA, 0x006F, 0x006F, 0x0070, 0x0070,
  0x0070, 0x0070, 0x0070, 0x0070, 0x0070, 0x0070, 0x006F, 0x00BA, 0x00DF, 0x00DF, 0x00DF, 0x00DF, 0x00DF, 0x00BF,
  0x009F, 0x009F, 0x009F, 0x009F, 0x009F, 0x009F, 0x009F, 0x009F, 0x009F, 0x009F, 0x009F, 0x009F, 0x009F, 0x009F,
  0x009F, 0x00BF, 0x00BF, 0x00BF, 0x00BF, 0x009F, 0x007F, 0x005F, 0x003F, 0x001F, 0x005F, 0x00DF, 0x00DF, 0x00DF,
  0x00DF, 0x00DF, 0x00BA, 0x006F, 0x0070, 0x0070, 0x0070, 0x0070, 0x0070, 0x0070, 0x006F, 0x006F, 0x00BA, 0x00DF,
  0x00DF, 0x00DF, 0x00DF, 0x00DF, 0x00DF, 0x00DF, 0x00DF, 0x00DF, 0x00DF, 0x00DF, 0x00DF, 0x00DF, 0x00DF, 0x00DF,
  0x00DF, 0x00DF, 0x00DF, 0x00DF, 0x00FF, 0x00FF, 0x00FF, 0x00DF, 0x009F, 0x005F, 0x009F, 0x091F, 0x21DF, 0x3A9F,
  0x533F, 0x6BBF, 0x4ADF, 0x00BF, 0x00DF, 0x00DF, 0x00DF, 0x00DF, 0x00DF, 0x00BA, 0x006F, 0x006F, 0x0070, 0x0070,
  0x0070, 0x006F, 0x006F, 0x00BA, 0x00DF, 0x00DF, 0x00DF, 0x00DF, 0x00DF, 0x00DF, 0x00DF, 0x00DF, 0x00DF, 0x00DF,
  0x00DF, 0x00DF, 0x00DF, 0x00DF, 0x00DF, 0x00DF, 0x00DF, 0x00DF, 0x00FF, 0x00FF, 0x00DF, 0x007F, 0x005F, 0x00FF,
  0x3A5F, 0x741F, 0xB5DF, 0xDF1F, 0xFFDF, 0xFFFF, 0xFFFF, 0xFFFF, 0xB5DF, 0x005F, 0x00FF, 0x00DF, 0x00DF, 0x00DF,
  0x00DF, 0x00DF, 0x00BA, 0x006F, 0x006F, 0x0070, 0x006F, 0x006F, 0x00BA, 0x00DF, 0x00DF, 0x00DF, 0x00DF, 0x00DF,
  0x00DF, 0x00DF, 0x00DF, 0x00DF, 0x00DF, 0x00DF, 0x00DF, 0x00DF, 0x00DF, 0x00DF, 0x00DF, 0x00FF, 0x00FF, 0x00DF,
  0x007F, 0x005F, 0x08FF, 0x42BF, 0x94FF, 0xDEFF, 0xFFFF, 0xFFFF, 0xFFFF, 0xFFFF, 0xFFFF, 0xFFDF, 0xF7BF, 0xFFDF,
  0xA57F, 0x007F, 0x00FF, 0x00DF, 0x00DF, 0x00DF, 0x00DF, 0x00DF, 0x00DF, 0x00BA, 0x006F, 0x006F, 0x006F, 0x00BA,
  0x00DF, 0x00DF, 0x00DF, 0x00DF, 0x00DF, 0x00DF, 0x00DF, 0x00DF, 0x00DF, 0x00DF, 0x00DF, 0x00DF, 0x00DF, 0x00FF,
  0x00FF, 0x00FF, 0x00DF, 0x007F, 0x005F, 0x00DF, 0x3A7F, 0x94DF, 0xDF1F, 0xFFFF, 0xFFFF, 0xFFFF, 0xFFDF, 0xFFDF,
  0xFFFF, 0xFFFF, 0xFFFF, 0xFFFF, 0xFFFF, 0xFFFF, 0xA57F, 0x007F, 0x00FF, 0x00DF, 0x00DF, 0x00DF, 0x00DF, 0x00DF,
  0x00DF, 0x00DF, 0x00BA, 0x006F, 0x00BA, 0x00DF, 0x00DF, 0x00DF, 0x00DF, 0x00DF, 0x00DF, 0x00DF, 0x00DF, 0x00DF,
  0x00DF, 0x00DF, 0x00DF, 0x00DF, 0x00BF, 0x007F, 0x005F, 0x007F, 0x091F, 0x3A7F, 0x8CBF, 0xD6DF, 0xFFFF, 0xFFFF,
  0xFFFF, 0xFFDF, 0xFFFF, 0xFFFF, 0xFFFF, 0xFFFF, 0xE73F, 0xB5DF, 0x847F, 0x5B5F, 0x429F, 0x323F, 0x199F, 0x00DF,
  0x00DF, 0x00DF, 0x00DF, 0x00DF, 0x00DF, 0x00DF, 0x00DF, 0x00DF, 0x00DF, 0x00BA, 0x00DF, 0x00DF, 0x00DF, 0x00DF,
  0x00DF, 0x00DF, 0x00DF, 0x00DF, 0x00DF, 0x00DF, 0x00DF, 0x00BF, 0x00BF, 0x00FF, 0x197F, 0x3A7F, 0x6BBF, 0xA57F,
  0xDF1F, 0xFFFF, 0xFFFF, 0xFFFF, 0xFFDF, 0xFFDF, 0xFFFF, 0xFFFF, 0xFFFF, 0xCE7F, 0x845F, 0x3A5F, 0x091F, 0x007F,
  0x005F, 0x005F, 0x007F, 0x009F, 0x00BF, 0x00DF, 0x00DF, 0x00DF, 0x00DF, 0x00DF, 0x00DF, 0x00DF, 0x00DF, 0x00DF,
  0x00DF, 0x00DF, 0x00DF, 0x00DF, 0x00DF, 0x00DF, 0x00DF, 0x00DF, 0x00DF, 0x00DF, 0x00DF, 0x00DF, 0x00DF, 0xAD9F,
  0xD6BF, 0xDF1F, 0xF7BF, 0xFFFF, 0xFFFF, 0xFFFF, 0xFFFF, 0xFFDF, 0xFFDF, 0xFFFF, 0xFFFF, 0xFFFF, 0xCE9F, 0x7C3F,
  0x2A1F, 0x00BF, 0x005F, 0x009F, 0x00DF, 0x00FF, 0x00FF, 0x00FF, 0x00FF, 0x00FF, 0x00DF, 0x00DF, 0x00DF, 0x00DF,
  0x00DF, 0x00DF, 0x00DF, 0x00DF, 0x00DF, 0x00DF, 0x00DF, 0x00DF, 0x00DF, 0x00DF, 0x00DF, 0x00DF, 0x00DF, 0x00DF,
  0x00DF, 0x00DF, 0x00DF, 0x00DF, 0x00DF, 0xDF1F, 0xFFFF, 0xFFFF, 0xFFFF, 0xFFDF, 0xFFDF, 0xFFFF, 0xFFFF, 0xFFFF,
  0xFFFF, 0xD6BF, 0x849F, 0x323F, 0x00BF, 0x005F, 0x009F, 0x00DF, 0x00FF, 0x00FF, 0x00DF, 0x00DF, 0x00DF, 0x00DF,
  0x00DF, 0x00DF, 0x00DF, 0x00DF, 0x00DF, 0x00DF, 0x00DF, 0x00DF, 0x00DF, 0x00DF, 0x00DF, 0x00DF, 0x00DF, 0x00DF,
  0x00DF, 0x00DF, 0x00DF, 0x00DF, 0x00DF, 0x00DF, 0x00DF, 0x00DF, 0x00DF, 0x00DF, 0x00DF, 0xE71F, 0xFFFF, 0xFFFF,
  0xFFFF, 0xFFFF, 0xFFFF, 0xEF7F, 0xBE1F, 0x7C3F, 0x323F, 0x00DF, 0x005F, 0x009F, 0x00DF, 0x00FF, 0x00FF, 0x00DF,
  0x00DF, 0x00DF, 0x00DF, 0x00DF, 0x00DF, 0x00DF, 0x00DF, 0x00DF, 0x00DF, 0x00DF, 0x00DF, 0x00DF, 0x00DF, 0x00DF,
  0x00DF, 0x00DF, 0x00DF, 0x00DF, 0x00DF, 0x00DF, 0x00DF, 0x00DF, 0x00DF, 0x00DF, 0x00DF, 0x00DF, 0x00DF, 0x00DF,
  0x00DF, 0x00DF, 0x00DF, 0xA55F, 0xBE1F, 0xA57F, 0x8CBF, 0x63BF, 0x3A7F, 0x115F, 0x009F, 0x005F, 0x009F, 0x00DF,
  0x00FF, 0x00FF, 0x00DF, 0x00DF, 0x00DF, 0x00DF, 0x00DF, 0x00DF, 0x00DF, 0x00DF, 0x00DF, 0x00DF, 0x00DF, 0x00DF,
  0x00DF, 0x00DF, 0x00DF, 0x00DF, 0x00DF, 0x00DF, 0x00DF, 0x00DF, 0x00DF, 0x00DF, 0x00DF, 0x00DF, 0x00DF, 0x00DF,
  0x00DF, 0x00DF, 0x00DF, 0x00DF, 0x00DF, 0x00DF, 0x00DF, 0x00DF, 0x00DF, 0x009F, 0x007F, 0x007F, 0x005F, 0x005F,
  0x007F, 0x00BF, 0x00FF, 0x00FF, 0x00FF, 0x00DF, 0x00DF, 0x00DF, 0x00DF, 0x00DF, 0x00DF, 0x00DF, 0x00DF, 0x00DF,
  0x00DF, 0x00DF, 0x00DF, 0x00DF, 0x00DF, 0x00DF, 0x00DF, 0x00DF, 0x00DF, 0x00DF, 0x00DF, 0x00DF, 0x00DF, 0x00DF,
  0x00DF, 0x00DF, 0x00DF, 0x00DF, 0x00DF, 0x00DF, 0x00DF, 0x00DF, 0x00DF, 0x00DF, 0x00DF, 0x00DF, 0x00DF, 0x00DF,
  0x00DF, 0x00FF, 0x00FF, 0x00FF, 0x00FF, 0x00FF, 0x00FF, 0x00DF, 0x00DF, 0x00DF, 0x00DF, 0x00DF, 0x00DF, 0x00DF,
  0x00DF, 0x00DF, 0x00DF, 0x00DF, 0x00DF, 0x00DF, 0x00DF, 0x00DF, 0x00DF, 0x00DF, 0x00DF, 0x00DF, 0x00DF, 0x00DF,
  0x00DF, 0x00DF, 0x00DF, 0x00DF, 0x00DF, 0x00DF, 0x00DF, 0x00DF, 0x00DF, 0x00DF, 0x00DF, 0x00DF, 0x00DF, 0x00DF,
  0x00DF, 0x00DF, 0x00DF, 0x00DF, 0x00DF, 0x00DF, 0x00DF, 0x00DF, 0x00DF, 0x00DF, 0x00DF, 0x00DF, 0x00DF, 0x00DF,
  0x00DF, 0x00DF, 0x00DF, 0x00DF, 0x00DF, 0x00DF, 0x00DF, 0x00DF, 0x00DF, 0x00DF, 0x00DF, 0x00DF, 0x00DF, 0x00DF,
  0x00DF, 0x00DF, 0x00DF, 0x00DF, 0x00DF, 0x00DF, 0x00DF, 0x00DF, 0x00DF, 0x00DF, 0x00DF, 0x00DF, 0x00DF, 0x00DF,
  0x00DF, 0x00DF, 0x00DF, 0x00DF, 0x00DF, 0x00DF, 0x00DF, 0x00DF, 0x00DF, 0x00DF, 0x00DF, 0x00DF, 0x00DF, 0x00DF,
  0x00DF, 0x00DF, 0x00DF, 0x00DF, 0x00DF, 0x00DF, 0x00DF, 0x00DF, 0x00DF, 0x00DF, 0x00DF, 0x00B9, 0x00B9, 0x00DF,
  0x00DF, 0x00DF, 0x00DF, 0x00DF, 0x00DF, 0x00DF, 0x00DF, 0x00DF, 0x00DF, 0x00DF, 0x00DF, 0x00DF, 0x00DF, 0x00DF,
  0x00DF, 0x00DF, 0x00DF, 0x00DF, 0x00DF, 0x00DF, 0x00DF, 0x00DF, 0x00DF, 0x00DF, 0x00DF, 0x00DF, 0x00DF, 0x00DF,
  0x00DF, 0x00DF, 0x00DF, 0x00DF, 0x00DF, 0x00DF, 0x00DF, 0x00DF, 0x00DF, 0x00DF, 0x00DF, 0x00DF, 0x00DF, 0x00DF,
  0x00DF, 0x00DF, 0x00BA, 0x006F, 0x006F, 0x00BA, 0x00DF, 0x00DF, 0x00DF, 0x00DF, 0x00DF, 0x00DF, 0x00DF, 0x00DF,
  0x00DF, 0x00DF, 0x00DF, 0x00DF, 0x00DF, 0x00DF, 0x00DF, 0x00DF, 0x00DF, 0x00DF, 0x00DF, 0x00DF, 0x00DF, 0x00DF,
  0x00DF, 0x00DF, 0x00DF, 0x00DF, 0x00DF, 0x00DF, 0x00DF, 0x00DF, 0x00DF, 0x00DF, 0x00DF, 0x00DF, 0x00DF, 0x00DF,
  0x00DF, 0x00DF, 0x00DF, 0x00DF, 0x00DF, 0x00DF, 0x00DF, 0x00BA, 0x006F, 0x0070, 0x0070, 0x006F, 0x00BA, 0x00DF,
  0x00DF, 0x00DF, 0x00DF, 0x00DF, 0x00DF, 0x00DF, 0x00DF, 0x00DF, 0x00DF, 0x00DF, 0x00DF, 0x00DF, 0x00DF, 0x00DF,
  0x00DF, 0x00DF, 0x00DF, 0x00DF, 0x00DF, 0x00DF, 0x00DF, 0x00DF, 0x00DF, 0x00DF, 0x00DF, 0x00DF, 0x00DF, 0x00DF,
  0x00DF, 0x00DF, 0x00DF, 0x00DF, 0x00DF, 0x00DF, 0x00DF, 0x00DF, 0x00DF, 0x00DF, 0x00DF, 0x00DF, 0x00BA, 0x006F,
  0x006F, 0x0070, 0x0070, 0x006F, 0x006F, 0x00BA, 0x00DF, 0x00DF, 0x00DF, 0x00DF, 0x00DF, 0x00DF, 0x00DF, 0x00DF,
  0x00DF, 0x00DF, 0x00DF, 0x00DF, 0x00DF, 0x00DF, 0x00DF, 0x00DF, 0x00DF, 0x00DF, 0x00DF, 0x00DF, 0x00DF, 0x00DF,
  0x00DF, 0x00DF, 0x00DF, 0x00DF, 0x00DF, 0x00DF, 0x00DF, 0x00DF, 0x00DF, 0x00DF, 0x00DF, 0x00DF, 0x00DF, 0x00DF,
  0x00DF, 0x00DF, 0x00DF, 0x00BA, 0x006F, 0x006F, 0x0070, 0x0070, 0x0070, 0x0070, 0x006F, 0x006F, 0x00BA, 0x00DF,
  0x00DF, 0x00DF, 0x00DF, 0x00DF, 0x00DF, 0x00DF, 0x00DF, 0x00DF, 0x00DF, 0x00DF, 0x00DF, 0x00DF, 0x00DF, 0x00DF,
  0x00DF, 0x00DF, 0x00DF, 0x00DF, 0x00DF, 0x00DF, 0x00DF, 0x00DF, 0x00DF, 0x00DF, 0x00DF, 0x00DF, 0x00DF, 0x00DF,
  0x00DF, 0x00DF, 0x00DF, 0x00DF, 0x00DF, 0x00DF, 0x00DF, 0x00DF, 0x00BA, 0x006F, 0x0070, 0x0070, 0x0070, 0x0070,
  0x0070, 0x0070, 0x0070, 0x0070, 0x006F, 0x00BA, 0x00DF, 0x00DF, 0x00DF, 0x00DF, 0x00DF, 0x00DF, 0x00DF, 0x00DF,
  0x00DF, 0x00DF, 0x00DF, 0x00DF, 0x00DF, 0x00DF, 0x00DF, 0x00DF, 0x00DF, 0x00DF, 0x00DF, 0x00DF, 0x00DF, 0x00DF,
  0x00DF, 0x00DF, 0x00DF, 0x00DF, 0x00DF, 0x00DF, 0x00DF, 0x00DF, 0x00DF, 0x00DF, 0x00DF, 0x00DF, 0x00DF, 0x00BA,
  0x006F, 0x006F, 0x0070, 0x0070, 0x0070, 0x0070, 0x0070, 0x0070, 0x0070, 0x0070, 0x006F, 0x006F, 0x00BA, 0x00DF,
  0x00DF, 0x00DF, 0x00DF, 0x00DF, 0x00DF, 0x00DF, 0x00DF, 0x00DF, 0x00DF, 0x00DF, 0x00DF, 0x00DF, 0x00DF, 0x00DF,
  0x00DF, 0x00DF, 0x00DF, 0x00DF, 0x00DF, 0x00DF, 0x00DF, 0x00DF, 0x00DF, 0x00DF, 0x00DF, 0x00DF, 0x00DF, 0x00DF,
  0x00DF, 0x00DF, 0x00DF, 0x00DF, 0x00BA, 0x006F, 0x006F, 0x0070, 0x0070, 0x0070, 0x0070, 0x0070, 0x0070, 0x0070,
  0x0070, 0x0070, 0x0070, 0x006F, 0x006F, 0x00BA, 0x00DF, 0x00DF, 0x00DF, 0x00DF, 0x00DF, 0x00DF, 0x00DF, 0x00DF,
  0x00DF, 0x00DF, 0x00DF, 0x00DF, 0x00DF, 0x00DF, 0x00DF, 0x00DF,
};

const uint16_t logo_tslax[2304] PROGMEM = {
  0xE804, 0xE804, 0xE804, 0xE804, 0xE804, 0xE804, 0xE804, 0xE804, 0xE804, 0xE804, 0xE804, 0xE804, 0xE804, 0xE804,
  0xE804, 0xF005, 0xC804, 0x7002, 0x7002, 0x7802, 0x7802, 0x7802, 0x7802, 0x7802, 0x7802, 0x7802, 0x7802, 0x7802,
  0x7802, 0x7002, 0x7002, 0xC804, 0xF005, 0xE804, 0xE804, 0xE804, 0xE804, 0xE804, 0xE804, 0xE804, 0xE804, 0xE804,
  0xE804, 0xE804, 0xE804, 0xE804, 0xE804, 0xE804, 0xE804, 0xE804, 0xE804, 0xE804, 0xE804, 0xE804, 0xE804, 0xE804,
  0xE804, 0xE804, 0xE804, 0xE804, 0xE804, 0xE804, 0xE804, 0xE804, 0xF005, 0xC004, 0x7002, 0x7002, 0x7802, 0x7802,
  0x7802, 0x7802, 0x7802, 0x7802, 0x7802, 0x7802, 0x7002, 0x7002, 0xC004, 0xF005, 0xE804, 0xE804, 0xE804, 0xE804,
  0xE804, 0xE804, 0xE804, 0xE804, 0xE804, 0xE804, 0xE804, 0xE804, 0xE804, 0xE804, 0xE804, 0xE804, 0xE804, 0xE804,
  0xE804, 0xE804, 0xE804, 0xE804, 0xE804, 0xE804, 0xE804, 0xE804, 0xE804, 0xE804, 0xE804, 0xE804, 0xE804, 0xE804,
  0xE804, 0xF805, 0xC004, 0x7002, 0x7802, 0x7802, 0x7802, 0x7802, 0x7802, 0x7802, 0x7802, 0x7802, 0x7002, 0xC004,
  0xF805, 0xE804, 0xE804, 0xE804, 0xE804, 0xE804, 0xE804, 0xE804, 0xE804, 0xE804, 0xE804, 0xE804, 0xE804, 0xE804,
  0xE804, 0xE804, 0xE804, 0xE804, 0xE804, 0xE804, 0xE804, 0xE804, 0xE804, 0xE804, 0xE804, 0xE804, 0xE804, 0xE804,
  0xE804, 0xE804, 0xE804, 0xE804, 0xE804, 0xE804, 0xE804, 0xE804, 0xF805, 0xC004, 0x7002, 0x7802, 0x7802, 0x7802,
  0x7802, 0x7802, 0x7802, 0x7002, 0xC004, 0xF805, 0xE804, 0xE804, 0xE804, 0xE804, 0xE804, 0xE804, 0xE804, 0xE804,
  0xE804, 0xE804, 0xE804, 0xE804, 0xE804, 0xE804, 0xE804, 0xE804, 0xE804, 0xE804, 0xE804, 0xE804, 0xE804, 0xE804,
  0xE804, 0xE804, 0xE804, 0xE804, 0xE804, 0xE804, 0xE804, 0xE804, 0xE804, 0xE804, 0xE804, 0xE804, 0xE804, 0xE804,
  0xE804, 0xF805, 0xC004, 0x7002, 0x7002, 0x7802, 0x7802, 0x7002, 0x7002, 0xC004, 0xF805, 0xE804, 0xE804, 0xE804,
  0xE804, 0xE804, 0xE804, 0xE804, 0xE804, 0xE804, 0xE804, 0xE804, 0xE804, 0xE804, 0xE804, 0xE804, 0xE804, 0xE804,
  0xE804, 0xE804, 0xE804, 0xE804, 0xE804, 0xE804, 0xE804, 0xE804, 0xE804, 0xE804, 0xE804, 0xE804, 0xE804, 0xE804,
  0xE804, 0xE804, 0xE804, 0xE804, 0xE804, 0xE804, 0xE804, 0xE804, 0xF805, 0xC004, 0x7002, 0x7802, 0x7802, 0x7002,
  0xC004, 0xF805, 0xE804, 0xE804, 0xE804, 0xE804, 0xE804, 0xE804, 0xE804, 0xE804, 0xE804, 0xE804, 0xE804, 0xE804,
  0xE804, 0xE804, 0xE804, 0xE804, 0xE804, 0xE804, 0xE804, 0xE804, 0xE804, 0xE804, 0xE804, 0xE804, 0xE804, 0xE804,
  0xE804, 0xE804, 0xE804, 0xE804, 0xE804, 0xE804, 0xE804, 0xE804, 0xE804, 0xE804, 0xE804, 0xE804, 0xE804, 0xE804,
  0xE804, 0xF805, 0xC004, 0x7002, 0x7002, 0xC004, 0xF805, 0xE804, 0xE804, 0xE804, 0xE804, 0xE804, 0xE804, 0xE804,
  0xE804, 0xE804, 0xE804, 0xE804, 0xE804, 0xE804, 0xE804, 0xE804, 0xE804, 0xE804, 0xE804, 0xE804, 0xE804, 0xE804,
  0xE804, 0xE804, 0xE804, 0xE804, 0xE804, 0xE804, 0xE804, 0xE804, 0xE804, 0xE804, 0xE804, 0xE804, 0xE804, 0xE804,
  0xE804, 0xE804, 0xE804, 0xE804, 0xE804, 0xE804, 0xE804, 0xE804, 0xF805, 0xC003, 0xC003, 0xF805, 0xE804, 0xE804,
  0xE804, 0xE804, 0xE804, 0xE804, 0xE804, 0xE804, 0xE804, 0xE804, 0xE804, 0xE804, 0xE804, 0xE804, 0xE804, 0xE804,
  0xE804, 0xE804, 0xE804, 0xE804, 0xE804, 0xE804, 0xE804, 0xE804, 0xE804, 0xE804, 0xE804, 0xE804, 0xE804, 0xE804,
  0xE804, 0xE804, 0xE804, 0xE804, 0xE804, 0xE804, 0xE804, 0xE804, 0xE804, 0xE804, 0xE804, 0xE804, 0xE804, 0xE804,
  0xE804, 0xF005, 0xF005, 0xE804, 0xE804, 0xE804, 0xE804, 0xE804, 0xE804, 0xE804, 0xE804, 0xE804, 0xE804, 0xE804,
  0xE804, 0xE804, 0xE804, 0xE804, 0xE804, 0xE804, 0xE804, 0xE804, 0xE804, 0xE804, 0xE804, 0xE804, 0xE804, 0xE804,
  0xE804, 0xE804, 0xE804, 0xE804, 0xE804, 0xE804, 0xE804, 0xE804, 0xE804, 0xE804, 0xE804, 0xE804, 0xE804, 0xE804,
  0xE804, 0xE804, 0xE804, 0xE804, 0xE804, 0xE804, 0xE804, 0xE804, 0xE804, 0xE804, 0xE804, 0xE804, 0xE804, 0xE804,
  0xE804, 0xE804, 0xE804, 0xE804, 0xE804, 0xE804, 0xE804, 0xE804, 0xE804, 0xE804, 0xE804, 0xE804, 0xE804, 0xE804,
  0xE804, 0xE804, 0xE804, 0xE804, 0xE804, 0xE804, 0xE804, 0xE804, 0xE804, 0xE804, 0xE804, 0xE804, 0xE804, 0xE804,
  0xE804, 0xE804, 0xE804, 0xE804, 0xE804, 0xE804, 0xE804, 0xE804, 0xE805, 0xE805, 0xE805, 0xE825, 0xE825, 0xE825,
  0xE825, 0xE825, 0xE825, 0xE805, 0xE805, 0xE805, 0xE804, 0xE804, 0xE804, 0xE804, 0xE804, 0xE804, 0xE804, 0xE804,
  0xE804, 0xE804, 0xE804, 0xE804, 0xE804, 0xE804, 0xE804, 0xE804, 0xE804, 0xE804, 0xE804, 0xE804, 0xE804, 0xE804,
  0xE804, 0xE804, 0xE804, 0xE804, 0xE804, 0xE804, 0xE804, 0xE804, 0xE804, 0xE804, 0xE805, 0xE805, 0xE825, 0xE805,
  0xE804, 0xE804, 0xE803, 0xE803, 0xE802, 0xE802, 0xE802, 0xE802, 0xE803, 0xE803, 0xE804, 0xE804, 0xE805, 0xE825,
  0xE805, 0xE805, 0xE804, 0xE804, 0xE804, 0xE804, 0xE804, 0xE804, 0xE804, 0xE804, 0xE804, 0xE804, 0xE804, 0xE804,
  0xE804, 0xE804, 0xE804, 0xE804, 0xE804, 0xE804, 0xE804, 0xE804, 0xE804, 0xE804, 0xE804, 0xE804, 0xE804, 0xE804,
  0xE805, 0xE805, 0xE804, 0xE803, 0xE802, 0xE803, 0xE825, 0xF108, 0xF1EB, 0xF2AD, 0xF34F, 0xF390, 0xF390, 0xF34F,
  0xF2AD, 0xF1EB, 0xF108, 0xE825, 0xE803, 0xE802, 0xE803, 0xE804, 0xE805, 0xE805, 0xE804, 0xE804, 0xE804, 0xE804,
  0xE804, 0xE804, 0xE804, 0xE804, 0xE804, 0xE804, 0xE804, 0xE804, 0xE804, 0xE804, 0xE804, 0xE804, 0xE804, 0xE804,
  0xE804, 0xE804, 0xE804, 0xE804, 0xE804, 0xE804, 0xE803, 0xE803, 0xF065, 0xF22C, 0xFC93, 0xFE7A, 0xFFBE, 0xFFFF,
  0xFFFF, 0xFFFF, 0xFFFF, 0xFFFF, 0xFFFF, 0xFFFF, 0xFFFF, 0xFFFF, 0xFFFF, 0xFFBE, 0xFE7A, 0xFC73, 0xF22C, 0xF065,
  0xE803, 0xE803, 0xE804, 0xE804, 0xE804, 0xE804, 0xE804, 0xE804, 0xE804, 0xE804, 0xE804, 0xE804, 0xE804, 0xE804,
  0xE804, 0xE804, 0xE804, 0xE804, 0xE804, 0xE804, 0xE804, 0xE804, 0xE804, 0xE804, 0xE804, 0xE804, 0xF26C, 0xFD77,
  0xFFDF, 0xFFFF, 0xFF3D, 0xFD77, 0xF3F1, 0xF2EE, 0xF28D, 0xF1AA, 0xF086, 0xF086, 0xF086, 0xF086, 0xF1AA, 0xF28D,
  0xF2EE, 0xF3F1, 0xFD77, 0xFF3D, 0xFFFF, 0xFFDF, 0xFD76, 0xF26C, 0xE804, 0xE804, 0xE804, 0xE804, 0xE804, 0xE804,
  0xE804, 0xE804, 0xE804, 0xE804, 0xE804, 0xE804, 0xF005, 0xE804, 0xE804, 0xE804, 0xE804, 0xE804, 0xE804, 0xE804,
  0xE804, 0xE804, 0xE805, 0xE803, 0xFE39, 0xFF5D, 0xF432, 0xF2AD, 0xF2CD, 0xF3D1, 0xFD36, 0xFE5A, 0xFF3D, 0xFEBB,
  0xF0C7, 0xE803, 0xE803, 0xF0C7, 0xFEDB, 0xFF3D, 0xFE5A, 0xFD36, 0xF3D1, 0xF2CD, 0xF2AD, 0xF432, 0xFF5D, 0xFE39,
  0xE803, 0xE805, 0xE804, 0xE804, 0xE804, 0xE804, 0xE804, 0xE804, 0xE804, 0xE804, 0xE804, 0xF005, 0xC804, 0xF005,
  0xE804, 0xE804, 0xE804, 0xE804, 0xE804, 0xE804, 0xE804, 0xE804, 0xE805, 0xE804, 0xF0A6, 0xF2EE, 0xFCB4, 0xFEFC,
  0xFFFF, 0xFFFF, 0xFFFF, 0xFFFF, 0xFFFF, 0xFFFF, 0xFE7A, 0xE824, 0xE824, 0xFE7A, 0xFFFF, 0xFFFF, 0xFFFF, 0xFFFF,
  0xFFFF, 0xFFFF, 0xFEFC, 0xFCB3, 0xF2CE, 0xF0A6, 0xE804, 0xE805, 0xE804, 0xE804, 0xE804, 0xE804, 0xE804, 0xE804,
  0xE804, 0xE804, 0xF005, 0xC804, 0x7002, 0xC004, 0xF805, 0xE804, 0xE804, 0xE804, 0xE804, 0xE804, 0xE804, 0xE804,
  0xE804, 0xE805, 0xE803, 0xF3F2, 0xFFFF, 0xFFFF, 0xFFFF, 0xFEBB, 0xFD36, 0xFC93, 0xFDD8, 0xFFDF, 0xFFFF, 0xFCF5,
  0xFCF5, 0xFFFF, 0xFFFF, 0xFDB8, 0xFCB3, 0xFD56, 0xFEBB, 0xFFFF, 0xFFFF, 0xFFFF, 0xF3F2, 0xE803, 0xE805, 0xE804,
  0xE804, 0xE804, 0xE804, 0xE804, 0xE804, 0xE804, 0xE804, 0xF805, 0xC004, 0x7002, 0x7002, 0x7002, 0xC004, 0xF805,
  0xE804, 0xE804, 0xE804, 0xE804, 0xE804, 0xE804, 0xE804, 0xE804, 0xE805, 0xE803, 0xF2CD, 0xFF5D, 0xFD15, 0xE823,
  0xE803, 0xE801, 0xF189, 0xFFFF, 0xFFFF, 0xFFFF, 0xFFFF, 0xFFFF, 0xFFFF, 0xF169, 0xE801, 0xE803, 0xE823, 0xFD15,
  0xFF5D, 0xF2CD, 0xE803, 0xE805, 0xE804, 0xE804, 0xE804, 0xE804, 0xE804, 0xE804, 0xE804, 0xE804, 0xF805, 0xC004,
  0x7002, 0x7002, 0x7802, 0x7002, 0x7002, 0xC004, 0xF805, 0xE804, 0xE804, 0xE804, 0xE804, 0xE804, 0xE804, 0xE804,
  0xE804, 0xE805, 0xE803, 0xF0C7, 0xF086, 0xE804, 0xE825, 0xE824, 0xF0C7, 0xFF9E, 0xFFFF, 0xFFFF, 0xFFFF, 0xFFFF,
  0xFF9E, 0xF0A7, 0xE824, 0xE825, 0xE804, 0xF0A6, 0xF0C7, 0xE803, 0xE805, 0xE804, 0xE804, 0xE804, 0xE804, 0xE804,
  0xE804, 0xE804, 0xE804, 0xF805, 0xC004, 0x7002, 0x7002, 0x7802, 0x7802, 0x7802, 0x7802, 0x7002, 0xC004, 0xF805,
  0xE804, 0xE804, 0xE804, 0xE804, 0xE804, 0xE804, 0xE804, 0xE804, 0xE805, 0xE804, 0xE804, 0xE805, 0xE804, 0xE804,
  0xE804, 0xFEBB, 0xFFFF, 0xFFFF, 0xFFFF, 0xFFFF, 0xFE7A, 0xE804, 0xE804, 0xE804, 0xE805, 0xE804, 0xE804, 0xE805,
  0xE804, 0xE804, 0xE804, 0xE804, 0xE804, 0xE804, 0xE804, 0xE804, 0xF805, 0xC004, 0x7002, 0x7802, 0x7802, 0x7802,
  0x7802, 0x7802, 0x7802, 0x7802, 0x7002, 0xC004, 0xF805, 0xE804, 0xE804, 0xE804, 0xE804, 0xE804, 0xE804, 0xE804,
  0xE804, 0xE805, 0xE805, 0xE804, 0xE804, 0xE805, 0xE803, 0xFD77, 0xFFFF, 0xFFDF, 0xFFDF, 0xFFFF, 0xFD36, 0xE803,
  0xE805, 0xE804, 0xE804, 0xE805, 0xE805, 0xE804, 0xE804, 0xE804, 0xE804, 0xE804, 0xE804, 0xE804, 0xE804, 0xF805,
  0xC004, 0x7002, 0x7802, 0x7802, 0x7802, 0x7802, 0x7802, 0x7802, 0x7802, 0x7802, 0x7002, 0x7002, 0xC004, 0xF805,
  0xE804, 0xE804, 0xE804, 0xE804, 0xE804, 0xE804, 0xE804, 0xE804, 0xE804, 0xE804, 0xE804, 0xE825, 0xE802, 0xF3F2,
  0xFFFF, 0xFFDF, 0xFFDF, 0xFFFF, 0xF3D1, 0xE802, 0xE825, 0xE804, 0xE804, 0xE804, 0xE804, 0xE804, 0xE804, 0xE804,
  0xE804, 0xE804, 0xE804, 0xE804, 0xF805, 0xC004, 0x7002, 0x7002, 0x7802, 0x7802, 0x7802, 0x7802, 0x7802, 0x7802,
  0x7802, 0x7802, 0x7802, 0x7802, 0x7002, 0xC003, 0xF005, 0xE804, 0xE804, 0xE804, 0xE804, 0xE804, 0xE804, 0xE804,
  0xE804, 0xE804, 0xE804, 0xE825, 0xE803, 0xF28D, 0xFFFF, 0xFFFF, 0xFFFF, 0xFFFF, 0xF26D, 0xE803, 0xE805, 0xE804,
  0xE804, 0xE804, 0xE804, 0xE804, 0xE804, 0xE804, 0xE804, 0xE804, 0xE804, 0xF005, 0xC003, 0x7002, 0x7802, 0x7802,
  0x7802, 0x7802, 0x7802, 0x7802, 0x7802, 0x7802, 0x7802, 0x7802, 0x7802, 0x7802, 0x7002, 0xC003, 0xF005, 0xE804,
  0xE804, 0xE804, 0xE804, 0xE804, 0xE804, 0xE804, 0xE804, 0xE804, 0xE804, 0xE805, 0xE803, 0xF149, 0xFFFF, 0xFFFF,
  0xFFFF, 0xFFFF, 0xF149, 0xE804, 0xE805, 0xE804, 0xE804, 0xE804, 0xE804, 0xE804, 0xE804, 0xE804, 0xE804, 0xE804,
  0xE804, 0xF005, 0xC003, 0x7002, 0x7802, 0x7802, 0x7802, 0x7802, 0x7802, 0x7802, 0x7802, 0x7802, 0x7802, 0x7802,
  0x7002, 0x7002, 0xC004, 0xF805, 0xE804, 0xE804, 0xE804, 0xE804, 0xE804, 0xE804, 0xE804, 0xE804, 0xE804, 0xE804,
  0xE804, 0xE805, 0xE804, 0xF066, 0xFF3D, 0xFFFF, 0xFFFF, 0xFF3D, 0xF045, 0xE804, 0xE805, 0xE804, 0xE804, 0xE804,
  0xE804, 0xE804, 0xE804, 0xE804, 0xE804, 0xE804, 0xE804, 0xE804, 0xF805, 0xC004, 0x7002, 0x7002, 0x7802, 0x7802,
  0x7802, 0x7802, 0x7802, 0x7802, 0x7802, 0x7802, 0x7002, 0xC004, 0xF805, 0xE804, 0xE804, 0xE804, 0xE804, 0xE804,
  0xE804, 0xE804, 0xE804, 0xE804, 0xE804, 0xE804, 0xE804, 0xE804, 0xE805, 0xE804, 0xFE39, 0xFFFF, 0xFFFF, 0xFE19,
  0xE803, 0xE805, 0xE804, 0xE804, 0xE804, 0xE804, 0xE804, 0xE804, 0xE804, 0xE804, 0xE804, 0xE804, 0xE804, 0xE804,
  0xE804, 0xF805, 0xC004, 0x7002, 0x7802, 0x7802, 0x7802, 0x7802, 0x7802, 0x7802, 0x7802, 0x7002, 0xC004, 0xF805,
  0xE804, 0xE804, 0xE804, 0xE804, 0xE804, 0xE804, 0xE804, 0xE804, 0xE804, 0xE804, 0xE804, 0xE804, 0xE804, 0xE804,
  0xE825, 0xE803, 0xFCD5, 0xFFFF, 0xFFFF, 0xFCB4, 0xE803, 0xE825, 0xE804, 0xE804, 0xE804, 0xE804, 0xE804, 0xE804,
  0xE804, 0xE804, 0xE804, 0xE804, 0xE804, 0xE804, 0xE804, 0xE804, 0xF805, 0xC004, 0x7002, 0x7802, 0x7802, 0x7802,
  0x7802, 0x7002, 0x7002, 0xC004, 0xF805, 0xE804, 0xE804, 0xE804, 0xE804, 0xE804, 0xE804, 0xE804, 0xE804, 0xE804,
  0xE804, 0xE804, 0xE804, 0xE804, 0xE804, 0xE804, 0xE825, 0xE803, 0xF370, 0xFFFF, 0xFFFF, 0xF34F, 0xE803, 0xE825,
  0xE804, 0xE804, 0xE804, 0xE804, 0xE804, 0xE804, 0xE804, 0xE804, 0xE804, 0xE804, 0xE804, 0xE804, 0xE804, 0xE804,
  0xE804, 0xF805, 0xC004, 0x7002, 0x7002, 0x7802, 0x7002, 0x7002, 0xC004, 0xF805, 0xE804, 0xE804, 0xE804, 0xE804,
  0xE804, 0xE804, 0xE804, 0xE804, 0xE804, 0xE804, 0xE804, 0xE804, 0xE804, 0xE804, 0xE804, 0xE804, 0xE805, 0xE803,
  0xF20B, 0xFFFF, 0xFFFF, 0xF1EB, 0xE803, 0xE805, 0xE804, 0xE804, 0xE804, 0xE804, 0xE804, 0xE804, 0xE804, 0xE804,
  0xE804, 0xE804, 0xE804, 0xE804, 0xE804, 0xE804, 0xE804, 0xE804, 0xF805, 0xC004, 0x7002, 0x7002, 0x7002, 0xC004,
  0xF805, 0xE804, 0xE804, 0xE804, 0xE804, 0xE804, 0xE804, 0xE804, 0xE804, 0xE804, 0xE804, 0xE804, 0xE804, 0xE804,
  0xE804, 0xE804, 0xE804, 0xE804, 0xE805, 0xE804, 0xF0C7, 0xFFDF, 0xFFDF, 0xF0C7, 0xE804, 0xE805, 0xE804, 0xE804,
  0xE804, 0xE804, 0xE804, 0xE804, 0xE804, 0xE804, 0xE804, 0xE804, 0xE804, 0xE804, 0xE804, 0xE804, 0xE804, 0xE804,
  0xE804, 0xF805, 0xC004, 0x7002, 0xC804, 0xF005, 0xE804, 0xE804, 0xE804, 0xE804, 0xE804, 0xE804, 0xE804, 0xE804,
  0xE804, 0xE804, 0xE804, 0xE804, 0xE804, 0xE804, 0xE804, 0xE804, 0xE804, 0xE804, 0xE804, 0xE804, 0xE804, 0xFF1C,
  0xFF1C, 0xE804, 0xE804, 0xE804, 0xE804, 0xE804, 0xE804, 0xE804, 0xE804, 0xE804, 0xE804, 0xE804, 0xE804, 0xE804,
  0xE804, 0xE804, 0xE804, 0xE804, 0xE804, 0xE804, 0xE804, 0xE804, 0xF005, 0xC804, 0xF005, 0xE804, 0xE804, 0xE804,
  0xE804, 0xE804, 0xE804, 0xE804, 0xE804, 0xE804, 0xE804, 0xE804, 0xE804, 0xE804, 0xE804, 0xE804, 0xE804, 0xE804,
  0xE804, 0xE804, 0xE804, 0xE805, 0xE803, 0xFE19, 0xFE19, 0xE803, 0xE805, 0xE804, 0xE804, 0xE804, 0xE804, 0xE804,
  0xE804, 0xE804, 0xE804, 0xE804, 0xE804, 0xE804, 0xE804, 0xE804, 0xE804, 0xE804, 0xE804, 0xE804, 0xE804, 0xE804,
  0xE804, 0xF005, 0xE804, 0xE804, 0xE804, 0xE804, 0xE804, 0xE804, 0xE804, 0xE804, 0xE804, 0xE804, 0xE804, 0xE804,
  0xE804, 0xE804, 0xE804, 0xE804, 0xE804, 0xE804, 0xE804, 0xE804, 0xE804, 0xE825, 0xE802, 0xFCD4, 0xFCD4, 0xE802,
  0xE825, 0xE804, 0xE804, 0xE804, 0xE804, 0xE804, 0xE804, 0xE804, 0xE804, 0xE804, 0xE804, 0xE804, 0xE804, 0xE804,
  0xE804, 0xE804, 0xE804, 0xE804, 0xE804, 0xE804, 0xE804, 0xE804, 0xE804, 0xE804, 0xE804, 0xE804, 0xE804, 0xE804,
  0xE804, 0xE804, 0xE804, 0xE804, 0xE804, 0xE804, 0xE804, 0xE804, 0xE804, 0xE804, 0xE804, 0xE804, 0xE804, 0xE804,
  0xE804, 0xE825, 0xE802, 0xF34F, 0xF34F, 0xE802, 0xE825, 0xE804, 0xE804, 0xE804, 0xE804, 0xE804, 0xE804, 0xE804,
  0xE804, 0xE804, 0xE804, 0xE804, 0xE804, 0xE804, 0xE804, 0xE804, 0xE804, 0xE804, 0xE804, 0xE804, 0xE804, 0xE804,
  0xE804, 0xE804, 0xE804, 0xE804, 0xE804, 0xE804, 0xE804, 0xE804, 0xE804, 0xE804, 0xE804, 0xE804, 0xE804, 0xE804,
  0xE804, 0xE804, 0xE804, 0xE804, 0xE804, 0xE804, 0xE804, 0xE805, 0xE803, 0xF18A, 0xF18A, 0xE803, 0xE805, 0xE804,
  0xE804, 0xE804, 0xE804, 0xE804, 0xE804, 0xE804, 0xE804, 0xE804, 0xE804, 0xE804, 0xE804, 0xE804, 0xE804, 0xE804,
  0xE804, 0xE804, 0xE804, 0xE804, 0xE804, 0xE804, 0xE804, 0xE804, 0xE804, 0xE804, 0xE804, 0xE804, 0xE804, 0xE804,
  0xE804, 0xE804, 0xE804, 0xE804, 0xE804, 0xE804, 0xE804, 0xE804, 0xE804, 0xE804, 0xE804, 0xE804, 0xE804, 0xE804,
  0xE804, 0xE825, 0xE825, 0xE804, 0xE804, 0xE804, 0xE804, 0xE804, 0xE804, 0xE804, 0xE804, 0xE804, 0xE804, 0xE804,
  0xE804, 0xE804, 0xE804, 0xE804, 0xE804, 0xE804, 0xE804, 0xE804, 0xE804, 0xE804, 0xE804, 0xE804, 0xE804, 0xE804,
  0xE804, 0xE804, 0xE804, 0xE804, 0xE804, 0xE804, 0xE804, 0xE804, 0xE804, 0xE804, 0xE804, 0xE804, 0xE804, 0xE804,
  0xE804, 0xE804, 0xE804, 0xE804, 0xE804, 0xE804, 0xE804, 0xE804, 0xE804, 0xE804, 0xE804, 0xE804, 0xE804, 0xE804,
  0xE804, 0xE804, 0xE804, 0xE804, 0xE804, 0xE804, 0xE804, 0xE804, 0xE804, 0xE804, 0xE804, 0xE804, 0xE804, 0xE804,
  0xE804, 0xE804, 0xE804, 0xE804, 0xE804, 0xE804, 0xE804, 0xE804, 0xE804, 0xE804, 0xE804, 0xE804, 0xE804, 0xE804,
  0xE804, 0xE804, 0xE804, 0xE804, 0xE804, 0xE804, 0xE804, 0xE804, 0xE804, 0xE804, 0xE804, 0xE804, 0xE804, 0xE804,
  0xE804, 0xE804, 0xE804, 0xE804, 0xE804, 0xE804, 0xE804, 0xE804, 0xE804, 0xE804, 0xE804, 0xE804, 0xE804, 0xE804,
  0xE804, 0xE804, 0xE804, 0xE804, 0xE804, 0xE804, 0xE804, 0xE804, 0xE804, 0xE804, 0xE804, 0xE804, 0xE804, 0xE804,
  0xE804, 0xE804, 0xE804, 0xE804, 0xE804, 0xE804, 0xE804, 0xE804, 0xE804, 0xE804, 0xE804, 0xE804, 0xE804, 0xE804,
  0xE804, 0xE804, 0xE804, 0xE804, 0xE804, 0xF005, 0xF005, 0xE804, 0xE804, 0xE804, 0xE804, 0xE804, 0xE804, 0xE804,
  0xE804, 0xE804, 0xE804, 0xE804, 0xE804, 0xE804, 0xE804, 0xE804, 0xE804, 0xE804, 0xE804, 0xE804, 0xE804, 0xE804,
  0xE804, 0xE804, 0xE804, 0xE804, 0xE804, 0xE804, 0xE804, 0xE804, 0xE804, 0xE804, 0xE804, 0xE804, 0xE804, 0xE804,
  0xE804, 0xE804, 0xE804, 0xE804, 0xE804, 0xE804, 0xE804, 0xE804, 0xE804, 0xE804, 0xF805, 0xC003, 0xC003, 0xF805,
  0xE804, 0xE804, 0xE804, 0xE804, 0xE804, 0xE804, 0xE804, 0xE804, 0xE804, 0xE804, 0xE804, 0xE804, 0xE804, 0xE804,
  0xE804, 0xE804, 0xE804, 0xE804, 0xE804, 0xE804, 0xE804, 0xE804, 0xE804, 0xE804, 0xE804, 0xE804, 0xE804, 0xE804,
  0xE804, 0xE804, 0xE804, 0xE804, 0xE804, 0xE804, 0xE804, 0xE804, 0xE804, 0xE804, 0xE804, 0xE804, 0xE804, 0xE804,
  0xE804, 0xF805, 0xC004, 0x7002, 0x7002, 0xC004, 0xF805, 0xE804, 0xE804, 0xE804, 0xE804, 0xE804, 0xE804, 0xE804,
  0xE804, 0xE804, 0xE804, 0xE804, 0xE804, 0xE804, 0xE804, 0xE804, 0xE804, 0xE804, 0xE804, 0xE804, 0xE804, 0xE804,
  0xE804, 0xE804, 0xE804, 0xE804, 0xE804, 0xE804, 0xE804, 0xE804, 0xE804, 0xE804, 0xE804, 0xE804, 0xE804, 0xE804,
  0xE804, 0xE804, 0xE804, 0xE804, 0xE804, 0xE804, 0xF805, 0xC004, 0x7002, 0x7802, 0x7802, 0x7002, 0xC004, 0xF805,
  0xE804, 0xE804, 0xE804, 0xE804, 0xE804, 0xE804, 0xE804, 0xE804, 0xE804, 0xE804, 0xE804, 0xE804, 0xE804, 0xE804,
  0xE804, 0xE804, 0xE804, 0xE804, 0xE804, 0xE804, 0xE804, 0xE804, 0xE804, 0xE804, 0xE804, 0xE804, 0xE804, 0xE804,
  0xE804, 0xE804, 0xE804, 0xE804, 0xE804, 0xE804, 0xE804, 0xE804, 0xE804, 0xE804, 0xE804, 0xF805, 0xC004, 0x7002,
  0x7002, 0x7802, 0x7802, 0x7002, 0x7002, 0xC004, 0xF805, 0xE804, 0xE804, 0xE804, 0xE804, 0xE804, 0xE804, 0xE804,
  0xE804, 0xE804, 0xE804, 0xE804, 0xE804, 0xE804, 0xE804, 0xE804, 0xE804, 0xE804, 0xE804, 0xE804, 0xE804, 0xE804,
  0xE804, 0xE804, 0xE804, 0xE804, 0xE804, 0xE804, 0xE804, 0xE804, 0xE804, 0xE804, 0xE804, 0xE804, 0xE804, 0xE804,
  0xE804, 0xE804, 0xF805, 0xC004, 0x7002, 0x7802, 0x7802, 0x7802, 0x7802, 0x7802, 0x7802, 0x7002, 0xC004, 0xF805,
  0xE804, 0xE804, 0xE804, 0xE804, 0xE804, 0xE804, 0xE804, 0xE804, 0xE804, 0xE804, 0xE804, 0xE804, 0xE804, 0xE804,
  0xE804, 0xE804, 0xE804, 0xE804, 0xE804, 0xE804, 0xE804, 0xE804, 0xE804, 0xE804, 0xE804, 0xE804, 0xE804, 0xE804,
  0xE804, 0xE804, 0xE804, 0xE804, 0xE804, 0xE804, 0xE804, 0xF805, 0xC004, 0x7002, 0x7802, 0x7802, 0x7802, 0x7802,
  0x7802, 0x7802, 0x7802, 0x7802, 0x7002, 0xC004, 0xF805, 0xE804, 0xE804, 0xE804, 0xE804, 0xE804, 0xE804, 0xE804,
  0xE804, 0xE804, 0xE804, 0xE804, 0xE804, 0xE804, 0xE804, 0xE804, 0xE804, 0xE804, 0xE804, 0xE804, 0xE804, 0xE804,
  0xE804, 0xE804, 0xE804, 0xE804, 0xE804, 0xE804, 0xE804, 0xE804, 0xE804, 0xE804, 0xE804, 0xE804, 0xF005, 0xC004,
  0x7002, 0x7002, 0x7802, 0x7802, 0x7802, 0x7802, 0x7802, 0x7802, 0x7802, 0x7802, 0x7002, 0x7002, 0xC004, 0xF005,
  0xE804, 0xE804, 0xE804, 0xE804, 0xE804, 0xE804, 0xE804, 0xE804, 0xE804, 0xE804, 0xE804, 0xE804, 0xE804, 0xE804,
  0xE804, 0xE804, 0xE804, 0xE804, 0xE804, 0xE804, 0xE804, 0xE804, 0xE804, 0xE804, 0xE804, 0xE804, 0xE804, 0xE804,
  0xE804, 0xE804, 0xE804, 0xF005, 0xC804, 0x7002, 0x7002, 0x7802, 0x7802, 0x7802, 0x7802, 0x7802, 0x7802, 0x7802,
  0x7802, 0x7802, 0x7802, 0x7002, 0x7002, 0xC804, 0xF005, 0xE804, 0xE804, 0xE804, 0xE804, 0xE804, 0xE804, 0xE804,
  0xE804, 0xE804, 0xE804, 0xE804, 0xE804, 0xE804, 0xE804, 0xE804,
};

const TokenLogo TOKEN_LOGOS[] = {
  { "AAPLX", logo_aaplx },
  { "AMZNX", logo_amznx },
  { "COINX", logo_coinx },
  { "CRCLX", logo_crclx },
  { "GOOGLX", logo_googlx },
  { "HOODX", logo_hoodx },
  { "METAX", logo_metax },
  { "MSFTX", logo_msftx },
  { "MSTRX", logo_mstrx },
  { "NFLXX", logo_nflxx },
  { "NVDAX", logo_nvdax },
  { "SPYX", logo_spyx },
  { "TSLAX", logo_tslax },
};
#define TOKEN_LOGO_COUNT 13
